code	name	city	country	country_code	region	lat	lng	popularity	tz	search_terms
AAA	Anaa Airport	Anaa	French Polynesia	PF	oceania	-17.352600	-145.509995	15	Pacific/Tahiti	
AAC	El Arish International Airport	El Arish	Egypt	EG	africa	31.055324	33.827964	35	Africa/Cairo	
AAE	Annaba Rabah Bitat Airport	Annabah	Algeria	DZ	africa	36.826781	7.813340	30	Africa/Algiers	Les Salines Airport | El Mellah Airport | Annaba
AAK	Aranuka Airport	Buariki	Kiribati	KI	oceania	0.185278	173.636993	5	Pacific/Tarawa	Tarawa
AAL	Aalborg Airport	Aalborg	Denmark	DK	europe	57.094763	9.849930	30	Europe/Copenhagen	
AAN	Al Ain International Airport	Al Ain	United Arab Emirates	AE	middle_east	24.261700	55.609200	35	Asia/Dubai	
AAP	Aji Pangeran Tumenggung Pranoto International Airport	Samarinda	Indonesia	ID	asia	-0.374478	117.250128	20	Asia/Makassar	Sungai Siring Airport
AAR	Aarhus Airport	Aarhus	Denmark	DK	europe	56.303331	10.618286	30	Europe/Copenhagen	Tirstrup
AAT	Altay Xuedu Airport	Altay	China	CN	asia	47.749886	88.085808	15	Asia/Shanghai	Altay Air Base
AAX	Romeu Zema Airport	Araxa	Brazil	BR	americas	-19.563200	-46.960400	15	America/Sao_Paulo	Araxá
AAY	Al Ghaydah International Airport	Al Ghaydah	Yemen	YE	middle_east	16.193341	52.174186	20	Asia/Aden	
AAZ	Quezaltenango Airport	Quezaltenango	Guatemala	GT	americas	14.865600	-91.501999	5	America/Guatemala	Los Altos Airport | Xelajú | Xela
ABA	Abakan International Airport	Abakan	Russia	RU	europe	53.740002	91.385002	35	Asia/Krasnoyarsk	
ABB	Asaba International Airport	Asaba	Nigeria	NG	africa	6.204167	6.665278	35	Africa/Lagos	Onitsha
ABD	Abadan Ayatollah Jami International Airport	Abadan	Iran	IR	middle_east	30.367887	48.230075	35	Asia/Tehran	Abadan Airport
ABE	Lehigh Valley International Airport	Allentown	United States	US	americas	40.651773	-75.442797	20	America/New_York	Allentown/Bethlehem
ABI	Abilene Regional Airport	Abilene	United States	US	americas	32.411301	-99.681900	15	America/Chicago	
ABJ	Félix-Houphouët-Boigny International Airport	Abidjan	Côte d'Ivoire	CI	africa	5.261390	-3.926290	35	Africa/Abidjan	Port Bouët
ABK	Kebri Dahar Airport	Kabri Dehar	Ethiopia	ET	africa	6.732577	44.241339	15	Africa/Addis_Ababa	Kabri Dar | Kebri Dahar
ABL	Ambler Airport	Ambler	United States	US	americas	67.105529	-157.855339	15	America/Anchorage	Z60
ABM	Northern Peninsula Airport	Bamaga	Australia	AU	oceania	-10.946194	142.455081	5	Australia/Brisbane	YBAM | Bamaga Airport | Bamaga Injinoo Airport | Somerset
ABQ	Albuquerque International Sunport	Albuquerque	United States	US	americas	35.039976	-106.608925	35	America/Denver	
ABR	Aberdeen Regional Airport	Aberdeen	United States	US	americas	45.449100	-98.421799	15	America/Chicago	
ABS	Abu Simbel Airport	Abu Simbel	Egypt	EG	africa	22.375924	31.611734	15	Africa/Cairo	
ABT	King Saud Bin Abdulaziz (Al Baha) Airport	Al Bahah	Saudi Arabia	SA	middle_east	20.298506	41.636153	15	Asia/Riyadh	Al-Aqiq | Al-Baha
ABU	AA Bere Tallo (Haliwen) Airport	Atambua-Timor Island	Indonesia	ID	asia	-9.074841	124.903285	5	Asia/Makassar	WRKA | Atambua
ABV	Nnamdi Azikiwe International Airport	Abuja	Nigeria	NG	africa	9.006790	7.263170	35	Africa/Lagos	
ABX	Albury Airport	Albury	Australia	AU	oceania	-36.066758	146.959148	15	Australia/Melbourne	East Albury
ABY	Southwest Georgia Regional Airport	Albany	United States	US	americas	31.532946	-84.196215	15	America/New_York	
ABZ	Aberdeen International Airport	Aberdeen	United Kingdom	GB	europe	57.201900	-2.197780	35	Europe/London	Dyce
ACA	General Juan N. Álvarez International Airport	Acapulco	Mexico	MX	americas	16.757126	-99.753113	35	America/Mexico_City	Acapulco International Airport
ACC	Kotoka International Airport	Accra	Ghana	GH	africa	5.605190	-0.166786	52	Africa/Accra	
ACE	César Manrique-Lanzarote Airport	Lanzarote Island	Spain	ES	europe	28.945499	-13.605200	30	Atlantic/Canary	Arrecife Airport | San Bartolomé
ACF	Aral Tarim Airport	Aral	China	CN	asia	40.434748	81.262060	5	Asia/Shanghai	
ACH	Sankt Gallen Altenrhein Airport	Altenrhein	Switzerland	CH	europe	47.485001	9.560770	15	Europe/Vienna	St. Gallen
ACI	Alderney Airport	Saint Anne	Guernsey	GG	europe	49.706104	-2.214720	15	Europe/Guernsey	The Blaye | Channel Islands
ACK	Nantucket Memorial Airport	Nantucket	United States	US	americas	41.253101	-70.060204	15	America/New_York	
ACT	Waco Regional Airport	Waco	United States	US	americas	31.611300	-97.230499	15	America/Chicago	
ACV	California Redwood Coast-Humboldt County Airport	Arcata/Eureka	United States	US	americas	40.978101	-124.109000	15	America/Los_Angeles	Arcata Airport
ACX	Xingyi Wanfenglin Airport	Xingyi	China	CN	asia	25.083423	104.960804	15	Asia/Shanghai	
ACY	Atlantic City International Airport	Atlantic City	United States	US	americas	39.456201	-74.577511	20	America/New_York	
ADB	Adnan Menderes International Airport	Izmir	Turkey	TR	europe	38.292400	27.157000	35	Europe/Istanbul	İzmir | Gaziemir
ADD	Addis Ababa Bole International Airport	Addis Ababa	Ethiopia	ET	africa	8.977890	38.799301	58	Africa/Addis_Ababa	Haile Selassie I | Bole International Airport
ADE	Aden International Airport	Aden	Yemen	YE	middle_east	12.829564	45.029976	35	Asia/Aden	RAF Khormaksar
ADF	Adıyaman Airport	Adiyaman	Turkey	TR	europe	37.731400	38.468899	15	Europe/Istanbul	Adıyaman
ADJ	Marka International (Amman Civil) Airport	Amman	Jordan	JO	middle_east	31.972700	35.991600	35	Asia/Amman	King Abdullah Air Base | Amman Civil Airport | Amman City Airport | Marka International Airport
ADK	Adak Airport	Adak Island	United States	US	americas	51.883564	-176.642783	15	America/Adak	Adak
ADL	Adelaide International Airport	Adelaide	Australia	AU	oceania	-34.947512	138.533393	35	Australia/Adelaide	
ADQ	Kodiak Airport	Kodiak	United States	US	americas	57.750000	-152.494003	15	America/Anchorage	
ADU	Ardabil Airport	Ardabil	Iran	IR	middle_east	38.325699	48.424400	15	Asia/Tehran	
ADZ	Gustavo Rojas Pinilla International Airport	San Andres	Colombia	CO	americas	12.583600	-81.711200	35	America/Bogota	San Andrés
AEB	Baise (Bose) Bama Airport	Baise	China	CN	asia	23.720600	106.959999	15	Asia/Shanghai	Tian Yang Air Base | Bose airport
AEP	Aeroparque Jorge Newbery	Buenos Aires	Argentina	AR	americas	-34.559419	-58.415536	30	America/Argentina/Buenos_Aires	
AER	Sochi International Airport	Sochi	Russia	RU	europe	43.449902	39.956600	35	Europe/Moscow	Adler Airport | Black Sea
AES	Ålesund Airport	Alesund	Norway	NO	europe	62.560443	6.110845	30	Europe/Oslo	Vigra | Ålesund Vigra Airport | Ålesund
AET	Allakaket Airport	Allakaket	United States	US	americas	66.551804	-152.621994	5	America/Anchorage	
AEU	Abu Musa Island Airport	Abu Musa	Iran	IR	middle_east	25.875700	55.033001	15	Asia/Tehran	
AEX	Alexandria International Airport	Alexandria	United States	US	americas	31.325828	-92.546702	20	America/Chicago	England Air Park | England Air Force Base
AEY	Akureyri International Airport	Akureyri	Iceland	IS	europe	65.656573	-18.072018	35	Atlantic/Reykjavik	
AFA	Suboficial Ay Santiago Germano Airport	San Rafael	Argentina	AR	americas	-34.588299	-68.403900	15	America/Argentina/Mendoza	
AFL	Piloto Osvaldo Marques Dias Airport	Alta Floresta	Brazil	BR	americas	-9.866389	-56.106298	15	America/Cuiaba	
AFZ	Sabzevar National Airport	Sabzevar	Iran	IR	middle_east	36.168098	57.595200	15	Asia/Tehran	
AGA	Al Massira Airport	Agadir	Morocco	MA	africa	30.322478	-9.412003	30	Africa/Casablanca	
AGE	Wangerooge Airport	Wangerooge	Germany	DE	europe	53.782544	7.919584	5	Europe/Berlin	
AGH	Ängelholm-Helsingborg Airport	Angelholm	Sweden	SE	europe	56.296101	12.847100	15	Europe/Stockholm	ESDB | Ängelholm Air Base | Ängelholm
AGI	Wageningen Airstrip	Wageningen Airport	Suriname	SR	americas	5.841252	-56.673247	5	America/Paramaribo	Wageningen
AGJ	Aguni Airport	Aguni	Japan	JP	asia	26.592755	127.240335	5	Asia/Tokyo	
AGP	Málaga-Costa del Sol Airport	Malaga	Spain	ES	europe	36.674900	-4.499110	30	Europe/Madrid	Costa del Sol | Málaga
AGR	Agra Airport / Agra Air Force Station	Agra	India	IN	asia	27.157975	77.961025	15	Asia/Kolkata	Kheria Airport | Pandit Deen Dayal Upadhyay Airport | RAF Agra
AGS	Augusta Regional At Bush Field	Augusta	United States	US	americas	33.369900	-81.964500	15	America/New_York	
AGT	Guaraní International Airport	Ciudad del Este	Paraguay	PY	americas	-25.457186	-54.839544	35	America/Asuncion	Aeropuerto Internacional Guaraní
AGU	Aguascalientes International Airport	Aguascalientes	Mexico	MX	americas	21.699589	-102.318372	35	America/Mexico_City	Jesús Terán Peredo International Airport | Licenciado Jesús Terán Peredo
AGX	Agatti Airport	Agatti	India	IN	asia	10.823700	72.176003	15	Asia/Kolkata	
AHB	Abha International Airport	Abha	Saudi Arabia	SA	middle_east	18.240400	42.656601	35	Asia/Riyadh	Abha International Airport
AHE	Ahe Airport	Ahe Atoll	French Polynesia	PF	oceania	-14.428100	-146.257004	15	Pacific/Tahiti	Tenukupara
AHO	Alghero-Fertilia Airport	Alghero	Italy	IT	europe	40.632099	8.290770	15	Europe/Rome	Alghero Airport | Sardinia | Alghero - Riviera del Corallo Airport
AHU	Cherif Al Idrissi Airport	Al Hoceima	Morocco	MA	africa	35.177101	-3.839520	15	Africa/Casablanca	
AIA	Alliance Municipal Airport	Alliance	United States	US	americas	42.052543	-102.803965	15	America/Denver	
AIN	Wainwright Airport	Wainwright	United States	US	americas	70.638000	-159.994995	15	America/Anchorage	5WW
AIP	Adampur Airport	Jalandhar	India	IN	asia	31.433800	75.758797	5	Asia/Kolkata	Adampur Air Force Station | Adampur
AIT	Aitutaki Airport	Aitutaki	Cook Islands	CK	oceania	-18.830900	-159.764008	5	Pacific/Rarotonga	
AIU	Enua Airport	Atiu Island	Cook Islands	CK	oceania	-19.967800	-158.119003	5	Pacific/Rarotonga	
AJA	Ajaccio Napoléon Bonaparte airport	Ajaccio/Napoleon Bonaparte	France	FR	europe	41.923599	8.802920	15	Europe/Paris	Ajaccio
AJF	Al-Jawf International Airport	Al-Jawf	Saudi Arabia	SA	middle_east	29.783301	40.100905	35	Asia/Riyadh	Al Jouf Airport | Al Jawf | Al Jawf Airport | Al Jouf Regional Airport | Al Jawf Regional Airport
AJI	Ağrı Airport	Agri	Turkey	TR	europe	39.655642	43.025742	15	Europe/Istanbul	Ağrı
AJL	Lengpui Airport	Aizawl	India	IN	asia	23.840599	92.619698	15	Asia/Kolkata	
AJN	Ouani Airport	Ouani	Comoros	KM	africa	-12.131047	44.430044	15	Indian/Comoro	
AJR	Arvidsjaur Airport	Arvidsjaur	Sweden	SE	europe	65.590302	19.281900	15	Europe/Stockholm	
AJU	Aracaju - Santa Maria Airport	Aracaju	Brazil	BR	americas	-10.983940	-37.072873	15	America/Maceio	
AKA	Ankang Fuqiang Airport	Ankang	China	CN	asia	32.756960	108.873380	5	Asia/Shanghai	
AKB	Atka Airport	Atka	United States	US	americas	52.220299	-174.205994	5	America/Adak	40A
AKF	Kufra Airport	Kufra	Libya	LY	africa	24.178699	23.313999	15	Africa/Tripoli	
AKI	Akiak Airport	Akiak	United States	US	americas	60.902646	-161.231060	5	America/Anchorage	
AKJ	Asahikawa Airport	Asahikawa	Japan	JP	asia	43.670799	142.447006	15	Asia/Tokyo	Higashikagura
AKK	Akhiok Airport	Akhiok	United States	US	americas	56.938702	-154.182999	5	America/Anchorage	
AKL	Auckland International Airport	Auckland	New Zealand	NZ	oceania	-37.011990	174.786331	70	Pacific/Auckland	
AKN	King Salmon Airport	King Salmon	United States	US	americas	58.677845	-156.651965	15	America/Anchorage	Naknek Air Force Base
AKP	Anaktuvuk Pass Airport	Anaktuvuk Pass	United States	US	americas	68.133598	-151.742996	15	America/Anchorage	
AKR	Akure Airport	Akure	Nigeria	NG	africa	7.246740	5.301010	15	Africa/Lagos	
AKS	Gwaunaru'u Airport	Auki	Solomon Islands	SB	oceania	-8.702570	160.682007	5	Pacific/Guadalcanal	
AKU	Aksu Hongqipo Airport	Aksu	China	CN	asia	41.262501	80.291702	15	Asia/Shanghai	Ak-su | Akshu | Aqsu | Bharuka | Po-lu-chia | Aksu Wensu Air Base | Onsu
AKV	Akulivik Airport	Akulivik	Canada	CA	americas	60.818600	-78.148598	5	America/Iqaluit	YKO
AKX	Aktobe International Airport	Aktyubinsk	Kazakhstan	KZ	asia	50.248116	57.204144	35	Asia/Aqtobe	Aktyubinsk Airport | Aktubinsk Airport | Aktobe
AKY	Sittwe Airport	Sittwe	Myanmar	MM	asia	20.133165	92.870693	15	Asia/Yangon	
ALA	Almaty International Airport	Almaty	Kazakhstan	KZ	asia	43.354267	77.042828	35	Asia/Almaty	Alma Ata
ALB	Albany International Airport	Albany	United States	US	americas	42.748299	-73.801697	35	America/New_York	
ALC	Alicante-Elche Miguel Hernández Airport	Alicante	Spain	ES	europe	38.282200	-0.558156	30	Europe/Madrid	
ALF	Alta Airport	Alta	Norway	NO	europe	69.976097	23.371700	15	Europe/Oslo	
ALG	Houari Boumediene Airport	Algiers	Algeria	DZ	africa	36.693886	3.214531	30	Africa/Algiers	Maison Blanche
ALH	Albany Airport	Albany	Australia	AU	oceania	-34.943333	117.808889	15	Australia/Perth	ABA | YPAL | Harry Riggs Albany Regional
ALO	Waterloo Regional Airport	Waterloo	United States	US	americas	42.557098	-92.400299	15	America/Chicago	
ALP	Aleppo International Airport	Aleppo	Syria	SY	middle_east	36.181262	37.226869	35	Asia/Damascus	
ALS	San Luis Valley Regional Airport/Bergman Field	Alamosa	United States	US	americas	37.434898	-105.866997	15	America/Denver	
ALW	Walla Walla Regional Airport	Walla Walla	United States	US	americas	46.094898	-118.288002	15	America/Los_Angeles	
AMA	Rick Husband Amarillo International Airport	Amarillo	United States	US	americas	35.217857	-101.706444	20	America/Chicago	
AMD	Sardar Vallabh Patel International Airport	Ahmedabad	India	IN	asia	23.077200	72.634697	35	Asia/Kolkata	Gandhinagar Air Force Station
AMH	Arba Minch Airport	Arba Minch	Ethiopia	ET	africa	6.039390	37.590500	15	Africa/Addis_Ababa	Gantar | Minghi
AMM	Queen Alia International Airport	Amman	Jordan	JO	middle_east	31.722601	35.993198	35	Asia/Amman	
AMQ	Pattimura International Airport	Ambon	Indonesia	ID	asia	-3.710260	128.089005	35	Asia/Jayapura	
AMS	Amsterdam Airport Schiphol	Amsterdam	Netherlands	NL	europe	52.308601	4.763890	94	Europe/Amsterdam	
AMV	Amderma Airport	Amderma	Russia	RU	europe	69.763712	61.556711	15	Europe/Moscow	
ANC	Ted Stevens Anchorage International Airport	Anchorage	United States	US	americas	61.179004	-149.992561	35	America/Anchorage	
ANF	Andrés Sabella Gálvez International Airport	Antofagasta	Chile	CL	americas	-23.445274	-70.445232	35	America/Santiago	Cerro Moreno Airport
ANI	Aniak Airport	Aniak	United States	US	americas	61.581600	-159.542999	15	America/Anchorage	
ANR	Antwerp International Airport (Deurne)	Antwerp	Belgium	BE	europe	51.190667	4.463153	20	Europe/Brussels	
ANS	Andahuaylas Airport	Andahuaylas	Peru	PE	americas	-13.706400	-73.350403	5	America/Lima	
ANU	V. C. Bird International Airport	St. George	Antigua and Barbuda	AG	americas	17.136700	-61.792702	35	America/Antigua	St. John's | Osbourn
ANV	Anvik Airport	Anvik	United States	US	americas	62.646702	-160.190994	15	America/Anchorage	
ANX	Andøya Airport, Andenes	Andenes	Norway	NO	europe	69.295193	16.139379	15	Europe/Oslo	
AOE	Hasan Polatkan Airport	Eskisehir	Turkey	TR	europe	39.811644	30.519268	30	Europe/Istanbul	Anadolu Airport | Eskişehir
AOG	Anshan Teng'ao Airport / Anshan Air Base	Anshan	China	CN	asia	41.105301	122.853996	15	Asia/Shanghai	
AOI	Marche Airport	Ancona	Italy	IT	europe	43.616299	13.362300	15	Europe/Rome	Ancona Falconara Airport | Falconara | Raffaello Sanzio Airport | Falconara Marittima
AOJ	Aomori Airport	Aomori	Japan	JP	asia	40.733777	140.689477	30	Asia/Tokyo	
AOK	Karpathos Airport	Karpathos Island	Greece	GR	europe	35.421398	27.146000	15	Europe/Athens	
AOO	Altoona Blair County Airport	Altoona	United States	US	americas	40.296398	-78.320000	15	America/New_York	
AOR	Sultan Abdul Halim Airport	Alor Satar	Malaysia	MY	asia	6.189670	100.398003	15	Asia/Kuala_Lumpur	
APK	Apataki Airport	Apataki	French Polynesia	PF	oceania	-15.573600	-146.414993	5	Pacific/Tahiti	
APL	Nampula Airport	Nampula	Mozambique	MZ	africa	-15.105600	39.281799	30	Africa/Maputo	
APN	Alpena County Regional Airport	Alpena	United States	US	americas	45.078098	-83.560303	15	America/Detroit	
APO	Antonio Roldán Betancur Airport	Carepa	Colombia	CO	americas	7.811960	-76.716400	15	America/Bogota	
APW	Faleolo International Airport	Apia	Samoa	WS	oceania	-13.830000	-172.007996	35	Pacific/Apia	
AQA	Araraquara Airport	Araraquara	Brazil	BR	americas	-21.812000	-48.132999	15	America/Sao_Paulo	
AQG	Anqing Tianzhushan Airport / Anqing North Air Base	Anqing	China	CN	asia	30.582199	117.050003	15	Asia/Shanghai	
AQI	Qaisumah–Hafar Al-Batin International Airport	Qaisumah	Saudi Arabia	SA	middle_east	28.335726	46.127108	35	Asia/Riyadh	HBT | Qaisumah Domestic Airport
AQJ	King Hussein International Airport	Aqaba	Jordan	JO	middle_east	29.611601	35.018101	35	Asia/Amman	
AQP	Rodríguez Ballón International Airport	Arequipa	Peru	PE	americas	-16.340786	-71.569485	35	America/Lima	
ARC	Arctic Village Airport	Arctic Village	United States	US	americas	68.114700	-145.578995	15	America/Anchorage	
ARD	Alor Island - Mali Airport	Alor Island	Indonesia	ID	asia	-8.132340	124.597000	5	Asia/Makassar	Kabola
ARH	Talagi Airport	Archangelsk	Russia	RU	europe	64.600304	40.716702	15	Europe/Moscow	Archangel
ARI	Chacalluta International Airport	Arica	Chile	CL	americas	-18.348499	-70.338699	20	America/Lima	
ARK	Arusha Airport	Arusha	Tanzania	TZ	africa	-3.367790	36.633301	15	Africa/Dar_es_Salaam	
ARM	Armidale Airport	Armidale	Australia	AU	oceania	-30.528099	151.617004	15	Australia/Sydney	
ARN	Stockholm-Arlanda Airport	Stockholm	Sweden	SE	europe	59.648490	17.928829	69	Europe/Stockholm	
ART	Watertown International Airport	Watertown	United States	US	americas	43.991901	-76.021698	20	America/New_York	
ARU	Araçatuba Airport	Aracatuba	Brazil	BR	americas	-21.141479	-50.424575	15	America/Sao_Paulo	Dario Guarita State Airport | Araçatuba
ARW	Arad International Airport	Arad	Romania	RO	europe	46.176136	21.264322	20	Europe/Bucharest	
ASB	Ashgabat International Airport	Ashgabat	Turkmenistan	TM	asia	37.986801	58.361000	35	Asia/Ashgabat	
ASD	Andros Town Airport	Andros Town	Bahamas	BS	americas	24.697901	-77.795601	15	America/Nassau	
ASE	Aspen-Pitkin County Airport (Sardy Field)	Aspen	United States	US	americas	39.223202	-106.869003	15	America/Denver	
ASF	Astrakhan Narimanovo Boris M. Kustodiev International Airport	Astrakhan	Russia	RU	europe	46.282843	48.010511	35	Europe/Astrakhan	Astrahan Airport | Narimanovo Airport
ASI	RAF Ascension Island	Ascension Island	Saint Helena, Ascension and Tristan da Cunha	SH	africa	-7.970179	-14.392744	15	Atlantic/St_Helena	Wideawake Airfield | Ascension Island Auxiliary Field | Cat Hill
ASJ	Amami Airport	Amami	Japan	JP	asia	28.430599	129.712997	15	Asia/Tokyo	
ASM	Asmara International Airport	Asmara	Eritrea	ER	africa	15.291900	38.910702	20	Africa/Asmara	Yohannes International.
ASO	Asosa Airport	Asosa	Ethiopia	ET	africa	10.018500	34.586300	15	Africa/Addis_Ababa	
ASP	Alice Springs Airport	Alice Springs	Australia	AU	oceania	-23.806588	133.903427	15	Australia/Darwin	
ASR	Kayseri Erkilet International Airport	Kayseri	Turkey	TR	europe	38.770401	35.495399	35	Europe/Istanbul	Erkilet
ASU	Silvio Pettirossi International Airport	Asuncion	Paraguay	PY	americas	-25.240156	-57.519227	35	America/Asuncion	Luque | Stroessner | Asunción
ASV	Amboseli Airport	Amboseli National Park	Kenya	KE	africa	-2.644786	37.252922	15	Africa/Nairobi	Maasai Amboseli Game Reserve | Ol Tukai
ASW	Aswan International Airport	Aswan	Egypt	EG	africa	23.961075	32.820382	35	Africa/Cairo	aswan airport
ATC	Arthur's Town Airport	Arthur's Town	Bahamas	BS	americas	24.629400	-75.673797	15	America/Nassau	
ATH	Athens Eleftherios Venizelos International Airport	Athens	Greece	GR	europe	37.936401	23.944500	70	Europe/Athens	Spata-Artemida
ATK	Atqasuk Edward Burnell Sr Memorial Airport	Atqasuk	United States	US	americas	70.467040	-157.436013	15	America/Anchorage	Z46
ATL	Hartsfield Jackson Atlanta International Airport	Atlanta	United States	US	americas	33.636700	-84.428101	93	America/New_York	
ATM	Altamira Interstate Airport	Altamira	Brazil	BR	americas	-3.253144	-52.253938	15	America/Santarem	
ATQ	Sri Guru Ram Das Ji International Airport	Amritsar	India	IN	asia	31.709600	74.797302	35	Asia/Kolkata	Amritsar Air Force Station
ATW	Appleton International Airport	Appleton	United States	US	americas	44.258515	-88.519000	20	America/Chicago	Outagamie County Regional Airport
ATY	Watertown Regional Airport	Watertown	United States	US	americas	44.914001	-97.154701	15	America/Chicago	
ATZ	Asyut International Airport	Assiut	Egypt	EG	africa	27.045962	31.012760	35	Africa/Cairo	Asyut
AUA	Queen Beatrix International Airport	Oranjestad	Aruba	AW	americas	12.501056	-70.014281	35	America/Aruba	Playa | Dakota Field
AUC	Santiago Perez Airport	Arauca	Colombia	CO	americas	7.068880	-70.736900	15	America/Bogota	
AUG	Augusta State Airport	Augusta	United States	US	americas	44.320599	-69.797302	15	America/New_York	
AUH	Zayed International Airport	Abu Dhabi	United Arab Emirates	AE	middle_east	24.440966	54.649237	75	Asia/Dubai	Abu Dhabi International Airport
AUK	Alakanuk Airport	Alakanuk	United States	US	americas	62.682653	-164.722481	5	America/Nome	
AUQ	Hiva Oa-Atuona Airport	Atuona	French Polynesia	PF	oceania	-9.768790	-139.011002	15	Pacific/Marquesas	HIX | Hiva Oa Island
AUR	Aurillac airport	Aurillac	France	FR	europe	44.891399	2.421940	15	Europe/Paris	
AUS	Austin Bergstrom International Airport	Austin	United States	US	americas	30.197535	-97.662015	35	America/Chicago	BSM | KBSM | Bergstrom AFB
AUU	Aurukun Airport	Aurukun	Australia	AU	oceania	-13.354019	141.720028	5	Australia/Brisbane	
AUX	Araguaína Airport	Araguaina	Brazil	BR	americas	-7.227870	-48.240501	15	America/Araguaina	Araguaína
AVA	Anshun Huangguoshu Airport	Anshun	China	CN	asia	26.260556	105.873333	15	Asia/Shanghai	
AVK	Arvaikheer Airport	Arvaikheer	Mongolia	MN	asia	46.250301	102.802002	15	Asia/Ulaanbaatar	
AVL	Asheville Regional Airport	Asheville	United States	US	americas	35.435488	-82.541853	15	America/New_York	
AVN	Avignon Caumont airport	Avignon/Caumont	France	FR	europe	43.907299	4.901830	15	Europe/Paris	Avignon
AVP	Wilkes-Barre/Scranton International Airport	Wilkes-Barre/Scranton	United States	US	americas	41.337064	-75.724232	20	America/New_York	
AVR	Amravati  Airport	Alverca	India	IN	asia	20.814608	77.717765	15	Europe/Lisbon	Amravati
AVV	Melbourne Avalon International Airport	Melbourne	Australia	AU	oceania	-38.040269	144.467196	35	Australia/Melbourne	Lara | Geelong | Geelong/Melbourne
AWA	Hawassa International Airport	Awassa	Ethiopia	ET	africa	7.100611	38.396455	35	Africa/Addis_Ababa	Awasa | Hawassa
AWK	Wake Island Airfield	Wake Island	United States Minor Outlying Islands	UM	oceania	19.282437	166.636637	15	Pacific/Wake	
AWZ	Qasem Soleimani International Airport	Ahwaz	Iran	IR	middle_east	31.336400	48.763789	35	Asia/Tehran	Ahvaz | Ahvaz International Airport
AXA	Clayton J. Lloyd International Airport	The Valley	Anguilla	AI	americas	18.204773	-63.053830	20	America/Anguilla	Wallblake Airport
AXD	Alexandroupoli Democritus Airport	Alexandroupolis	Greece	GR	europe	40.855900	25.956301	15	Europe/Athens	
AXF	Alxa Left Banner Bayanhot Airport	Bayanhot	China	CN	asia	38.748317	105.584160	15	Asia/Shanghai	
AXJ	Amakusa Airport	Amakusa	Japan	JP	asia	32.482498	130.158997	15	Asia/Tokyo	
AXM	El Eden Airport	Armenia	Colombia	CO	americas	4.452780	-75.766400	15	America/Bogota	
AXP	Spring Point Airport	Spring Point	Bahamas	BS	americas	22.441799	-73.970901	15	America/Nassau	
AXR	Arutua Airport	Arutua	French Polynesia	PF	oceania	-15.248300	-146.617004	15	Pacific/Tahiti	
AXT	Akita Airport	Akita	Japan	JP	asia	39.615601	140.218994	15	Asia/Tokyo	
AXU	Axum Airport	Axum	Ethiopia	ET	africa	14.146800	38.772800	15	Africa/Addis_Ababa	Aksum | Emperor Yohannes IV Airport
AYJ	Maharshi Valmiki International Airport	Ayodhya	India	IN	asia	26.747736	82.163664	20	Asia/Kolkata	Maharishi Valmiki International | Faizabad
AYP	Air Force Colonel Alfredo Mendivil Duarte Airport	Ayacucho	Peru	PE	americas	-13.154800	-74.204399	15	America/Lima	Coronel FAP Alfredo Mendivil Duarte
AYQ	Ayers Rock Connellan Airport	Ayers Rock	Australia	AU	oceania	-25.185913	130.977030	15	Australia/Darwin	Uluru | Yulara
AYT	Antalya International Airport	Antalya	Turkey	TR	europe	36.898701	30.800501	35	Europe/Istanbul	
AZA	Mesa Gateway Airport	Phoenix	United States	US	americas	33.307800	-111.654999	15	America/Phoenix	Higley Field | CHD | Phoenix-Mesa Gateway Airport | Williams Air Force Base | Williams Gateway Airport | Mesa
AZD	Shahid Sadooghi Airport	Yazd	Iran	IR	middle_east	31.904900	54.276501	15	Asia/Tehran	
AZN	Andijan International Airport	Andijan	Uzbekistan	UZ	asia	40.727699	72.293999	20	Asia/Tashkent	UTFA | UTKA | Andijan Airport | Andizhan Airport | Andijon Airport
AZO	Kalamazoo/Battle Creek International Airport	Kalamazoo	United States	US	americas	42.232105	-85.549637	20	America/Detroit	
AZR	Touat-Cheikh Sidi Mohamed Belkebir Airport	Adrar	Algeria	DZ	africa	27.837601	-0.186414	15	Africa/Algiers	
AZS	Samaná El Catey International Airport	Samana	Dominican Republic	DO	americas	19.269259	-69.737405	20	America/Santo_Domingo	
BAH	Bahrain International Airport	Manama	Bahrain	BH	middle_east	26.267295	50.637640	35	Asia/Bahrain	EGYR | RAF Bahrain | RAF Muharraq
BAL	Batman Airport	Batman	Turkey	TR	europe	37.929001	41.116600	15	Europe/Istanbul	
BAQ	Ernesto Cortissoz International Airport	Barranquilla	Colombia	CO	americas	10.889600	-74.780800	35	America/Bogota	
BAR	Qionghai Bo'ao Airport	Qionghai	China	CN	asia	19.140951	110.452766	15	Asia/Shanghai	
BAS	Ballalae Airport	Ballalae	Solomon Islands	SB	oceania	-6.990745	155.886656	5	Pacific/Guadalcanal	
BAV	Baotou Donghe International Airport	Baotou	China	CN	asia	40.560001	109.997002	35	Asia/Shanghai	Erliban
BAX	Barnaul Gherman Titov International Airport	Barnaul	Russia	RU	europe	53.361285	83.539701	35	Asia/Barnaul	Barnaul West | Mikhaylovka | Novomikhaylovka
BAY	Maramureș International Airport	Baia Mare	Romania	RO	europe	47.658444	23.464445	20	Europe/Bucharest	Tăuții-Măgherăuș
BAZ	Barcelos Airport	Barcelos	Brazil	BR	americas	-0.981191	-62.918603	5	America/Manaus	
BBA	Balmaceda Airport	Balmaceda	Chile	CL	americas	-45.915968	-71.689499	15	America/Santiago	
BBG	Butaritari Airport	Butaritari Atoll	Kiribati	KI	oceania	3.085830	172.811005	5	Pacific/Tarawa	Makin | Butaritari
BBI	Biju Patnaik International Airport	Bhubaneswar	India	IN	asia	20.251021	85.814747	35	Asia/Kolkata	
BBK	Kasane International Airport	Kasane	Botswana	BW	africa	-17.831653	25.166195	35	Africa/Gaborone	
BBM	Battambang Airport	Battambang	Cambodia	KH	asia	13.095600	103.223999	15	Asia/Phnom_Penh	
BBN	Bario Airport	Bario	Malaysia	MY	asia	3.734648	115.478548	15	Asia/Kuching	
BBO	Berbera Airport	Berbera	Somalia	SO	africa	10.385035	44.936723	15	Africa/Mogadishu	
BBQ	Burton-Nibbs International Airport	Codrington	Antigua and Barbuda	AG	americas	17.621194	-61.798347	20	America/Antigua	Barbuda International Airport | New Barbuda Airport
BBR	Basse-Terre Baillif Airport	Basse Terre	Guadeloupe	GP	americas	16.013648	-61.742928	5	America/Guadeloupe	Basse-Terre
BBU	Bucharest Băneasa Aurel Vlaicu International Airport	Bucharest	Romania	RO	europe	44.503133	26.102944	35	Europe/Bucharest	BUH | Băneasa | Aurel Vlaicu International | Bucharest City
BCA	Gustavo Rizo Airport	Baracoa	Cuba	CU	americas	20.365299	-74.506203	15	America/Havana	
BCD	Bacolod-Silay International Airport	Bacolod City	Philippines	PH	asia	10.776237	123.018879	35	Asia/Manila	
BCH	Baucau Airport	Baucau	Timor-Leste	TL	asia	-8.486479	126.399981	15	Asia/Dili	English Madeira airport | Cakung Airport
BCI	Barcaldine Airport	Barcaldine	Australia	AU	oceania	-23.566268	145.302086	15	Australia/Brisbane	
BCM	Bacău George Enescu International  Airport	Bacau	Romania	RO	europe	46.521900	26.910299	35	Europe/Bucharest	RoAF 95th Air Base | Bacău
BCN	Josep Tarradellas Barcelona-El Prat Airport	Barcelona	Spain	ES	europe	41.297100	2.078460	81	Europe/Madrid	El Prat Airport | Barcelona International
BCO	Jinka Airport	Baco	Ethiopia	ET	africa	5.749655	36.560165	15	Africa/Addis_Ababa	Baco Airport | Jinka
BCU	Sir Abubakar Tafawa Balewa Bauchi State International Airport	Bauchi	Nigeria	NG	africa	10.482833	9.744000	35	Africa/Lagos	Bauchi State Airport
BDA	L.F. Wade International Airport	Hamilton	Bermuda	BM	americas	32.363802	-64.678240	35	Atlantic/Bermuda	Kindley Air Force Base | Fort Bell Army Airfield | NAS Bermuda | Naval Air Station Bermuda
BDB	Bundaberg Airport	Bundaberg	Australia	AU	oceania	-24.905039	152.322612	15	Australia/Brisbane	
BDD	Badu Island Airport	Badu	Australia	AU	oceania	-10.149550	142.173665	5	Australia/Brisbane	Badu Island
BDH	Bandar Lengeh International Airport	Bandar Lengeh	Iran	IR	middle_east	26.532283	54.824840	20	Asia/Tehran	Lengeh
BDJ	Syamsudin Noor International Airport	Banjarmasin-Borneo Island	Indonesia	ID	asia	-3.440112	114.761209	35	Asia/Makassar	WRBB | Banjarmasin | Banjarbaru
BDL	Bradley International Airport	Hartford	United States	US	americas	41.938555	-72.688016	35	America/New_York	HFD
BDO	Husein Sastranegara International Airport	Bandung-Java Island	Indonesia	ID	asia	-6.900630	107.575996	20	Asia/Jakarta	WIIB | Bandung
BDP	Bhadrapur Airport	Bhadrapur	Nepal	NP	asia	26.570801	88.079597	5	Asia/Kathmandu	Chandragadhi Airport
BDQ	Vadodara International Airport	Vadodara	India	IN	asia	22.336201	73.226303	35	Asia/Kolkata	Civil Airport Harni
BDS	Brindisi Airport	Brindisi	Italy	IT	europe	40.657600	17.947001	30	Europe/Rome	Brindisi Papola Casale Airport | Brindisi Salento Airport | Brindisi Casale Antonio Papolo Airport | Salento Airport
BDT	Gbadolite Airport	Gbadolite	Democratic Republic of the Congo	CD	africa	4.252745	20.975271	15	Africa/Kinshasa	Moanda
BDU	Bardufoss Airport	Malselv	Norway	NO	europe	69.055801	18.540400	15	Europe/Oslo	Målselv
BEB	Benbecula Airport	Balivanich	United Kingdom	GB	europe	57.481098	-7.362780	15	Europe/London	
BED	Laurence G Hanscom Field	Bedford	United States	US	americas	42.470001	-71.289001	15	America/New_York	Hanscom Air Force Base
BEF	Bluefields Airport	Bluefileds	Nicaragua	NI	americas	11.991000	-83.774101	15	America/Managua	Bluefields
BEG	Belgrade Nikola Tesla Airport	Belgrad	Serbia	RS	europe	44.818401	20.309099	30	Europe/Belgrade	Beograd | Surčin Airport | Belgrade
BEJ	Kalimarau Airport	Tanjung Redep-Borneo Island	Indonesia	ID	asia	2.147760	117.430705	15	Asia/Makassar	Berau Airport | WALK | WRLK | Tanjung Redeb - Borneo Island
BEK	Bareilly Air Force Station	Bareilly	India	IN	asia	28.422100	79.450798	15	Asia/Kolkata	Trishul Air Base
BEL	Val de Cans/Júlio Cezar Ribeiro International Airport	Belem	Brazil	BR	americas	-1.379279	-48.476207	35	America/Belem	Belém
BEM	Beni Mellal Airport	Beni Mellal	Morocco	MA	africa	32.401895	-6.315905	30	Africa/Casablanca	Oulad Yaich
BEN	Benina International Airport	Benghazi	Libya	LY	africa	32.096802	20.269501	35	Africa/Tripoli	Soluch Airfield | Benina
BER	Berlin Brandenburg Airport	Berlin	Germany	DE	europe	52.361738	13.502341	30	Europe/Berlin	Willy Brandt
BES	Brest Bretagne airport	Brest/Guipavas	France	FR	europe	48.447899	-4.418540	30	Europe/Paris	Brest
BET	Bethel Airport	Bethel	United States	US	americas	60.779800	-161.837997	15	America/Anchorage	
BEU	Bedourie Airport	Bedourie	Australia	AU	oceania	-24.346100	139.460007	15	Australia/Brisbane	
BEW	Beira International Airport	Beira	Mozambique	MZ	africa	-19.796400	34.907600	35	Africa/Maputo	
BEY	Beirut Rafic Hariri International Airport	Beirut	Lebanon	LB	middle_east	33.819833	35.487443	55	Asia/Beirut	Chaldea | Beirut Air Base
BFD	Bradford Regional Airport	Bradford	United States	US	americas	41.803101	-78.640099	15	America/New_York	
BFF	Western Neb. Rgnl/William B. Heilig Airport	Scottsbluff	United States	US	americas	41.874001	-103.596001	15	America/Denver	William B. Heilig Field
BFI	King County International Airport - Boeing Field	Seattle	United States	US	americas	47.527042	-122.299950	20	America/Los_Angeles	Boeing Field
BFJ	Bijie Feixiong Airport	Bijie	China	CN	asia	27.267066	105.472097	15	Asia/Shanghai	
BFL	Meadows Field	Bakersfield	United States	US	americas	35.433601	-119.056999	15	America/Los_Angeles	
BFN	Bram Fischer International Airport	Bloemfontain	South Africa	ZA	africa	-29.092699	26.302401	35	Africa/Johannesburg	AFB Bloemspruit | Bloemspruit | Bloemfontein
BFS	Belfast International Airport	Belfast	United Kingdom	GB	europe	54.657501	-6.215830	35	Europe/London	Aldergrove | RAF Aldergrove
BFV	Buri Ram Airport	Buriram	Thailand	TH	asia	15.229500	103.252998	15	Asia/Bangkok	
BFY	Bengbu Tenghu Airport	Bengbu	China	CN	asia	33.166292	117.058344	15	Asia/Shanghai	
BGA	Palonegro Airport	Bucaramanga	Colombia	CO	americas	7.126500	-73.184800	15	America/Bogota	
BGC	Bragança Airport	Braganca	Portugal	PT	europe	41.857800	-6.707130	15	Europe/Lisbon	Bragança
BGF	Bangui M'Poko International Airport	Bangui	Central African Republic	CF	africa	4.398480	18.518801	35	Africa/Bangui	
BGG	Bingöl Airport	Bingöl	Turkey	TR	europe	38.860131	40.594489	15	Europe/Istanbul	Çeltiksuyu
BGI	Grantley Adams International Airport	Bridgetown	Barbados	BB	americas	13.074667	-59.491034	35	America/Barbados	Seawell
BGK	Big Creek Airport	Big Creek	Belize	BZ	americas	16.519369	-88.407913	5	America/Belize	
BGM	Greater Binghamton/Edwin A Link field	Binghamton	United States	US	americas	42.208698	-75.979797	15	America/New_York	Broome County Airport | Edwin A Link Field
BGO	Bergen Airport, Flesland	Bergen	Norway	NO	europe	60.293400	5.218140	30	Europe/Oslo	
BGR	Bangor International Airport	Bangor	United States	US	americas	44.806364	-68.826668	20	America/New_York	
BGW	Baghdad International Airport / New Al Muthana Air Base	Baghdad	Iraq	IQ	middle_east	33.262501	44.234600	35	Asia/Baghdad	SDA | BIAP | VBC | ORBS | Camp Sather | Saddam International Airport | Al Anbar Airport
BGY	Il Caravaggio International Airport	Bergamo	Italy	IT	europe	45.669362	9.708851	35	Europe/Rome	Orio al Serio International Airport | Il Caravaggio International Airport | Milan Bergamo Airport | Orio al Serio
BHB	Hancock County-Bar Harbor Airport	Bar Harbor	United States	US	americas	44.450001	-68.361504	15	America/New_York	
BHD	George Best Belfast City Airport	Belfast	United Kingdom	GB	europe	54.618099	-5.872500	15	Europe/London	
BHE	Woodbourne Airport	Blenheim	New Zealand	NZ	oceania	-41.518299	173.869995	15	Pacific/Auckland	
BHH	Bisha Airport	Bisha	Saudi Arabia	SA	middle_east	19.984400	42.620899	15	Asia/Riyadh	
BHI	Comandante Espora Airport	Bahia Blanca	Argentina	AR	americas	-38.725000	-62.169300	15	America/Argentina/Buenos_Aires	Bahía Blanca Airport | Bahía Blanca
BHJ	Bhuj Airport	Bhuj	India	IN	asia	23.287800	69.670197	15	Asia/Kolkata	Bhuj Rudra Mata Air Force Station | Shyamji Krishna Verma | Bhuj Airport
BHK	Bukhara International Airport	Bukhara	Uzbekistan	UZ	asia	39.775319	64.482279	35	Asia/Samarkand	UTSB | Buhara | Buxoro
BHM	Birmingham-Shuttlesworth International Airport	Birmingham	United States	US	americas	33.562877	-86.750712	35	America/Chicago	
BHO	Raja Bhoj International Airport	Bhopal	India	IN	asia	23.287500	77.337402	35	Asia/Kolkata	
BHQ	Broken Hill Airport	Broken Hill	Australia	AU	oceania	-32.001400	141.472000	15	Australia/Broken_Hill	
BHR	Bharatpur Airport	Bharatpur	Nepal	NP	asia	27.678101	84.429398	5	Asia/Kathmandu	
BHS	Bathurst Airport	Bathurst	Australia	AU	oceania	-33.406817	149.651161	15	Australia/Sydney	
BHU	Bhavnagar Airport	Bhavnagar	India	IN	asia	21.752199	72.185204	15	Asia/Kolkata	
BHV	Bahawalpur Airport	Bahawalpur	Pakistan	PK	asia	29.348101	71.718002	15	Asia/Karachi	
BHX	Birmingham Airport	Birmingham	United Kingdom	GB	europe	52.453899	-1.748030	30	Europe/London	Birmingham International Airport
BHY	Beihai Fucheng Airport	Beihai	China	CN	asia	21.538659	109.293683	15	Asia/Shanghai	
BIA	Bastia-Poretta International airport	Bastia/Poretta	France	FR	europe	42.552700	9.483730	35	Europe/Paris	Bastia
BID	Block Island State Airport	Block Island	United States	US	americas	41.168446	-71.578631	5	America/New_York	
BIH	Eastern Sierra Regional Airport	Bishop	United States	US	americas	37.373100	-118.363998	15	America/Los_Angeles	
BIK	Frans Kaisiepo Airport	Biak-Supiori Island	Indonesia	ID	asia	-1.190020	136.108002	15	Asia/Jayapura	Biak
BIL	Billings Logan International Airport	Billings	United States	US	americas	45.808932	-108.541242	20	America/Denver	
BIM	South Bimini Airport	South Bimini	Bahamas	BS	americas	25.699900	-79.264702	15	America/Nassau	
BIO	Bilbao Airport	Bilbao	Spain	ES	europe	43.301102	-2.910610	30	Europe/Madrid	
BIQ	Biarritz Pays Basque airport	Biarritz/Anglet/Bayonne	France	FR	europe	43.468372	-1.523223	15	Europe/Paris	Biarritz
BIR	Biratnagar Airport	Biratnagar	Nepal	NP	asia	26.481501	87.264000	15	Asia/Kathmandu	
BIS	Bismarck Municipal Airport	Bismarck	United States	US	americas	46.772734	-100.746874	15	America/Chicago	Burleigh County Airport
BJA	Soummam–Abane Ramdane Airport	Bejaia	Algeria	DZ	africa	36.712547	5.069909	30	Africa/Algiers	Béjaïa | Soummam
BJB	Bojnord Airport	Bojnord	Iran	IR	middle_east	37.493000	57.308201	15	Asia/Tehran	Bojnourd
BJC	Rocky Mountain Metropolitan Airport	Denver	United States	US	americas	39.908798	-105.116997	15	America/Denver	Jefferson County Airport | Jeffco Airport
BJF	Båtsfjord Airport	Batsfjord	Norway	NO	europe	70.600250	29.692612	15	Europe/Oslo	Båtsfjord
BJL	Banjul International Airport	Banjul	Gambia	GM	africa	13.338000	-16.652201	35	Africa/Banjul	Yundum international Airport
BJM	Bujumbura Melchior Ndadaye International Airport	Bujumbura	Burundi	BI	africa	-3.324020	29.318501	35	Africa/Bujumbura	
BJR	Bahir Dar Airport	Bahir Dar	Ethiopia	ET	africa	11.608100	37.321602	15	Africa/Addis_Ababa	Dejazmach Belay Zeleke
BJV	Milas Bodrum International Airport	Bodrum	Turkey	TR	europe	37.249314	27.664010	35	Europe/Istanbul	
BJX	Guanajuato International Airport	Silao	Mexico	MX	americas	20.992695	-101.480284	35	America/Mexico_City	Del Bajío International Airport | León/Bajío International Airport
BJZ	Badajoz Airport	Badajoz	Spain	ES	europe	38.891300	-6.821330	15	Europe/Madrid	Talavera La Real Airport
BKC	Buckland Airport	Buckland	United States	US	americas	65.981598	-161.149002	5	America/Anchorage	7K5
BKG	Branson Airport	Branson	United States	US	americas	36.532082	-93.200544	15	America/Chicago	
BKI	Kota Kinabalu International Airport	Kota Kinabalu	Malaysia	MY	asia	5.932743	116.049324	35	Asia/Kuching	Jesselton Airfield
BKK	Suvarnabhumi Airport	Bangkok	Thailand	TH	asia	13.681100	100.747002	86	Asia/Bangkok	
BKM	Bakalalan Airport	Bakalalan	Malaysia	MY	asia	3.974000	115.617996	5	Asia/Kuching	
BKN	Balkanabat International Airport	Jebel	Turkmenistan	TM	asia	39.681052	54.206008	20	Asia/Ashgabat	Jebel Airport | Balkanabat
BKO	Modibo Keita International Airport	Senou	Mali	ML	africa	12.533500	-7.949940	35	Africa/Bamako	Senou Airport | Bamako
BKQ	Blackall Airport	Blackall	Australia	AU	oceania	-24.431678	145.429716	15	Australia/Brisbane	
BKS	Fatmawati Soekarno Airport	Bengkulu-Sumatra Island	Indonesia	ID	asia	-3.863700	102.338997	15	Asia/Jakarta	WIPL | Padang Kemiling Airport | Bengkulu
BKW	Raleigh County Memorial Airport	Beckley	United States	US	americas	37.787300	-81.124199	15	America/New_York	Beaver
BKZ	Bukoba Airport	Bukoba	Tanzania	TZ	africa	-1.332000	31.821200	5	Africa/Dar_es_Salaam	
BLA	General José Antonio Anzoategui International Airport	Barcelona	Venezuela	VE	americas	10.111111	-64.692222	35	America/Caracas	Puero La Cruz | Lecheria
BLB	Panamá Pacífico International Airport	Panama City	Panama	PA	americas	8.914790	-79.599602	5	America/Panama	HOW | Howard Air Force Base | Panama Pacifico | Panamá City
BLD	Boulder City Municipal Airport	Boulder City	United States	US	americas	35.947161	-114.858799	15	America/Los_Angeles	61B
BLE	Dala Airport	Borlange	Sweden	SE	europe	60.422001	15.515200	15	Europe/Stockholm	
BLI	Bellingham International Airport	Bellingham	United States	US	americas	48.792801	-122.538002	20	America/Los_Angeles	
BLJ	Batna Mostefa Ben Boulaid Airport	Batna	Algeria	DZ	africa	35.752102	6.308590	30	Africa/Algiers	
BLL	Billund Airport	Billund	Denmark	DK	europe	55.740335	9.157019	30	Europe/Copenhagen	
BLQ	Bologna Guglielmo Marconi Airport	Bologna	Italy	IT	europe	44.535400	11.288700	30	Europe/Rome	Guglielmo Marconi Airport | Borgo Panigale Airport
BLR	Kempegowda International Airport Bengaluru	Bangalore	India	IN	asia	13.197900	77.706299	35	Asia/Kolkata	Bengaluru
BLV	Scott AFB/Midamerica Airport	Belleville	United States	US	americas	38.545200	-89.835197	15	America/Chicago	Scott Air Force Base
BLW	Beledweyne Airport	Beledweyne	Somalia	SO	africa	4.766976	45.238800	5	Africa/Mogadishu	Belet Uen | Beletweyn | Duqow Ahmed Fiidow | Beletwene
BLZ	Chileka International Airport	Blantyre	Malawi	MW	africa	-15.677189	34.972319	35	Africa/Blantyre	
BMA	Stockholm-Bromma Airport	Stockholm	Sweden	SE	europe	59.354401	17.941700	15	Europe/Stockholm	
BME	Broome International Airport	Broome	Australia	AU	oceania	-17.949194	122.228300	35	Australia/Perth	
BMI	Central Illinois Regional Airport at Bloomington-Normal	Bloomington-Normal	United States	US	americas	40.477100	-88.915901	15	America/Chicago	Bloomington/Normal
BMK	Borkum Airport	Borkum	Germany	DE	europe	53.596390	6.709167	5	Europe/Berlin	
BMO	Banmaw Airport	Banmaw	Myanmar	MM	asia	24.270440	97.247600	5	Asia/Yangon	Banmaws | Bhamo
BMR	Baltrum Airport	Baltrum	Germany	DE	europe	53.724850	7.373257	5	Europe/Berlin	
BMU	Sultan Muhammad Salahuddin Airport	Bima-Sumbawa Island	Indonesia	ID	asia	-8.537184	118.685002	15	Asia/Makassar	WRRB | PBW | Palibelo Airport | Bima | Raba Airfield
BMV	Buon Ma Thuot Airport	Buon Ma Thuot	Vietnam	VN	asia	12.668300	108.120003	15	Asia/Ho_Chi_Minh	
BMW	Bordj Badji Mokhtar Airport	Bordj Badji Mokhtar	Algeria	DZ	africa	21.377800	0.926980	15	Africa/Algiers	
BMY	Île Art - Waala Airport	Waala	New Caledonia	NC	oceania	-19.720521	163.661077	5	Pacific/Noumea	Belep Islands Airport
BNA	Nashville International Airport	Nashville	United States	US	americas	36.124500	-86.678200	35	America/Chicago	
BNB	Boende Airport	Boende	Democratic Republic of the Congo	CD	africa	-0.286652	20.883551	5	Africa/Kinshasa	
BND	Bandar Abbas International Airport	Bandar Abbas	Iran	IR	middle_east	27.218300	56.377800	35	Asia/Tehran	
BNE	Brisbane International Airport	Brisbane	Australia	AU	oceania	-27.384199	153.117004	68	Australia/Brisbane	
BNI	Benin Airport	Benin	Nigeria	NG	africa	6.316980	5.599500	15	Africa/Lagos	
BNK	Ballina Byron Gateway Airport	Ballina	Australia	AU	oceania	-28.833236	153.561471	15	Australia/Sydney	
BNN	Brønnøysund Airport, Brønnøy	Bronnoy	Norway	NO	europe	65.461098	12.217500	15	Europe/Oslo	Brønnøy
BNS	Barinas Airport	Barinas	Venezuela	VE	americas	8.615000	-70.214167	15	America/Caracas	
BNX	Banja Luka International Airport	Banja Luka	Bosnia and Herzegovina	BA	europe	44.941399	17.297501	35	Europe/Sarajevo	Mahovljani Airport | Mahovljani
BNY	Bellona/Anua Airport	Anua	Solomon Islands	SB	oceania	-11.302222	159.798333	5	Pacific/Guadalcanal	
BOB	Bora Bora Airport	Motu Mute	French Polynesia	PF	oceania	-16.444401	-151.751007	15	Pacific/Tahiti	
BOC	Bocas del Toro "Isla Colón" International Airport	Isla Colon	Panama	PA	americas	9.340850	-82.250801	20	America/Panama	Jose Ezequiel Hall | Isla Colón
BOD	Bordeaux–Mérignac Airport	Bordeaux/Merignac	France	FR	europe	44.828650	-0.715356	30	Europe/Paris	Bordeaux
BOG	El Dorado International Airport	Bogota	Colombia	CO	americas	4.701590	-74.146900	35	America/Bogota	Cundinamarca
BOH	Bournemouth Airport	Bournemouth	United Kingdom	GB	europe	50.780483	-1.839576	15	Europe/London	RAF Hurn
BOI	Boise Air Terminal/Gowen Field	Boise	United States	US	americas	43.564400	-116.223000	30	America/Boise	Boise Air Terminal | Gowen Field
BOJ	Burgas Airport	Burgas	Bulgaria	BG	europe	42.569917	27.515173	30	Europe/Sofia	Bourgas
BOM	Chhatrapati Shivaji Maharaj International Airport	Mumbai	India	IN	asia	19.088699	72.867897	82	Asia/Kolkata	Bombay | Sahar International Airport
BON	Flamingo International Airport	Kralendijk	Caribbean Netherlands	BQ	americas	12.131000	-68.268501	35	America/Kralendijk	Bonaire
BOO	Bodø Airport	Bodo	Norway	NO	europe	67.269203	14.365300	30	Europe/Oslo	Bodø Air Force Base | Bodø Main Air Station | Bodø
BOR	Bokeo International Airport	Belfort	Laos	LA	asia	20.323986	100.165392	20	Europe/Paris	Ton Phueng
BOS	Boston Logan International Airport	Boston	United States	US	americas	42.361970	-71.007900	75	America/New_York	
BOY	Bobo Dioulasso Airport	Bobo Dioulasso	Burkina Faso	BF	africa	11.160100	-4.330970	30	Africa/Ouagadougou	
BPE	Qinhuangdao Beidaihe Airport	Qinhuangdao	China	CN	asia	39.666384	119.061384	15	Asia/Shanghai	
BPL	Bole Alashankou Airport	Bole	China	CN	asia	44.895461	82.300070	15	Asia/Shanghai	
BPN	Sultan Aji Muhammad Sulaiman Sepinggan International Airport	Balikpapan-Borneo Island	Indonesia	ID	asia	-1.268342	116.894520	35	Asia/Makassar	WRLL | Balikpapan Airport | Sepinggan Airport | Sepinggang Airfield | Balikpapan
BPS	Porto Seguro International Airport	Porto Seguro	Brazil	BR	americas	-16.438426	-39.080584	35	America/Bahia	
BPT	Jack Brooks Regional Airport	Beaumont/Port Arthur	United States	US	americas	29.950800	-94.020699	15	America/Chicago	Southeast Texas Regional
BPX	Qamdo Bangda Airport	Bangda	China	CN	asia	30.553600	97.108299	15	Asia/Shanghai	
BPY	Besalampy Airport	Besalampy	Madagascar	MG	africa	-16.744530	44.482484	15	Indian/Antananarivo	
BQB	Busselton Margaret River Regional Airport	Busselton	Australia	AU	oceania	-33.687222	115.400278	5	Australia/Perth	
BQG	Bogorodskoye Airport	Bogorodskoye	Russia	RU	europe	52.381041	140.449378	5	Asia/Vladivostok	Bogorodskoe Airport
BQK	Brunswick Golden Isles Airport	Brunswick	United States	US	americas	31.258801	-81.466499	15	America/New_York	Glynco Jetport
BQL	Boulia Airport	Boulia	Australia	AU	oceania	-22.913300	139.899994	15	Australia/Brisbane	
BQN	Rafael Hernández International Airport	Aguadilla	Puerto Rico	PR	americas	18.494900	-67.129402	20	America/Puerto_Rico	Ramey | TJFF
BQS	Ignatyevo Airport	Blagoveschensk	Russia	RU	europe	50.426723	127.415502	15	Asia/Yakutsk	Blagoveschensk Airport | Blagoveshchensk Airport
BQT	Brest International Airport	Brest	Belarus	BY	europe	52.108138	23.896760	35	Europe/Minsk	
BQU	J F Mitchell Airport	Bequia	Saint Vincent and the Grenadines	VC	americas	12.988400	-61.262001	15	America/St_Vincent	
BRA	Dom Ricardo Weberberger Airport	Barreiras	Brazil	BR	americas	-12.078900	-45.008999	5	America/Bahia	
BRC	Teniente Luis Candelaria International Airport	San Carlos de Bariloche	Argentina	AR	americas	-41.151199	-71.157501	35	America/Argentina/Salta	Teniente Luis Candelaria
BRD	Brainerd Lakes Regional Airport	Brainerd	United States	US	americas	46.402861	-94.129727	15	America/Chicago	Crow Wing County Airport
BRE	Bremen Airport	Bremen	Germany	DE	europe	53.046786	8.789320	30	Europe/Berlin	
BRI	Bari Karol Wojtyła International Airport	Bari	Italy	IT	europe	41.138901	16.760599	35	Europe/Rome	Palese Macchie Airport | Palese Airport
BRK	Bourke Airport	Bourke	Australia	AU	oceania	-30.039200	145.951996	15	Australia/Sydney	
BRL	Southeast Iowa Regional Airport	Burlington	United States	US	americas	40.783199	-91.125504	15	America/Chicago	
BRM	Jacinto Lara International Airport	Barquisimeto	Venezuela	VE	americas	10.042747	-69.358620	35	America/Caracas	
BRN	Bern Airport	Bern	Switzerland	CH	europe	46.912736	7.498819	15	Europe/Zurich	LSZB | Belp | Bern-Belp | Bern-Belp Regional Airfield | Regionalflugplatz Bern-Belp
BRO	Brownsville South Padre Island International Airport	Brownsville	United States	US	americas	25.907238	-97.425235	20	America/Chicago	
BRQ	Brno-Tuřany Airport	Brno	Czech Republic	CZ	europe	49.151276	16.693972	15	Europe/Prague	
BRR	Barra Airport	Eoligarry	United Kingdom	GB	europe	57.022800	-7.443060	15	Europe/London	Barra Eoligarry Airport | Barra Island
BRS	Bristol Airport	Bristol	United Kingdom	GB	europe	51.382326	-2.716453	30	Europe/London	Lulsgate Bottom
BRU	Brussels Airport	Brussels	Belgium	BE	europe	50.901402	4.484440	67	Europe/Brussels	Brussels National | Zaventem | EBMB
BRW	Wiley Post Will Rogers Memorial Airport	Barrow	United States	US	americas	71.285402	-156.766008	15	America/Anchorage	Utqiaġvik
BRX	Maria Montez International Airport	Barahona	Dominican Republic	DO	americas	18.251499	-71.120399	20	America/Santo_Domingo	
BSA	Bender Qassim International Airport	Bosaso	Somalia	SO	africa	11.275235	49.139231	35	Africa/Mogadishu	
BSB	Presidente Juscelino Kubitschek International Airport	Brasilia	Brazil	BR	americas	-15.869167	-47.920834	35	America/Sao_Paulo	Brasília
BSC	José Celestino Mutis Airport	Bahia Solano	Colombia	CO	americas	6.202920	-77.394700	15	America/Bogota	Bahía Solano
BSD	Baoshan Yunrui Airport	Baoshan	China	CN	asia	25.053301	99.168297	15	Asia/Shanghai	Baoshan Yunduan Airport
BSG	Bata International Airport	Bata	Equatorial Guinea	GQ	africa	1.905470	9.805680	35	Africa/Malabo	
BSK	Biskra - Mohamed Khider Airport	Biskra	Algeria	DZ	africa	34.793180	5.738899	30	Africa/Algiers	
BSL	EuroAirport Basel–Mulhouse–Freiburg	Bale/Mulhouse	France	FR	europe	47.600680	7.521117	30	Europe/Paris	MLH | EAP | LSZM | Bâle | Basle | Bâle / Mulhouse
BSO	Basco Airport	Basco	Philippines	PH	asia	20.451300	121.980003	15	Asia/Manila	Irport nu Basco | Paliparang Basco | Pagtayaban ti Basco
BSR	Basra International Airport	Basrah	Iraq	IQ	middle_east	30.549101	47.662102	35	Asia/Baghdad	Basra
BSX	Pathein Airport	Pathein	Myanmar	MM	asia	16.815201	94.779900	5	Asia/Yangon	Bassein
BSZ	Manas International Airport	Bishkek	Kyrgyzstan	KG	asia	43.061298	74.477600	35	Asia/Bishkek	FRU | UAFM | Manas Air Force Base
BTC	Batticaloa International Airport	Batticaloa	Sri Lanka	LK	asia	7.705073	81.677163	20	Asia/Colombo	
BTH	Hang Nadim International Airport	Batam Island	Indonesia	ID	asia	1.121030	104.119003	35	Asia/Jakarta	WIKB | Batam
BTI	Barter Island Long Range Radar Station Airport	Barter Island Lrrs	United States	US	americas	70.134003	-143.582001	15	America/Anchorage	Barter Island
BTJ	Sultan Iskandar Muda International Airport	Banda Aceh-Sumatra Island	Indonesia	ID	asia	5.525087	95.419970	35	Asia/Jakarta	WIAB | Banda Aceh
BTK	Bratsk Airport	Bratsk	Russia	RU	europe	56.369600	101.701822	15	Asia/Irkutsk	
BTM	Bert Mooney Airport	Butte	United States	US	americas	45.954800	-112.497002	15	America/Denver	
BTR	Baton Rouge Metropolitan Airport	Baton Rouge	United States	US	americas	30.533199	-91.149597	15	America/Chicago	
BTS	M. R. Štefánik Airport	Bratislava	Slovakia	SK	europe	48.170200	17.212700	30	Europe/Bratislava	
BTT	Bettles Airport	Bettles	United States	US	americas	66.913902	-151.529007	5	America/Anchorage	
BTU	Bintulu Airport	Bintulu	Malaysia	MY	asia	3.123850	113.019997	15	Asia/Kuching	
BTV	Patrick Leahy Burlington International Airport	Burlington	United States	US	americas	44.471901	-73.153297	20	America/New_York	
BTW	Bersujud Airport	Batu Licin-Borneo Island	Indonesia	ID	asia	-3.412410	115.995003	5	Asia/Makassar	WRBC | Batulicin | Batu Licin
BUA	Buka Airport	Buka Island	Papua New Guinea	PG	oceania	-5.422299	154.672698	15	Pacific/Bougainville	
BUC	Burketown Airport	Burketown	Australia	AU	oceania	-17.748600	139.533997	5	Australia/Brisbane	
BUD	Budapest Liszt Ferenc International Airport	Budapest	Hungary	HU	europe	47.430180	19.262393	62	Europe/Budapest	Ferihegyi nemzetközi repülőtér
BUF	Buffalo Niagara International Airport	Buffalo	United States	US	americas	42.940498	-78.732201	35	America/New_York	
BUI	Bokondini Airport	Bokondini-Papua Island	Indonesia	ID	asia	-3.684550	138.677437	5	Asia/Jayapura	WAJB | Bokondini
BUN	Gerardo Tobar López Airport	Buenaventura	Colombia	CO	americas	3.819630	-76.989800	15	America/Bogota	
BUQ	Joshua Mqabuko Nkomo International Airport	Bulawayo	Zimbabwe	ZW	africa	-20.016284	28.622897	35	Africa/Harare	FVBU
BUR	Hollywood Burbank/Bob Hope Airport	Burbank	United States	US	americas	34.202834	-118.358050	30	America/Los_Angeles	United Airport | Union Air Terminal | Lockheed Air Terminal
BUS	Alexander Kartveli Batumi International Airport	Batumi	Georgia	GE	asia	41.609390	41.600315	35	Asia/Tbilisi	Black Sea
BUT	Bathpalathang Airport	Jakar	Bhutan	BT	asia	27.562200	90.747100	5	Asia/Thimphu	Bumthang Domestic
BUX	Bunia Airport	Bunia	Democratic Republic of the Congo	CD	africa	1.565743	30.220685	15	Africa/Lubumbashi	
BUZ	Bushehr Airport	Bushehr	Iran	IR	middle_east	28.944799	50.834599	15	Asia/Tehran	
BVA	Beauvais-Tillé airport	Beauvais/Tille	France	FR	europe	49.454399	2.112780	30	Europe/Paris	Beauvais-Tillé | Beauvais
BVB	Atlas Brasil Cantanhede International Airport	Boa Vista	Brazil	BR	americas	2.846150	-60.690648	35	America/Boa_Vista	Boa Vista International Airport
BVC	Aristides Pereira International Airport	Rabil	Cape Verde	CV	africa	16.136499	-22.888901	35	Atlantic/Cape_Verde	Boa Vista Island
BVE	Brive Souillac airport	Nespouls	France	FR	europe	45.039722	1.485556	15	Europe/Paris	Vallee de la Dordogne | Brive-la-Gaillarde | Brive
BVG	Berlevåg Airport	Berlevag	Norway	NO	europe	70.871517	29.034097	15	Europe/Oslo	Berlevåg
BVH	Brigadeiro Camarão Airport	Vilhena	Brazil	BR	americas	-12.694400	-60.098301	15	America/Porto_Velho	Vilhena Airport
BVI	Birdsville Airport	Birdsville	Australia	AU	oceania	-25.897499	139.348007	15	Australia/Brisbane	
BVJ	Bovanenkovo Airport	Bovanenkovo	Russia	RU	europe	70.315278	68.333611	15	Asia/Yekaterinburg	HELIOPS | GAZPROM | LNG
BVS	Breves Airport	Breves	Brazil	BR	americas	-1.636530	-50.443600	5	America/Belem	
BWA	Gautam Buddha International Airport	Bhairawa	Nepal	NP	asia	27.504636	83.410381	35	Asia/Kathmandu	Bhairahawa Airport | Siddharthanagar
BWI	Baltimore/Washington International Thurgood Marshall Airport	Baltimore	United States	US	americas	39.175400	-76.668297	35	America/New_York	WAS | Friendship International
BWK	Brač Airport	Brac Island	Croatia	HR	europe	43.284454	16.678362	15	Europe/Zagreb	Bol Airport | Gornji Humac
BWN	Brunei International Airport	Bandar Seri Begawan	Brunei	BN	asia	4.944200	114.928001	35	Asia/Brunei	
BWO	Balakovo Airport	Balakovo	Russia	RU	europe	51.858299	47.745602	15	Europe/Saratov	Malaya Bykovka Airport
BWT	Wynyard Airport	Burnie	Australia	AU	oceania	-40.997039	145.726000	15	Australia/Hobart	
BXG	Bendigo Airport	Bendigo	Australia	AU	oceania	-36.739399	144.330002	5	Australia/Melbourne	
BXH	Balkhash Airport	Balkhash	Kazakhstan	KZ	asia	46.894246	75.004533	15	Asia/Almaty	Balqash
BXR	Bam Airport	Bam	Iran	IR	middle_east	29.084200	58.450001	15	Asia/Tehran	
BXT	LNG Badak Airport	Bontang-Borneo Island	Indonesia	ID	asia	0.121656	117.476558	5	Asia/Makassar	WRLC
BXU	Bancasi Airport	Butuan City	Philippines	PH	asia	8.951500	125.478800	15	Asia/Manila	Butuan
BXY	Baikonur Krayniy International Airport	Baikonur	Kazakhstan	KZ	asia	45.621994	63.210773	35	Asia/Qyzylorda	Krayniy Airport
BYK	Bouaké Airport	Bouake	Côte d'Ivoire	CI	africa	7.738800	-5.073670	15	Africa/Abidjan	Bouaké
BYM	Carlos Manuel de Cespedes Airport	Bayamo	Cuba	CU	americas	20.396400	-76.621399	15	America/Havana	
BYN	Bayankhongor Airport	Bayankhongor	Mongolia	MN	asia	46.163300	100.704002	15	Asia/Ulaanbaatar	
BYO	Bonito Airport	Bonito	Brazil	BR	americas	-21.247300	-56.452399	5	America/Campo_Grande	SJDB
BYR	Læsø Airport	Laeso	Denmark	DK	europe	57.277199	11.000100	5	Europe/Copenhagen	Laesoe | Læsø
BYW	Blakely Island Airport	Blakely Island	United States	US	americas	48.579162	-122.823844	5	America/Los_Angeles	
BZE	Philip S. W. Goldson International Airport	Belize City	Belize	BZ	americas	17.539951	-88.303556	35	America/Belize	Belize International | Ladyville
BZG	Ignacy Jan Paderewski Bydgoszcz Airport	Bydgoszcz	Poland	PL	europe	53.096802	17.977699	15	Europe/Warsaw	Szwederowo | Bromberg
BZI	Balıkesir Airport	Balikesir	Turkey	TR	europe	39.619301	27.926001	15	Europe/Istanbul	Balıkesir Air Base | Balıkesir Central | Balıkesir Merkez | Balıkesir
BZL	Barisal Airport	Barisal	Bangladesh	BD	asia	22.801001	90.301201	15	Asia/Dhaka	
BZN	Bozeman Yellowstone International Airport	Bozeman	United States	US	americas	45.778853	-111.153711	20	America/Denver	Gallatin Field
BZO	Bolzano Airport	Bolzano	Italy	IT	europe	46.459245	11.326125	15	Europe/Rome	G Sabelli | Dolomiti
BZR	Béziers Vias airport	Beziers/Vias	France	FR	europe	43.323502	3.353900	15	Europe/Paris	Béziers
BZV	Maya-Maya International Airport	Brazzaville	Republic of the Congo	CG	africa	-4.251700	15.253000	35	Africa/Brazzaville	
BZX	Bazhong Enyang Airport	Bazhong	China	CN	asia	31.738420	106.644872	15	Asia/Shanghai	
CAB	Cabinda Airport	Cabinda	Angola	AO	africa	-5.598390	12.188145	15	Africa/Luanda	Maria Mambo Café
CAC	Coronel Adalberto Mendes da Silva Airport	Cascavel	Brazil	BR	americas	-25.000323	-53.501208	15	America/Sao_Paulo	
CAE	Columbia Metropolitan Airport	Columbia	United States	US	americas	33.938172	-81.123022	15	America/New_York	
CAF	Carauari Airport	Carauari	Brazil	BR	americas	-4.871473	-66.897552	5	America/Manaus	
CAG	Cagliari Elmas Airport	Cagliari	Italy	IT	europe	39.251499	9.054280	30	Europe/Rome	Cagliari Airport | Elmas
CAH	Cà Mau Airport	Ca Mau City	Vietnam	VN	asia	9.177667	105.177778	15	Asia/Ho_Chi_Minh	Moranc Airfield | Quan Long Airport
CAI	Cairo International Airport	Cairo	Egypt	EG	africa	30.111534	31.396694	76	Africa/Cairo	
CAJ	Canaima Airport	Canaima	Venezuela	VE	americas	6.231989	-62.854850	15	America/Caracas	
CAK	Akron Canton Regional Airport	Akron	United States	US	americas	40.916100	-81.442200	15	America/New_York	
CAL	Campbeltown Airport	Campbeltown	United Kingdom	GB	europe	55.437199	-5.686390	15	Europe/London	Kintyre | RAF Machrihanish | Kinlochkilkerran
CAN	Guangzhou Baiyun International Airport	Guangzhou	China	CN	asia	23.392401	113.299004	35	Asia/Shanghai	
CAP	Cap Haitien International Airport	Cap Haitien	Haiti	HT	americas	19.725547	-72.200710	35	America/Port-au-Prince	
CAT	Cascais Airport	Cascais	Portugal	PT	europe	38.724998	-9.355230	15	Europe/Lisbon	Tires
CAU	Caruaru Airport	Caruaru	Brazil	BR	americas	-8.282390	-36.013500	5	America/Recife	Oscar Laranjeiras
CAW	Bartolomeu Lisandro Airport	Campos Dos Goytacazes	Brazil	BR	americas	-21.698299	-41.301701	15	America/Sao_Paulo	
CAY	Cayenne – Félix Eboué Airport	Cayenne / Rochambeau	French Guiana	GF	americas	4.819964	-52.361326	30	America/Cayenne	Cayenne-Rochambeau | Matoury
CAZ	Cobar Airport	Cobar	Australia	AU	oceania	-31.538300	145.794006	15	Australia/Sydney	
CBB	Jorge Wilsterman International Airport	Cochabamba	Bolivia	BO	americas	-17.421105	-66.177102	35	America/La_Paz	
CBH	Béchar Boudghene Ben Ali Lotfi Airport	Bechar	Algeria	DZ	africa	31.645700	-2.269860	15	Africa/Algiers	Béchar Ouakda Airport | Béchar
CBO	Cotabato (Awang) Airport	Cotabato City	Philippines	PH	asia	7.164753	124.209938	15	Asia/Manila	Awang | Kutawatu | Datu Odin Sinsuat
CBQ	Margaret Ekpo International Airport	Calabar	Nigeria	NG	africa	4.976020	8.347200	20	Africa/Lagos	
CBR	Canberra Airport	Canberra	Australia	AU	oceania	-35.306900	149.195007	15	Australia/Sydney	RAAF Base Fairbairn
CBT	Catumbela Airport	Catumbela	Angola	AO	africa	-12.479200	13.486900	15	Africa/Luanda	
CCC	Jardines Del Rey Airport	Cayo Coco	Cuba	CU	americas	22.461000	-78.328400	15	America/Havana	
CCE	Capital International Airport	New Administrative Capital	Egypt	EG	africa	30.064650	31.839974	20	Africa/Cairo	New Cairo
CCF	Carcassonne Salvaza Airport	Carcassonne/Salvaza	France	FR	europe	43.216000	2.306320	15	Europe/Paris	Carcassonne
CCJ	Calicut International Airport	Calicut	India	IN	asia	11.135996	75.955152	35	Asia/Kolkata	
CCK	Cocos (Keeling) Islands Airport	Cocos (Keeling) Islands	Cocos (Keeling) Islands	CC	asia	-12.192218	96.834103	30	Indian/Cocos	West Island
CCP	Carriel Sur International Airport	Concepcion	Chile	CL	americas	-36.772350	-73.062828	35	America/Santiago	
CCR	Buchanan Field	Concord	United States	US	americas	37.989700	-122.056999	15	America/Los_Angeles	
CCS	Maiquetía Simón Bolívar International Airport	Caracas	Venezuela	VE	americas	10.602214	-66.991174	35	America/Caracas	Maiquetía
CCU	Netaji Subhash Chandra Bose International Airport	Kolkata	India	IN	asia	22.654012	88.447650	35	Asia/Kolkata	Calcutta | Kolkatta | Dum Dum Air Force Station
CCV	Craig Cove Airport	Craig Cove	Vanuatu	VU	oceania	-16.264999	167.923996	5	Pacific/Efate	
CCZ	Chub Cay Airport	Chub Cay	Bahamas	BS	americas	25.417101	-77.880898	15	America/Nassau	
CDB	Cold Bay Airport	Cold Bay	United States	US	americas	55.207871	-162.725029	15	America/Nome	
CDC	Cedar City Regional Airport	Cedar City	United States	US	americas	37.701000	-113.098999	15	America/Denver	
CDE	Chengde Puning Airport	Chengde	China	CN	asia	41.122500	118.073889	15	Asia/Shanghai	
CDG	Charles de Gaulle International Airport	Paris	France	FR	europe	49.008960	2.554117	95	Europe/Paris	PAR | Aéroport Roissy-Charles de Gaulle | Roissy Airport
CDP	Kadapa Airport	Kadapa	India	IN	asia	14.513154	78.769183	15	Asia/Kolkata	Cuddapah
CDR	Chadron Municipal Airport	Chadron	United States	US	americas	42.837601	-103.095001	15	America/Denver	
CDT	Castellón-Costa Azahar Airport	Castellón	Spain	ES	europe	40.213889	0.073333	15	Europe/Madrid	Castellón de la Plana
CDV	Merle K (Mudhole) Smith Airport	Cordova	United States	US	americas	60.491798	-145.477997	15	America/Anchorage	Cordova Mile 13
CEB	Mactan Cebu International Airport	Lapu-Lapu City	Philippines	PH	asia	10.309261	123.979740	35	Asia/Manila	Mactan Air Base | Opon Airfield | Cebu City/Lapu-Lapu City
CEC	Jack Mc Namara Field Airport	Crescent City	United States	US	americas	41.778929	-124.236403	15	America/Los_Angeles	Jack McNamara Field
CED	Ceduna Airport	Ceduna	Australia	AU	oceania	-32.130600	133.710007	15	Australia/Adelaide	
CEE	Cherepovets Airport	Cherepovets	Russia	RU	europe	59.273602	38.015800	15	Europe/Moscow	
CEI	Mae Fah Luang - Chiang Rai International Airport	Chiang Rai	Thailand	TH	asia	19.952299	99.882896	35	Asia/Bangkok	
CEK	Kurchatov Chelyabinsk International Airport	Chelyabinsk	Russia	RU	europe	55.303141	61.504927	35	Asia/Yekaterinburg	Balandino | Balandino Airport
CEL	Canela Airport	Canela	Brazil	BR	americas	-29.370091	-50.831729	5	America/Sao_Paulo	
CEM	Central Airport	Central	United States	US	americas	65.573815	-144.780707	5	America/Anchorage	
CEN	Ciudad Obregón International Airport	Ciudad Obregon	Mexico	MX	americas	27.392599	-109.833000	20	America/Hermosillo	Ciudad Obregón
CEZ	Cortez Municipal Airport	Cortez	United States	US	americas	37.303001	-108.627998	15	America/Denver	
CFB	Cabo Frio Airport	Cabo Frio	Brazil	BR	americas	-22.921485	-42.071874	5	America/Sao_Paulo	
CFE	Clermont-Ferrand Auvergne airport	Clermont-Ferrand/Auvergne	France	FR	europe	45.786701	3.169170	30	Europe/Paris	Clermont-Ferrand
CFG	Jaime Gonzalez Airport	Cienfuegos	Cuba	CU	americas	22.150000	-80.414200	15	America/Havana	Las Villas Airport
CFK	Chlef Aboubakr Belkaid International Airport	Chlef	Algeria	DZ	africa	36.216614	1.341114	35	Africa/Algiers	Ech Cheliff Airport
CFN	Donegal Airport	Donegal	Ireland	IE	europe	55.044201	-8.341000	15	Europe/Dublin	Gweedore
CFR	Caen Carpiquet airport	Caen/Carpiquet	France	FR	europe	49.176780	-0.454883	15	Europe/Paris	Caen
CFS	Coffs Harbour Airport	Coffs Harbour	Australia	AU	oceania	-30.320601	153.115997	15	Australia/Sydney	RAAF Base Coffs Harbour
CFU	Corfu Ioannis Kapodistrias International Airport	Kerkyra Island	Greece	GR	europe	39.601450	19.912179	35	Europe/Athens	Corfu | Kerkyra
CGB	Várzea Grande–Marechal Rondon International Airport	Cuiaba	Brazil	BR	americas	-15.652900	-56.116699	35	America/Cuiaba	Cuiabá
CGD	Changde Taohuayuan Airport	Changde	China	CN	asia	28.918900	111.639999	15	Asia/Shanghai	
CGH	Congonhas–Deputado Freitas Nobre Airport	Sao Paulo	Brazil	BR	americas	-23.627657	-46.654601	30	America/Sao_Paulo	São Paulo
CGI	Cape Girardeau Regional Airport	Cape Girardeau	United States	US	americas	37.225300	-89.570801	15	America/Chicago	
CGK	Soekarno-Hatta International Airport	Jakarta	Indonesia	ID	asia	-6.125570	106.655998	77	Asia/Jakarta	JKT | Cengkareng | Java
CGM	Camiguin Airport	Mambajao	Philippines	PH	asia	9.253894	124.709115	15	Asia/Manila	
CGN	Cologne Bonn Airport	Cologne	Germany	DE	europe	50.865898	7.142740	30	Europe/Berlin	Köln
CGO	Zhengzhou Xinzheng International Airport	Zhengzhou	China	CN	asia	34.526497	113.849165	35	Asia/Shanghai	Xinzheng Airport
CGP	Shah Amanat International Airport	Chittagong	Bangladesh	BD	asia	22.249599	91.813301	35	Asia/Dhaka	M.A. Hannan International Airport | Chattogram
CGQ	Changchun Longjia International Airport	Changchun	China	CN	asia	43.996201	125.684998	35	Asia/Shanghai	
CGR	Campo Grande Airport	Campo Grande	Brazil	BR	americas	-20.469998	-54.673988	15	America/Campo_Grande	
CGY	Laguindingan International Airport	Laguindingan	Philippines	PH	asia	8.612203	124.456496	35	Asia/Manila	IGN | RPML | Cagayan de Oro
CHA	Chattanooga Metropolitan Airport (Lovell Field)	Chattanooga	United States	US	americas	35.035301	-85.203796	15	America/New_York	
CHC	Christchurch International Airport	Christchurch	New Zealand	NZ	oceania	-43.489029	172.532065	35	Pacific/Auckland	
CHG	Chaoyang Airport	Chaoyang	China	CN	asia	41.538101	120.434998	15	Asia/Shanghai	Shuangta
CHH	Chachapoyas Airport	Chachapoyas	Peru	PE	americas	-6.201911	-77.856195	15	America/Lima	
CHM	FAP Lieutenant Jaime Andres de Montreuil Morales Airport	Chimbote	Peru	PE	americas	-9.149610	-78.523804	15	America/Lima	
CHO	Charlottesville Albemarle Airport	Charlottesville	United States	US	americas	38.138599	-78.452904	15	America/New_York	
CHQ	Chania International Airport	Souda	Greece	GR	europe	35.531207	24.150673	35	Europe/Athens	
CHS	Charleston International Airport	Charleston	United States	US	americas	32.896159	-80.038151	35	America/New_York	Charleston Air Force Base
CHT	Inia William Tuuta Memorial Airport	Waitangi	New Zealand	NZ	oceania	-43.811890	-176.465140	15	Pacific/Chatham	Karewa | Te One
CHU	Chuathbaluk Airport	Chuathbaluk	United States	US	americas	61.579102	-159.216003	5	America/Anchorage	
CHX	Changuinola Captain Manuel Niño International Airport	Changuinola	Panama	PA	americas	9.458962	-82.515062	20	America/Panama	
CHY	Choiseul Bay Airport	Choiseul Bay	Solomon Islands	SB	oceania	-6.711944	156.396111	5	Pacific/Guadalcanal	
CIA	Ciampino–G. B. Pastine International Airport	Roma	Italy	IT	europe	41.798769	12.595331	35	Europe/Rome	ROM | Giovan Battista Pastine Airport | Rome
CID	The Eastern Iowa Airport	Cedar Rapids	United States	US	americas	41.884701	-91.710800	15	America/Chicago	Cedar Rapids Municipal
CIF	Chifeng Yulong Airport	Chifeng	China	CN	asia	42.159723	118.840971	15	Asia/Shanghai	
CIH	Changzhi Wangcun Airport	Changzhi	China	CN	asia	36.247501	113.125999	5	Asia/Shanghai	
CIJ	Capitán Aníbal Arab Airport	Cobija	Bolivia	BO	americas	-11.039109	-68.782774	15	America/La_Paz	
CIK	Chalkyitsik Airport	Chalkyitsik	United States	US	americas	66.644997	-143.740005	5	America/Anchorage	
CIT	Shymkent International Airport	Shymkent	Kazakhstan	KZ	asia	42.365021	69.475640	35	Asia/Almaty	Chimkent Airport
CIU	Chippewa County International Airport	Sault Ste Marie	United States	US	americas	46.242038	-84.462082	20	America/Detroit	Sault Sainte Marie | Kincheloe
CIW	Canouan Airport	Canouan	Saint Vincent and the Grenadines	VC	americas	12.699000	-61.342400	15	America/St_Vincent	
CIX	Capitán FAP José A. Quiñones González International Airport	Chiclayo	Peru	PE	americas	-6.789223	-79.828254	35	America/Lima	
CIY	Comiso Airport	Comiso	Italy	IT	europe	36.995830	14.608890	15	Europe/Rome	Vincenzo Magliocco Airport | Aeroporto di Comiso
CJA	Mayor General FAP Armando Revoredo Iglesias Airport	Cajamarca	Peru	PE	americas	-7.139180	-78.489403	15	America/Lima	
CJB	Coimbatore International Airport	Coimbatore	India	IN	asia	11.030000	77.043404	35	Asia/Kolkata	
CJC	El Loa Airport	Calama	Chile	CL	americas	-22.498199	-68.903603	15	America/Santiago	
CJJ	Cheongju International Airport/Cheongju Air Base (K-59/G-513)	Cheongju	South Korea	KR	asia	36.715560	127.500289	35	Asia/Seoul	
CJL	Chitral Airport	Chitral	Pakistan	PK	asia	35.886213	71.799922	15	Asia/Karachi	
CJM	Chumphon Airport	Chumphon	Thailand	TH	asia	10.711200	99.361702	15	Asia/Bangkok	
CJS	Abraham González International Airport	Ciudad Juarez	Mexico	MX	americas	31.636673	-106.428533	35	America/Ciudad_Juarez	Ciudad Juárez
CJU	Jeju International Airport	Jeju City	South Korea	KR	asia	33.512058	126.492548	35	Asia/Seoul	
CKB	North Central West Virginia Airport	Clarksburg	United States	US	americas	39.296600	-80.228104	15	America/New_York	Bridgeport
CKG	Chongqing Jiangbei International Airport	Chongqing	China	CN	asia	29.712254	106.651895	35	Asia/Shanghai	
CKH	Chokurdakh Airport	Chokurdah	Russia	RU	europe	70.623100	147.901993	15	Asia/Srednekolymsk	Chokurdah Airport | Cokurdah Airport
CKS	Carajás Airport	Carajas	Brazil	BR	americas	-6.117841	-50.003372	15	America/Belem	Parauapebas
CKW	Christmas Creek Airport	Christmas Creek mine	Australia	AU	oceania	-22.354302	119.642603	5	Australia/Perth	Graeme Rowley Aerodrome
CKY	Ahmed Sékou Touré International Airport	Conakry	Guinea	GN	africa	9.576890	-13.612000	35	Africa/Conakry	Gbessia International Airport | Conakry International Airport
CKZ	Çanakkale Airport	Canakkale	Turkey	TR	europe	40.137699	26.426800	15	Europe/Istanbul	Çanakkale
CLD	McClellan-Palomar Airport	Carlsbad	United States	US	americas	33.128300	-117.279999	15	America/Los_Angeles	
CLE	Cleveland Hopkins International Airport	Cleveland	United States	US	americas	41.411701	-81.849800	35	America/New_York	
CLJ	Avram Iancu Cluj International Airport	Cluj-Napoca	Romania	RO	europe	46.786042	23.685733	35	Europe/Bucharest	Someşeni Airport
CLL	Easterwood Field	College Station	United States	US	americas	30.588600	-96.363800	15	America/Chicago	
CLO	Alfonso Bonilla Aragon International Airport	Cali	Colombia	CO	americas	3.542717	-76.381898	35	America/Bogota	Palmaseca International | 02-20
CLP	Clarks Point Airport	Clarks Point	United States	US	americas	58.833698	-158.529007	5	America/Anchorage	
CLQ	Licenciado Miguel de la Madrid International Airport	Colima	Mexico	MX	americas	19.277000	-103.577002	20	America/Mexico_City	Colima Airport
CLT	Charlotte Douglas International Airport	Charlotte	United States	US	americas	35.214001	-80.943100	35	America/New_York	
CLV	Nelson Ribeiro Guimarães Airport	Caldas Novas	Brazil	BR	americas	-17.725096	-48.606324	5	America/Sao_Paulo	SWKN | Caldas Novas Airport
CLY	Calvi Sainte Catherine Airport	Calvi/Sainte-Catherine	France	FR	europe	42.530422	8.792984	15	Europe/Paris	Calvi
CMA	Cunnamulla Airport	Cunnamulla	Australia	AU	oceania	-28.030001	145.621994	15	Australia/Brisbane	
CMB	Bandaranaike International Colombo Airport	Colombo	Sri Lanka	LK	asia	7.180760	79.884102	35	Asia/Colombo	RAF Negombo | Katunayake International Airport
CME	Ciudad del Carmen International Airport	Ciudad del Carmen	Mexico	MX	americas	18.651516	-91.799355	20	America/Merida	
CMF	Chambéry Aix les Bains airport	Chambery/Aix-les-Bains	France	FR	europe	45.638100	5.880230	15	Europe/Paris	Chambéry
CMG	Corumbá International Airport	Corumba	Brazil	BR	americas	-19.011930	-57.672772	20	America/Campo_Grande	Corumbá
CMH	John Glenn Columbus International Airport	Columbus	United States	US	americas	39.998001	-82.891899	35	America/New_York	
CMI	University of Illinois Willard Airport	Champaign/Urbana	United States	US	americas	40.039819	-88.276249	15	America/Chicago	Champaign | Urbana | Savoy
CMN	Mohammed V International Airport	Casablanca	Morocco	MA	africa	33.367500	-7.589970	62	Africa/Casablanca	CAS | Casabianca | Nouasseur
CMU	Chimbu Airport	Kundiawa	Papua New Guinea	PG	oceania	-6.024290	144.970993	15	Pacific/Port_Moresby	
CMW	Ignacio Agramonte International Airport	Camaguey	Cuba	CU	americas	21.419909	-77.848039	35	America/Havana	
CMX	Houghton County Memorial Airport	Hancock	United States	US	americas	47.168400	-88.489098	15	America/Detroit	
CNB	Coonamble Airport	Coonamble	Australia	AU	oceania	-30.980946	148.377833	15	Australia/Sydney	
CND	Mihail Kogălniceanu International Airport	Constanta	Romania	RO	europe	44.362202	28.488300	35	Europe/Bucharest	Constanța | Mihail Kogalniceanu | RoAF 57th Air Base
CNF	Tancredo Neves International Airport	Belo Horizonte	Brazil	BR	americas	-19.635710	-43.966928	35	America/Sao_Paulo	
CNI	Changhai Dachangshandao Airport	Changhai	China	CN	asia	39.266441	122.666960	5	Asia/Shanghai	Dalian
CNJ	Cloncurry Airport	Cloncurry	Australia	AU	oceania	-20.668600	140.503998	15	Australia/Brisbane	
CNM	Cavern City Air Terminal	Carlsbad	United States	US	americas	32.337502	-104.263000	15	America/Denver	
CNN	Kannur International Airport	Mattanur	India	IN	asia	11.916343	75.544979	35	Asia/Kolkata	Kannur
CNP	Neerlerit Inaat Airport	Neerlerit Inaat	Greenland	GL	americas	70.743103	-22.650499	15	America/Scoresbysund	Constable Point | Mittarfik Nerlerit Inaat | Constable Pynt Lufthavn
CNQ	Corrientes Airport	Corrientes	Argentina	AR	americas	-27.445500	-58.761900	15	America/Argentina/Cordoba	
CNS	Cairns International Airport	Cairns	Australia	AU	oceania	-16.878921	145.749480	35	Australia/Brisbane	
CNX	Chiang Mai International Airport	Chiang Mai	Thailand	TH	asia	18.766800	98.962601	35	Asia/Bangkok	
CNY	Canyonlands Regional Airport	Moab	United States	US	americas	38.755001	-109.754997	15	America/Denver	
COD	Yellowstone Regional Airport	Cody	United States	US	americas	44.520199	-109.024002	15	America/Denver	
COK	Cochin International Airport	Cochin	India	IN	asia	10.151047	76.400838	35	Asia/Kolkata	Kochi
COL	Coll Airport	Coll Island	United Kingdom	GB	europe	56.601898	-6.617780	5	Europe/London	
COO	Cotonou Cadjehoun International Airport	Cotonou	Benin	BJ	africa	6.357230	2.384350	35	Africa/Porto-Novo	
COQ	Choibalsan Airport	Choibalsan	Mongolia	MN	asia	48.135381	114.647231	15	Asia/Choibalsan	
COR	Ingeniero Aeronáutico Ambrosio L.V. Taravella International Airport	Cordoba	Argentina	AR	americas	-31.312346	-64.208329	35	America/Argentina/Cordoba	
COS	City of Colorado Springs Municipal Airport	Colorado Springs	United States	US	americas	38.805801	-104.700996	30	America/Denver	Peterson SFB | Colorado Springs Airport
COU	Columbia Regional Airport	Columbia	United States	US	americas	38.818100	-92.219597	15	America/Chicago	
COV	Çukurova International Airport	Tarsus	Turkey	TR	europe	36.891478	35.071235	35	Europe/Istanbul	Çukurova International Airport
CPC	Aviador C. Campos Airport	Chapelco/San Martin de los Andes	Argentina	AR	americas	-40.075401	-71.137299	15	America/Argentina/Salta	
CPD	Coober Pedy Airport	Coober Pedy	Australia	AU	oceania	-29.038312	134.722166	15	Australia/Adelaide	
CPE	Ingeniero Alberto Acuña Ongay International Airport	Campeche	Mexico	MX	americas	19.815969	-90.500125	20	America/Merida	
CPH	Copenhagen Kastrup Airport	Copenhagen	Denmark	DK	europe	55.617901	12.656000	71	Europe/Copenhagen	København | Malmö
CPO	Desierto de Atacama Airport	Copiapo	Chile	CL	americas	-27.261200	-70.779198	15	America/Santiago	
CPR	Casper-Natrona County International Airport	Casper	United States	US	americas	42.907381	-106.461609	20	America/Denver	
CPT	Cape Town International Airport	Cape Town	South Africa	ZA	africa	-33.974030	18.604333	35	Africa/Johannesburg	Kaapstad Internasionale Lughawe | CTIA | DF Malan Airport
CPV	Presidente João Suassuna Airport	Campina Grande	Brazil	BR	americas	-7.269662	-35.896057	15	America/Fortaleza	
CPX	Benjamin Rivera Noriega Airport	Culebra Island	Puerto Rico	PR	americas	18.312954	-65.303893	15	America/Puerto_Rico	Culebra Airport | Culebra
CQW	Chongqing Xiannüshan Airport	Wulong	China	CN	asia	29.465658	107.693664	15	Asia/Shanghai	
CRA	Craiova International Airport	Craiova	Romania	RO	europe	44.318100	23.888599	35	Europe/Bucharest	
CRD	General Enrique Mosconi International Airport	Comodoro Rivadavia	Argentina	AR	americas	-45.786941	-67.463355	35	America/Argentina/Catamarca	
CRI	Colonel Hill Airport	Colonel Hill	Bahamas	BS	americas	22.745600	-74.182404	15	America/Nassau	Crooked Island Airport
CRK	Clark International Airport / Clark Air Base	Angeles City	Philippines	PH	asia	15.186000	120.559998	35	Asia/Manila	Diosdado Macapagal International Airport | Pangyatung Sulapawan ning Clark | Paliparang Pandaigdig ng Clark | Mabalacat
CRL	Brussels South Charleroi Airport	Brussels	Belgium	BE	europe	50.461963	4.459562	30	Europe/Brussels	Gosselies Airport | Charleroi
CRM	Catarman National Airport	Catarman	Philippines	PH	asia	12.501610	124.635258	15	Asia/Manila	
CRP	Corpus Christi International Airport	Corpus Christi	United States	US	americas	27.770399	-97.501198	20	America/Chicago	
CRU	Lauriston Airport	Carriacou Island	Grenada	GD	americas	12.476100	-61.472801	5	America/Grenada	
CRV	Crotone Sant'Anna Pythagoras Airport	Crotone	Italy	IT	europe	38.997200	17.080200	15	Europe/Rome	Sant'Anna Airport | Isola di Capo Rizzuto
CRW	Yeager Airport	Charleston	United States	US	americas	38.373100	-81.593201	15	America/New_York	
CRZ	Türkmenabat International Airport	Turkmenabat	Turkmenistan	TM	asia	38.930662	63.563982	35	Asia/Ashgabat	Turkmenabad Airport | Chardzhou Airport | Türkmenabat
CSA	Colonsay Airstrip	Colonsay	United Kingdom	GB	europe	56.057499	-6.243060	5	Europe/London	Machrins
CSG	Columbus Airport	Columbus	United States	US	americas	32.516415	-84.939602	15	America/New_York	
CSH	Solovki Airport	Solovetsky Islands	Russia	RU	europe	65.029996	35.730558	5	Europe/Moscow	
CSK	Cap Skirring Airport	Cap Skirring	Senegal	SN	africa	12.395330	-16.748000	15	Africa/Dakar	
CSX	Changsha Huanghua International Airport	Changsha	China	CN	asia	28.189199	113.220001	35	Asia/Shanghai	
CSY	Cheboksary Airport	Cheboksary	Russia	RU	europe	56.090302	47.347301	15	Europe/Moscow	
CTA	Catania-Fontanarossa Airport	Catania	Italy	IT	europe	37.466801	15.066400	30	Europe/Rome	Lanza Di Trabie | Catania-Fontanarossa Vincenzo Bellini
CTC	Coronel Felipe Varela International Airport	Catamarca	Argentina	AR	americas	-28.593117	-65.751200	20	America/Argentina/Catamarca	
CTD	Alonso Valderrama Airport	Chitre	Panama	PA	americas	7.987840	-80.409837	15	America/Panama	Chitré
CTG	Rafael Nuñez International Airport	Cartagena	Colombia	CO	americas	10.442400	-75.513000	35	America/Bogota	
CTL	Charleville Airport	Charleville	Australia	AU	oceania	-26.413300	146.261993	15	Australia/Brisbane	
CTM	Chetumal International Airport	Chetumal	Mexico	MX	americas	18.504985	-88.328018	20	America/Cancun	Aeropuerto Internacional de Chetumal
CTN	Cooktown Airport	Cooktown	Australia	AU	oceania	-15.443649	145.183221	15	Australia/Brisbane	
CTS	New Chitose Airport	Chitose / Tomakomai	Japan	JP	asia	42.774753	141.690414	30	Asia/Tokyo	Sapporo
CTU	Chengdu Shuangliu International Airport	Chengdu	China	CN	asia	30.558257	103.945966	35	Asia/Shanghai	
CUA	Ciudad Constitución National Airport	Ciudad Constitucion	Mexico	MX	americas	25.053801	-111.614998	5	America/Mazatlan	MM71 | Cap. Jaime Emilio Real Cossio | Comondú
CUC	Camilo Daza International Airport	Cucuta	Colombia	CO	americas	7.927570	-72.511500	20	America/Bogota	Cúcuta
CUE	Mariscal Lamar Airport	Cuenca	Ecuador	EC	americas	-2.889470	-78.984398	15	America/Guayaquil	
CUF	Cuneo International Airport	Cuneo	Italy	IT	europe	44.547458	7.623045	20	Europe/Rome	Cuneo Levaldigi Airport | Turin Cuneo Airport | Levaldigi
CUK	Caye Caulker Airport	Caye Caulker	Belize	BZ	americas	17.735015	-88.032862	15	America/Belize	
CUL	Bachigualato Federal International Airport	Culiacan	Mexico	MX	americas	24.765040	-107.475228	35	America/Mazatlan	Culiacán International Airport | Culiacán
CUM	Antonio José de Sucre Airport	Cumana	Venezuela	VE	americas	10.450333	-64.130470	15	America/Caracas	Cumaná
CUN	Cancún International Airport	Cancun	Mexico	MX	americas	21.040817	-86.873470	35	America/Cancun	Cancún
CUP	General Francisco Bermúdez Airport	Carupano	Venezuela	VE	americas	10.660014	-63.261681	15	America/Caracas	Carúpano
CUQ	Coen Airport	Coen	Australia	AU	oceania	-13.761133	143.113311	15	Australia/Brisbane	
CUR	Hato International Airport	Willemstad	Curaçao	CW	americas	12.188900	-68.959801	35	America/Curacao	Curaçao
CUU	General Roberto Fierro Villalobos International Airport	Chihuahua	Mexico	MX	americas	28.702649	-105.963764	35	America/Chihuahua	
CUZ	Alejandro Velasco Astete International Airport	Cusco	Peru	PE	americas	-13.535700	-71.938797	35	America/Lima	
CVG	Cincinnati Northern Kentucky International Airport	Hebron	United States	US	americas	39.048801	-84.667801	35	America/New_York	Cincinnati / Covington
CVM	General Pedro Jose Mendez International Airport	Ciudad Victoria	Mexico	MX	americas	23.703300	-98.956497	20	America/Monterrey	
CVN	Clovis Municipal Airport	Clovis	United States	US	americas	34.426594	-103.078794	15	America/Denver	
CVQ	Carnarvon Airport	Carnarvon	Australia	AU	oceania	-24.884337	113.666393	15	Australia/Perth	
CVU	Corvo Airport	Corvo	Portugal	PT	europe	39.671501	-31.113600	5	Atlantic/Azores	
CWA	Central Wisconsin Airport	Mosinee	United States	US	americas	44.777448	-89.670238	15	America/Chicago	
CWB	Curitiba-Afonso Pena International Airport	Curitiba	Brazil	BR	americas	-25.528500	-49.175800	35	America/Sao_Paulo	
CWJ	Cangyuan Washan Airport	Lincang	China	CN	asia	23.276331	99.373169	15	Asia/Shanghai	
CWL	Cardiff International Airport	Cardiff	United Kingdom	GB	europe	51.396702	-3.343330	35	Europe/London	Caerdydd | Cardiff International Airport | Maes Awyr Caerdydd | Rhoose | Y Rhws
CXB	Cox's Bazar Airport	Cox's Bazar	Bangladesh	BD	asia	21.457517	91.963263	15	Asia/Dhaka	
CXI	Cassidy International Airport	Banana	Kiribati	KI	oceania	1.986278	-157.350011	35	Pacific/Kiritimati	Christmas Island | Kiritimati
CXJ	Hugo Cantergiani Regional Airport	Caxias Do Sul	Brazil	BR	americas	-29.197183	-51.187647	15	America/Sao_Paulo	Campo dos Bugres Airport | Caxias do Sul Airport
CXP	Tunggul Wulung Airport	Cilacap-Java Island	Indonesia	ID	asia	-7.645060	109.033997	15	Asia/Jakarta	WIIL | WIHL | Cilacap
CXR	Cam Ranh International Airport / Cam Ranh Air Base	Nha Trang	Vietnam	VN	asia	11.998200	109.219002	35	Asia/Ho_Chi_Minh	Nha Trang/nha Trang aiurportCam Ranh
CYA	Antoine-Simon International Airport	Les Cayes	Haiti	HT	americas	18.271099	-73.788300	20	America/Port-au-Prince	
CYB	Charles Kirkconnell International Airport	Cayman Brac	Cayman Islands	KY	americas	19.687000	-79.882797	20	America/Cayman	West End
CYC	Caye Chapel Airport	Caye Chapel	Belize	BZ	americas	17.683792	-88.044985	15	America/Belize	
CYF	Chefornak Airport	Chefornak	United States	US	americas	60.136667	-164.279167	5	America/Nome	Z74
CYI	Chiayi Airport	Chiayi City	Taiwan	TW	asia	23.462577	120.390544	15	Asia/Taipei	Shueishang Airport | Shuishang
CYO	Vilo Acuña International Airport	Cayo Largo del Sur	Cuba	CU	americas	21.616501	-81.545998	20	America/Havana	
CYP	Calbayog Airport	Calbayog City	Philippines	PH	asia	12.072574	124.545080	15	Asia/Manila	
CYS	Cheyenne Regional Jerry Olson Field	Cheyenne	United States	US	americas	41.155701	-104.811997	15	America/Denver	
CYT	Yakataga Airport	Yakataga	United States	US	americas	60.080974	-142.494541	5	America/Anchorage	Cape Yakataga
CYU	Cuyo Airport	Cuyo	Philippines	PH	asia	10.858100	121.069000	5	Asia/Manila	
CYX	Cherskiy Airport	Cherskiy	Russia	RU	europe	68.740601	161.337997	15	Asia/Srednekolymsk	Chersky Airport
CYZ	Cauayan Airport	Cauayan City	Philippines	PH	asia	16.929899	121.752998	15	Asia/Manila	
CZE	José Leonardo Chirinos Airport	Coro	Venezuela	VE	americas	11.414944	-69.680901	15	America/Caracas	
CZH	Corozal Airport	Corozal	Belize	BZ	americas	18.382200	-88.411903	15	America/Belize	Ranchito Airport
CZL	Mohamed Boudiaf International Airport	Constantine	Algeria	DZ	africa	36.276001	6.620390	35	Africa/Algiers	
CZM	Cozumel International Airport	Cozumel	Mexico	MX	americas	20.514922	-86.928538	35	America/Cancun	
CZS	Cruzeiro do Sul Airport	Cruzeiro Do Sul	Brazil	BR	americas	-7.599910	-72.769501	15	America/Rio_Branco	
CZU	Las Brujas Airport	Corozal	Colombia	CO	americas	9.332740	-75.285600	15	America/Bogota	
CZX	Changzhou Benniu International Airport	Changzhou	China	CN	asia	31.920485	119.775460	20	Asia/Shanghai	
DAB	Daytona Beach International Airport	Daytona Beach	United States	US	americas	29.182550	-81.059464	20	America/New_York	
DAC	Hazrat Shahjalal International Airport	Dhaka	Bangladesh	BD	asia	23.843347	90.397783	35	Asia/Dhaka	VGZR | Zia International Airport | Dacca International Airport | Hazrat Shahjalal International Airport
DAD	Da Nang International Airport	Da Nang	Vietnam	VN	asia	16.043900	108.198997	35	Asia/Ho_Chi_Minh	Danang
DAL	Dallas Love Field	Dallas	United States	US	americas	32.844776	-96.847653	30	America/Chicago	QDF
DAM	Damascus International Airport	Damascus	Syria	SY	middle_east	33.411499	36.515598	35	Asia/Damascus	
DAR	Julius Nyerere International Airport	Dar es Salaam	Tanzania	TZ	africa	-6.873499	39.207288	35	Africa/Dar_es_Salaam	HTJN | Mwalimu Julius K. Nyerere | Dar es Salaam International Airport
DAT	Datong Yungang International Airport	Datong	China	CN	asia	40.061390	113.480509	35	Asia/Shanghai	
DAU	Daru Airport	Daru	Papua New Guinea	PG	oceania	-9.086760	143.207993	15	Pacific/Port_Moresby	
DAV	Enrique Malek International Airport	David	Panama	PA	americas	8.388983	-82.436425	20	America/Panama	
DAX	Dachuan Airport	Dazhou	China	CN	asia	31.130200	107.429500	5	Asia/Shanghai	Daxian
DAY	James M. Cox Dayton International Airport	Dayton	United States	US	americas	39.902401	-84.219398	20	America/New_York	
DBA	Dalbandin Airport	Dalbandin	Pakistan	PK	asia	28.878300	64.399803	5	Asia/Karachi	OPXX
DBB	El Alamein International Airport	El Alamein	Egypt	EG	africa	30.924324	28.461610	35	Africa/Cairo	Al Alamain | Al Alamayn
DBC	Baicheng Chang'an Airport	Baicheng	China	CN	asia	45.505278	123.019722	15	Asia/Shanghai	
DBM	Debre Markos Airport	Debra Marcos	Ethiopia	ET	africa	10.321501	37.741887	5	Africa/Addis_Ababa	Debre Mark'os | Debre Marqos | Debre Markos
DBO	Dubbo City Regional Airport	Dubbo	Australia	AU	oceania	-32.216702	148.574997	15	Australia/Sydney	
DBQ	Dubuque Regional Airport	Dubuque	United States	US	americas	42.402000	-90.709503	15	America/Chicago	
DBR	Darbhanga Airport	Darbhanga	India	IN	asia	26.192801	85.916901	15	Asia/Kolkata	
DBV	Dubrovnik Ruđer Bošković Airport	Dubrovnik	Croatia	HR	europe	42.562247	18.265543	30	Europe/Zagreb	Močići Airport | Zračna luka Ruđer Bošković Dubrovnik
DCA	Ronald Reagan Washington National Airport	Washington	United States	US	americas	38.852100	-77.037697	30	America/New_York	WAS
DCF	Canefield Airport	Canefield	Dominica	DM	americas	15.336693	-61.392108	15	America/Dominica	
DCM	Castres Mazamet Airport	Castres/Mazamet	France	FR	europe	43.556301	2.289180	15	Europe/Paris	Castres
DCY	Daocheng Yading Airport	Daocheng County	China	CN	asia	29.316320	100.060317	15	Asia/Shanghai	Garzê
DDC	Dodge City Regional Airport	Dodge City	United States	US	americas	37.763401	-99.965599	15	America/Chicago	
DDG	Dandong Langtou International Airport	Dandong	China	CN	asia	40.025453	124.286690	20	Asia/Shanghai	
DDR	Shigatse Tingri Airport	Tingri	China	CN	asia	28.604567	86.798000	15	Asia/Shanghai	Rikaze Dingri | Xigazê
DEA	Dera Ghazi Khan Airport	Dera Ghazi Khan	Pakistan	PK	asia	29.961000	70.485901	15	Asia/Karachi	
DEB	Debrecen International Airport	Debrecen	Hungary	HU	europe	47.489469	21.616278	35	Europe/Budapest	Debreceni nemzetközi repülőtér
DEC	Decatur Airport	Decatur	United States	US	americas	39.834599	-88.865700	15	America/Chicago	
DED	Dehradun Jolly Grant Airport	Dehradun	India	IN	asia	30.189243	78.176651	15	Asia/Kolkata	Jauligrant | Jolly Grant
DEE	Yuzhno-Kurilsk Mendeleyevo Airport	Kunashir Island	Russia	RU	europe	43.961066	145.684977	5	Asia/Magadan	Mendeleevo Airport | Yuzhno-Kurilsk Airport | Island Kunashir Airport | Yuzhno-Kurilsk
DEF	Dezful Airport	Dezful	Iran	IR	middle_east	32.434399	48.397598	15	Asia/Tehran	Vahdati Air Base
DEL	Indira Gandhi International Airport	New Delhi	India	IN	asia	28.555630	77.095190	85	Asia/Kolkata	Palam Air Force Station
DEM	Dembidollo Airport	Dembidollo	Ethiopia	ET	africa	8.554000	34.858002	5	Africa/Addis_Ababa	
DEN	Denver International Airport	Denver	United States	US	americas	39.860027	-104.673792	76	America/Denver	DVX | KVDX
DFW	Dallas Fort Worth International Airport	Dallas-Fort Worth	United States	US	americas	32.896801	-97.038002	87	America/Chicago	QDF
DGA	Dangriga Airport	Dangriga	Belize	BZ	americas	16.982510	-88.230988	15	America/Belize	Stann Creek Airport
DGH	Deoghar Airport	Deoghar	India	IN	asia	24.446842	86.704955	5	Asia/Kolkata	
DGO	General Guadalupe Victoria International Airport	Durango	Mexico	MX	americas	24.125468	-104.527938	20	America/Monterrey	
DGT	Sibulan Airport	Dumaguete City	Philippines	PH	asia	9.334183	123.301910	15	Asia/Manila	
DHM	Kangra Airport	Kangra	India	IN	asia	32.164902	76.263018	15	Asia/Kolkata	Dharamshala | Gaggal
DHN	Dothan Regional Airport	Dothan	United States	US	americas	31.321301	-85.449600	15	America/Chicago	
DIA	Doha International Airport	Doha	Qatar	QA	middle_east	25.259431	51.565528	35	Asia/Qatar	
DIB	Dibrugarh Airport	Dibrugarh	India	IN	asia	27.483900	95.016899	15	Asia/Kolkata	Mohanbari Air Force Station
DIE	Arrachart Airport	Antsiranana	Madagascar	MG	africa	-12.349400	49.291698	15	Indian/Antananarivo	Diego-Suárez | Antisiranana
DIG	Diqing Shangri-La Airport	Shangri-La	China	CN	asia	27.793600	99.677200	15	Asia/Shanghai	Diqing
DIK	Dickinson Theodore Roosevelt Regional Airport	Dickinson	United States	US	americas	46.797533	-102.801905	15	America/Denver	
DIL	Presidente Nicolau Lobato International Airport	Dili	Timor-Leste	TL	asia	-8.546562	125.524507	35	Asia/Dili	Komoro | Comoro Airport
DIN	Dien Bien Phu Airport	Dien Bien Phu	Vietnam	VN	asia	21.397499	103.008003	15	Asia/Bangkok	
DIR	Aba Tenna Dejazmach Yilma International Airport	Dire Dawa	Ethiopia	ET	africa	9.623549	41.855027	35	Africa/Addis_Ababa	
DIU	Diu Airport	Diu	India	IN	asia	20.714185	70.921855	5	Asia/Kolkata	VA1P
DIY	Diyarbakır Airport	Diyarbakir	Turkey	TR	europe	37.893902	40.201000	15	Europe/Istanbul	Diyarbakır
DJB	Sultan Thaha Airport	Jambi-Sumatra Island	Indonesia	ID	asia	-1.638685	103.645063	5	Asia/Jakarta	WIPA | Palmerah | Jambi
DJE	Djerba Zarzis International Airport	Djerba	Tunisia	TN	africa	33.873719	10.777300	35	Africa/Tunis	Mellita
DJG	Tiska Djanet Airport	Djanet	Algeria	DZ	africa	24.285448	9.463652	30	Africa/Algiers	Cheikh Amoud Ben el Mokhtar | Djanet Inedbirene Airport
DJJ	Dortheys Hiyo Eluay International Airport	Jayapura-Papua Island	Indonesia	ID	asia	-2.579627	140.519857	35	Asia/Jayapura	Sentani International Airport | Hollandia | Jayapura | Sentani
DJT	President Donald J. Trump International Airport	West Palm Beach	United States	US	americas	26.683201	-80.095596	35	America/New_York	PBI | KPBI | MFW | South Florida
DKA	Umaru Musa Yar'adua Airport	Katsina	Nigeria	NG	africa	13.007800	7.660450	15	Africa/Lagos	DN57 | Katsina Airport
DLA	Douala International Airport	Douala	Cameroon	CM	africa	4.006080	9.719480	35	Africa/Douala	
DLC	Dalian Zhoushuizi International Airport	Dalian	China	CN	asia	38.965719	121.538477	35	Asia/Shanghai	Dalian Air Base
DLE	Dole Tavaux Airport	Dole/Tavaux	France	FR	europe	47.038955	5.427589	15	Europe/Paris	Dole-Tavaux | Dole
DLG	Dillingham Airport	Dillingham	United States	US	americas	59.044701	-158.505005	15	America/Anchorage	
DLH	Duluth International Airport	Duluth	United States	US	americas	46.841873	-92.198746	20	America/Chicago	LKI | Duluth Air National Guard Base | Lakeside AFB
DLI	Lien Khuong Airport	Dalat	Vietnam	VN	asia	11.750556	108.366997	15	Asia/Ho_Chi_Minh	Lienkhang | Da Lat
DLM	Dalaman International Airport	Dalaman	Turkey	TR	europe	36.713100	28.792500	35	Europe/Istanbul	
DLU	Dali Fengyi Airport	Xiaguan	China	CN	asia	25.649401	100.319000	15	Asia/Shanghai	Dali Air Base | Dali
DLZ	Dalanzadgad Airport	Dalanzadgad	Mongolia	MN	asia	43.608628	104.367734	15	Asia/Ulaanbaatar	
DMB	Taraz International Airport	Taraz	Kazakhstan	KZ	asia	42.853600	71.303596	35	Asia/Almaty	Aulie Ata | Jambyl
DMD	Doomadgee Airport	Doomadgee	Australia	AU	oceania	-17.940300	138.822006	5	Australia/Brisbane	
DME	Domodedovo International Airport	Moscow	Russia	RU	europe	55.408798	37.906300	35	Europe/Moscow	MOW
DMK	Don Mueang International Airport	Bangkok	Thailand	TH	asia	13.912600	100.607002	35	Asia/Bangkok	Old Bangkok International Airport | Don Muang Royal Thai Air Force Base
DMM	King Fahd International Airport	Ad Dammam	Saudi Arabia	SA	middle_east	26.469100	49.798209	35	Asia/Riyadh	
DMU	Dimapur Airport	Dimapur	India	IN	asia	25.883900	93.771103	15	Asia/Kolkata	
DND	Dundee Airport	Dundee	United Kingdom	GB	europe	56.452499	-3.025830	15	Europe/London	
DNH	Dunhuang Mogao International Airport	Dunhuang	China	CN	asia	40.161953	94.812827	35	Asia/Shanghai	
DNZ	Çardak Airport	Denizli	Turkey	TR	europe	37.785599	29.701300	15	Europe/Istanbul	
DOD	Dodoma Airport	Dodoma	Tanzania	TZ	africa	-6.170559	35.756036	15	Africa/Dar_es_Salaam	
DOG	Dongola Airport	Dongola	Sudan	SD	africa	19.153666	30.430069	15	Africa/Khartoum	DOG Airport
DOH	Hamad International Airport	Doha	Qatar	QA	middle_east	25.273056	51.608056	88	Asia/Qatar	New Doha International Airport
DOL	Deauville Normandie airport	Deauville	France	FR	europe	49.365237	0.154481	15	Europe/Paris	Deauville-Saint Gatien
DOM	Douglas-Charles Airport	Marigot	Dominica	DM	americas	15.546673	-61.301082	15	America/Dominica	Melville Hall
DOP	Dolpa Airport	Dolpa	Nepal	NP	asia	28.985659	82.818703	5	Asia/Kathmandu	
DOV	Dover Civil Air Terminal/Dover Air Force Base	Dover	United States	US	americas	39.129501	-75.466003	15	America/New_York	Municipal Airport - Dover Airdrome | Dover Army Airbase | Dover Army Airfield
DOY	Dongying Shengli Airport	Dongying	China	CN	asia	37.501370	118.789863	15	Asia/Shanghai	Dongying Air Base | Dongying Yong'an Airport
DPL	Dipolog Airport	Dipolog City	Philippines	PH	asia	8.601983	123.341875	15	Asia/Manila	Dipolog
DPO	Devonport Airport	Devonport	Australia	AU	oceania	-41.169701	146.429993	15	Australia/Hobart	
DPS	Denpasar I Gusti Ngurah Rai International Airport	Denpasar-Bali Island	Indonesia	ID	asia	-8.748409	115.167123	35	Asia/Makassar	WRRR | Bali | Denpasar International Airport | Denpasar | Kuta
DQA	Daqing Sartu Airport	Daqing Shi	China	CN	asia	46.750883	125.138642	5	Asia/Shanghai	Daqing
DQM	Duqm International Airport	Duqm	Oman	OM	middle_east	19.501944	57.634167	35	Asia/Muscat	
DRG	Deering Airport	Deering	United States	US	americas	66.068901	-162.766914	15	America/Nome	0Z0
DRJ	Drietabbetje Airport	Drietabbetje	Suriname	SR	americas	4.111359	-54.672766	5	America/Paramaribo	
DRO	Durango La Plata County Airport	Durango	United States	US	americas	37.151501	-107.753998	15	America/Denver	
DRP	Bicol International Airport	Daraga	Philippines	PH	asia	13.111915	123.676829	35	Asia/Manila	Southern Luzon International Airport | Legazpi
DRS	Dresden Airport	Dresden	Germany	DE	europe	51.134123	13.767831	30	Europe/Berlin	ETDN
DRV	Dharavandhoo Airport	Baa Atoll	Maldives	MV	asia	5.156100	73.130200	5	Indian/Maldives	
DRW	Darwin International Airport / RAAF Darwin	Darwin	Australia	AU	oceania	-12.414970	130.881850	35	Australia/Darwin	
DSD	La Désirade Airport	Grande Anse	Guadeloupe	GP	americas	16.296902	-61.084400	5	America/Guadeloupe	
DSE	Kombolcha Airport	Dessie	Ethiopia	ET	africa	11.109750	39.725911	5	Africa/Addis_Ababa	
DSI	Destin Executive Airport	Destin	United States	US	americas	30.400101	-86.471497	15	America/Chicago	81J | Destin-Fort Walton Beach Airport
DSM	Des Moines International Airport	Des Moines	United States	US	americas	41.534027	-93.656719	35	America/Chicago	
DSN	Ordos Ejin Horo International Airport	Ordos	China	CN	asia	39.493514	109.859900	35	Asia/Shanghai	Dongsheng
DSO	Sondok Airport	Hamhung	North Korea	KP	asia	39.745201	127.473999	15	Asia/Pyongyang	Sŏndŏng-ni
DSS	Blaise Diagne International Airport	Diass	Senegal	SN	africa	14.670878	-17.072829	35	Africa/Dakar	diass airport | Dakar
DSY	Dara Sakor International Airport	Ta Noun	Cambodia	KH	asia	10.914244	103.226652	35	Asia/Phnom_Penh	Krong Khemara Phoumin
DTB	Silangit Airport	Siborong-Borong	Indonesia	ID	asia	2.259730	98.991898	5	Asia/Jakarta	Lake Toba | North Tapanuli
DTD	Datadawai Airport	Datadawai-Borneo Island	Indonesia	ID	asia	0.807028	114.529052	5	Asia/Makassar	
DTM	Dortmund Airport	Dortmund	Germany	DE	europe	51.518299	7.612240	30	Europe/Berlin	
DTR	Decatur Shores Airport	Decatur	United States	US	americas	48.500171	-122.813973	5	America/Los_Angeles	
DTU	Wudalianchi Dedu Airport	Heihe	China	CN	asia	48.441037	126.128374	15	Asia/Shanghai	
DTW	Detroit Metropolitan Wayne County Airport	Detroit	United States	US	americas	42.213770	-83.353786	30	America/Detroit	DTT | Detroit Metro Airport
DUB	Dublin Airport	Dublin	Ireland	IE	europe	53.428713	-6.262121	73	Europe/Dublin	Aerfort Bhaile Átha Cliath
DUD	Dunedin International Airport	Dunedin	New Zealand	NZ	oceania	-45.929017	170.197758	20	Pacific/Auckland	Momona Airport
DUE	Dundo Airport	Chitato	Angola	AO	africa	-7.400890	20.818501	15	Africa/Luanda	
DUJ	DuBois Regional Airport	Dubois	United States	US	americas	41.178299	-78.898697	15	America/New_York	DuBois Jefferson County
DUM	Pinang Kampai Airport	Dumai-Sumatra Island	Indonesia	ID	asia	1.609026	101.433493	15	Asia/Jakarta	Dumai
DUR	King Shaka International Airport	Durban	South Africa	ZA	africa	-29.614444	31.119722	35	Africa/Johannesburg	La Mercy Airport
DUS	Düsseldorf Airport	Dusseldorf	Germany	DE	europe	51.289501	6.766780	30	Europe/Berlin	Düsseldorf
DUT	Tom Madsen (Dutch Harbor) Airport	Unalaska	United States	US	americas	53.898810	-166.544996	15	America/Nome	Dutch Harbor
DVL	Devils Lake Regional Airport	Devils Lake	United States	US	americas	48.115454	-98.908796	15	America/Chicago	
DVO	Francisco Bangoy International Airport	Davao City	Philippines	PH	asia	7.125520	125.646004	35	Asia/Manila	Davao International Airport | Davao
DWB	Soalala Airport	Soalala	Madagascar	MG	africa	-16.101690	45.358837	5	Indian/Antananarivo	
DWC	Al Maktoum International Airport	Jebel Ali	United Arab Emirates	AE	middle_east	24.896171	55.162350	35	Asia/Dubai	Dubai World Central | Dubai
DWD	Dawadmi Domestic Airport	Dawadmi	Saudi Arabia	SA	middle_east	24.449900	44.121201	15	Asia/Riyadh	Al Dawadmi Airport
DXB	Dubai International Airport	Dubai	United Arab Emirates	AE	middle_east	25.249790	55.370992	92	Asia/Dubai	
DXJ	Xiangxi Biancheng Airport	Xiangxi	China	CN	asia	28.497200	109.521800	5	Asia/Shanghai	
DXN	Noida International Airport	Noida	India	IN	asia	28.179868	77.611843	35	Asia/Kolkata	Gautam Buddha Nagar
DYG	Zhangjiajie Hehua International Airport	Dayong	China	CN	asia	29.104749	110.442786	35	Asia/Shanghai	Dayong Airport | Zhangjiajie
DYR	Ugolny Yuri Ryktheu Airport	Anadyr	Russia	RU	europe	64.734902	177.740997	15	Asia/Anadyr	
DYU	Dushanbe International Airport	Dushanbe	Tajikistan	TJ	asia	38.543746	68.822977	35	Asia/Dushanbe	
DZA	Dzaoudzi Pamandzi International Airport	Dzaoudzi	Mayotte	YT	africa	-12.809319	45.281815	35	Indian/Mayotte	
DZH	Dazhou Jinya Airport	Dazhou	China	CN	asia	31.048815	107.435646	15	Asia/Shanghai	
DZN	Zhezkazgan National Airport	Zhezkazgan	Kazakhstan	KZ	asia	47.708953	67.738094	30	Asia/Almaty	Dzhezkazgan South
EAA	Eagle Airport	Eagle	United States	US	americas	64.778003	-141.150455	5	America/Anchorage	
EAM	Najran Domestic Airport	Nejran	Saudi Arabia	SA	middle_east	17.611401	44.419201	15	Asia/Riyadh	Najran
EAR	Kearney Regional Airport	Kearney	United States	US	americas	40.727001	-99.006798	15	America/Chicago	
EAS	San Sebastián Airport	Hondarribia	Spain	ES	europe	43.356499	-1.790610	15	Europe/Madrid	
EAT	Pangborn Memorial Airport	Wenatchee	United States	US	americas	47.398899	-120.207001	15	America/Los_Angeles	
EAU	Chippewa Valley Regional Airport	Eau Claire	United States	US	americas	44.865799	-91.484299	15	America/Chicago	
EBA	Marina di Campo Airport	Marina  Di Campo	Italy	IT	europe	42.760871	10.239811	15	Europe/Rome	Elba | Campo nell'Elba
EBB	Entebbe International Airport	Kampala	Uganda	UG	africa	0.042386	32.443501	35	Africa/Kampala	Entebbe
EBD	El-Obeid Airport	Al-Ubayyid	Sudan	SD	africa	13.153200	30.232700	15	Africa/Khartoum	El-Obeid
EBH	El Bayadh Airport	El Bayadh	Algeria	DZ	africa	33.721667	1.092500	5	Africa/Algiers	
EBJ	Esbjerg Airport	Esbjerg	Denmark	DK	europe	55.525902	8.553400	15	Europe/Copenhagen	offshore | North Sea
EBL	Erbil International Airport	Arbil	Iraq	IQ	middle_east	36.236047	43.946615	35	Asia/Baghdad	Irbil | Kurdistan
ECN	Ercan International Airport	Nicosia	Cyprus	CY	asia	35.153064	33.507352	35	Asia/Famagusta	Tymvou | Lefkoşa | Tymbou
ECP	Northwest Florida Beaches International Airport	Panama City Beach	United States	US	americas	30.357106	-85.795414	20	America/Chicago	
EDI	Edinburgh Airport	Edinburgh	United Kingdom	GB	europe	55.950145	-3.372288	63	Europe/London	Ingliston
EDL	Eldoret International Airport	Eldoret	Kenya	KE	africa	0.404458	35.238899	35	Africa/Nairobi	HKED
EDO	Balıkesir Koca Seyit Airport	Edremit	Turkey	TR	europe	39.552533	27.010192	30	Europe/Istanbul	
EDR	Pormpuraaw Airport	Pormpuraaw	Australia	AU	oceania	-14.896451	141.609080	5	Australia/Brisbane	Edward River Airport
EEK	Eek Airport	Eek	United States	US	americas	60.213173	-162.044048	5	America/Nome	
EFL	Kefallinia Airport	Kefallinia Island	Greece	GR	europe	38.120098	20.500500	15	Europe/Athens	
EGC	Bergerac Dordogne-Périgord airport	Bergerac/Roumaniere	France	FR	europe	44.825298	0.518611	15	Europe/Paris	Bergerac
EGE	Eagle County Regional Airport	Eagle	United States	US	americas	39.642601	-106.917999	15	America/Denver	
EGS	Egilsstaðir Airport	Egilsstadir	Iceland	IS	europe	65.283302	-14.401400	15	Atlantic/Reykjavik	Egilsstaðir
EGX	Egegik Airport	Egegik	United States	US	americas	58.184386	-157.374873	15	America/Anchorage	
EHU	Ezhou Huahu International Airport	Ezhou	China	CN	asia	30.341178	115.039260	35	Asia/Shanghai	EHU | ZHEC
EIE	Yeniseysk Airport	Yeniseysk	Russia	RU	europe	58.474201	92.112503	15	Asia/Krasnoyarsk	Yeniseisk Airport
EIN	Eindhoven Airport	Eindhoven	Netherlands	NL	europe	51.450100	5.374530	30	Europe/Amsterdam	Welschap Airport
EIS	Terrance B. Lettsome International Airport	Road Town	British Virgin Islands	VG	americas	18.445492	-64.541707	35	America/Tortola	BVI | Beef Island Airport | Beef Island
EJA	Yariguíes Airport	Barrancabermeja	Colombia	CO	americas	7.024330	-73.806800	15	America/Bogota	
EJH	Al Wajh Domestic Airport	Al Wajh	Saudi Arabia	SA	middle_east	26.198601	36.476398	15	Asia/Riyadh	Wedjh | Wejh
EKO	Elko Regional Airport	Elko	United States	US	americas	40.824902	-115.792000	15	America/Los_Angeles	
EKS	Shakhtyorsk Airport	Shakhtersk	Russia	RU	europe	49.190300	142.082993	5	Asia/Sakhalin	Shakhtersk Airport | Shakhtyorsk
ELC	Elcho Island Airport	Elcho Island	Australia	AU	oceania	-12.019400	135.570999	15	Australia/Darwin	
ELD	South Arkansas Regional Airport at Goodwin Field	El Dorado	United States	US	americas	33.221001	-92.813301	15	America/Chicago	
ELF	El Fasher Airport	El Fasher	Sudan	SD	africa	13.614900	25.324600	15	Africa/Khartoum	El Fashir Airport
ELG	El Golea Airport	El Menia	Algeria	DZ	africa	30.580732	2.861595	15	Africa/Algiers	
ELH	North Eleuthera Airport	North Eleuthera	Bahamas	BS	americas	25.475823	-76.680784	15	America/Nassau	
ELI	Elim Airport	Elim	United States	US	americas	64.614700	-162.272003	5	America/Nome	
ELM	Elmira Corning Regional Airport	Elmira/Corning	United States	US	americas	42.159901	-76.891602	15	America/New_York	
ELP	El Paso International Airport	El Paso	United States	US	americas	31.809908	-106.375607	35	America/Denver	
ELQ	Prince Naif bin Abdulaziz International Airport	Buraidah	Saudi Arabia	SA	middle_east	26.302799	43.774399	35	Asia/Riyadh	Gassim | Qassim
ELS	King Phalo Airport	East London	South Africa	ZA	africa	-33.035599	27.825899	30	Africa/Johannesburg	
ELU	Guemar Airport - مطار قمار بالوادي	Guemar	Algeria	DZ	africa	33.511398	6.776790	15	Africa/Algiers	
EMA	East Midlands Airport	Nottingham	United Kingdom	GB	europe	52.831100	-1.328060	30	Europe/London	RAF Castle Donington
EMD	Emerald Airport	Emerald	Australia	AU	oceania	-23.567499	148.179001	15	Australia/Brisbane	
EME	Emden Airport	Emden	Germany	DE	europe	53.391109	7.227500	5	Europe/Berlin	
EMK	Emmonak Airport	Emmonak	United States	US	americas	62.786098	-164.490997	15	America/Nome	
ENA	Kenai Municipal Airport	Kenai	United States	US	americas	60.570946	-151.245174	15	America/Anchorage	
ENE	H. Hasan Aroeboesman (Ende) Airport	Ende-Flores Island	Indonesia	ID	asia	-8.849114	121.661010	5	Asia/Makassar	WRKE | Isi | Ende
ENF	Enontekio Airport	Enontekio	Finland	FI	europe	68.362602	23.424299	15	Europe/Helsinki	
ENH	Enshi Xujiaping Airport	Enshi	China	CN	asia	30.320299	109.485001	15	Asia/Shanghai	
ENI	El Nido Airport	El Nido	Philippines	PH	asia	11.202399	119.416087	5	Asia/Manila	
ENO	Teniente Ramon A. Ayub Gonzalez International Airport	Encarnacion	Paraguay	PY	americas	-27.227537	-55.837584	35	America/Asuncion	Encarnación
ENT	Eniwetok Airport	Eniwetok Atoll	Marshall Islands	MH	oceania	11.340700	162.328003	5	Pacific/Majuro	
ENU	Akanu Ibiam International Airport	Enegu	Nigeria	NG	africa	6.473718	7.560463	35	Africa/Lagos	Enegu Airport
ENY	Yan'an Nanniwan Airport	Yan'an	China	CN	asia	36.479413	109.464083	15	Asia/Shanghai	
EOH	Enrique Olaya Herrera Airport	Medellin	Colombia	CO	americas	6.219686	-75.590597	15	America/Bogota	Medellín
EOI	Eday Airport	Eday	United Kingdom	GB	europe	59.190601	-2.772220	15	Europe/London	London Airport
EPR	Esperance Airport	Esperance	Australia	AU	oceania	-33.684399	121.822998	15	Australia/Perth	
EPU	Pärnu Airport	Parnu	Estonia	EE	europe	58.418999	24.472799	15	Europe/Tallinn	Pärnu
EQS	Esquel Brigadier Antonio Parodi International Airport	Esquel	Argentina	AR	americas	-42.908001	-71.139503	20	America/Argentina/Catamarca	
ERC	Erzincan Airport	Erzincan	Turkey	TR	europe	39.710201	39.527000	15	Europe/Istanbul	
ERF	Erfurt-Weimar Airport	Erfurt	Germany	DE	europe	50.978281	10.960713	30	Europe/Berlin	Flughafen Erfurt-Weimar
ERH	Moulay Ali Cherif Airport	Errachidia	Morocco	MA	africa	31.947500	-4.398330	15	Africa/Casablanca	
ERI	Erie International Tom Ridge Field	Erie	United States	US	americas	42.083127	-80.173867	20	America/New_York	
ERL	Erenhot Saiwusu International Airport	Erenhot	China	CN	asia	43.424079	112.091081	20	Asia/Shanghai	Saiwusu Airport
ERS	Eros Airport	Windhoek	Namibia	NA	africa	-22.604920	17.079002	15	Africa/Windhoek	
ERZ	Erzurum International Airport	Erzurum	Turkey	TR	europe	39.956501	41.170200	20	Europe/Istanbul	
ESB	Esenboğa International Airport	Ankara	Turkey	TR	europe	40.128101	32.995098	35	Europe/Istanbul	
ESC	Delta County Airport	Escanaba	United States	US	americas	45.723199	-87.088623	15	America/Detroit	
ESD	Orcas Island Airport	Eastsound	United States	US	americas	48.708199	-122.910004	15	America/Los_Angeles	
ESL	Elista Airport	Elista	Russia	RU	europe	46.373901	44.330898	15	Europe/Moscow	
ESM	Carlos Concha Torres International Airport	Tachina	Ecuador	EC	americas	0.978519	-79.626602	35	America/Guayaquil	General Rivadeneira
ESR	Ricardo García Posada Airport	El Salvador	Chile	CL	americas	-26.311100	-69.765198	15	America/Santiago	
ESU	Essaouira-Mogador Airport	Essaouira	Morocco	MA	africa	31.397499	-9.681670	15	Africa/Casablanca	
ETM	Ramon International Airport	Eilat	Israel	IL	middle_east	29.727009	35.014116	35	Asia/Amman	
ETR	Santa Rosa - Artillery Colonel Victor Larrea International Airport	Santa Rosa	Ecuador	EC	americas	-3.441986	-79.996957	20	America/Guayaquil	Machala International Airport
ETZ	Metz-Nancy-Lorraine Airport	Metz / Nancy	France	FR	europe	48.982101	6.251320	15	Europe/Paris	Goin
EUA	Kaufana Airport	Eua Island	Tonga	TO	oceania	-21.378300	-174.957993	5	Pacific/Tongatapu	
EUG	Eugene Airport	Eugene	United States	US	americas	44.124599	-123.211998	15	America/Los_Angeles	Mahlon Sweet Field
EUN	Laayoune Hassan I International Airport	El Aaiun	Western Sahara (disputed territory)	EH	africa	27.142467	-13.224947	35	Africa/El_Aaiun	GSAI | Laâyoune | El Aaiún
EUX	F. D. Roosevelt Airport	Sint Eustatius	Caribbean Netherlands	BQ	americas	17.496500	-62.979401	15	America/Kralendijk	Oranjestad
EVE	Harstad/Narvik Airport	Evenes	Norway	NO	europe	68.491302	16.678101	30	Europe/Oslo	Harstad/Narvik lufthavn | Evenes Airport
EVG	Sveg Airport	Sveg	Sweden	SE	europe	62.047798	14.422900	5	Europe/Stockholm	
EVN	Zvartnots International Airport	Yerevan	Armenia	AM	asia	40.148941	44.397887	35	Asia/Yerevan	UGEE | Erevan Airport | Erivan Airport
EVV	Evansville Regional Airport	Evansville	United States	US	americas	38.036999	-87.532402	15	America/Chicago	
EWB	New Bedford Regional Airport	New Bedford	United States	US	americas	41.676102	-70.956902	15	America/New_York	
EWN	Coastal Carolina Regional Airport	New Bern	United States	US	americas	35.073002	-77.042900	15	America/New_York	
EWR	Newark Liberty International Airport	Newark	United States	US	americas	40.689400	-74.170545	70	America/New_York	Manhattan | New York City | NYC
EXT	Exeter International Airport	Exeter	United Kingdom	GB	europe	50.734261	-3.413984	20	Europe/London	
EYP	El Alcaravan - Yopal Airport	El Yopal	Colombia	CO	americas	5.319110	-72.384000	15	America/Bogota	Yopal
EYW	Key West International Airport	Key West	United States	US	americas	24.556119	-81.759579	20	America/New_York	
EZE	Ezeiza International Airport - Ministro Pistarini	Ezeiza	Argentina	AR	americas	-34.822200	-58.535800	35	America/Argentina/Buenos_Aires	BUE | Ezeiza International Airport | Buenos Aires
EZS	Elazığ Airport	Elazig	Turkey	TR	europe	38.597974	39.283480	15	Europe/Istanbul	Elazığ
FAE	Vágar Airport	Vagar	Faroe Islands	FO	europe	62.063256	-7.275782	30	Atlantic/Faroe	Faroes | RAF Vágar | Vágar
FAI	Fairbanks International Airport	Fairbanks	United States	US	americas	64.815102	-147.856003	20	America/Anchorage	
FAO	Faro - Gago Coutinho International Airport	Faro	Portugal	PT	europe	37.015909	-7.970939	35	Europe/Lisbon	
FAR	Hector International Airport	Fargo	United States	US	americas	46.920700	-96.815804	20	America/Chicago	119th Wing | Happy Hooligans
FAT	Fresno Yosemite International Airport	Fresno	United States	US	americas	36.775767	-119.718018	35	America/Los_Angeles	
FAY	Fayetteville Regional Airport - Grannis Field	Fayetteville	United States	US	americas	34.991199	-78.880302	15	America/New_York	
FBD	Fayzabad Airport	Faizabad	Afghanistan	AF	asia	37.122148	70.520100	5	Asia/Kabul	Fayzabad
FBE	Paulo Abdala Airport	Francisco Beltrao	Brazil	BR	americas	-26.059380	-53.063827	5	America/Sao_Paulo	Francisco Beltrão
FBM	Lubumbashi International Airport	Lubumbashi	Democratic Republic of the Congo	CD	africa	-11.591494	27.530753	35	Africa/Lubumbashi	Luano Airport
FCA	Glacier Park International Airport	Kalispell	United States	US	americas	48.310501	-114.255997	20	America/Denver	Formerly KFCA
FCO	Rome–Fiumicino Leonardo da Vinci International Airport	Rome	Italy	IT	europe	41.804532	12.251998	78	Europe/Rome	ROM | Rome Fiumicino Airport | Fiumicino Airport
FDE	Førde Airport, Bringeland	Forde	Norway	NO	europe	61.391102	5.756940	5	Europe/Oslo	bringeland | Førde
FDF	Martinique Aimé Césaire International Airport	Fort-de-France	Martinique	MQ	americas	14.591000	-61.003201	35	America/Martinique	Le Lamentin Airport
FDH	Bodensee Airport Friedrichshafen	Friedrichshafen	Germany	DE	europe	47.671299	9.511490	30	Europe/Berlin	Bodensee Airport Friedrichshafen
FDU	Bandundu Airport	Bandundu	Democratic Republic of the Congo	CD	africa	-3.311320	17.381701	15	Africa/Kinshasa	
FEG	Fergana International Airport	Fergana	Uzbekistan	UZ	asia	40.358799	71.745003	20	Asia/Tashkent	UTFF | UTKF
FEN	Fernando de Noronha Airport	Fernando De Noronha	Brazil	BR	americas	-3.854534	-32.423017	15	America/Noronha	
FEZ	Fes Saïss International Airport	Fes	Morocco	MA	africa	33.927299	-4.977960	35	Africa/Casablanca	Saïss
FGU	Fangatau Airport	Fangatau	French Polynesia	PF	oceania	-15.820044	-140.888071	15	Pacific/Tahiti	
FHZ	Fakahina Airport	Fakahina	French Polynesia	PF	oceania	-15.992259	-140.164246	5	Pacific/Tahiti	
FIE	Fair Isle Airport	Fair Isle	United Kingdom	GB	europe	59.534721	-1.628509	5	Europe/London	
FIH	Ndjili International Airport	Kinshasa	Democratic Republic of the Congo	CD	africa	-4.385750	15.444600	35	Africa/Kinshasa	
FIZ	Fitzroy Crossing Airport	Fitzroy Crossing	Australia	AU	oceania	-18.183596	125.559783	15	Australia/Perth	
FJR	Fujairah International Airport	Fujairah	United Arab Emirates	AE	middle_east	25.108411	56.328061	35	Asia/Dubai	
FKB	Karlsruhe Baden-Baden Airport	Baden-Baden	Germany	DE	europe	48.779400	8.080500	30	Europe/Berlin	Baden Airpark | Rheinmünster
FKI	Bangoka International Airport	Kisangani	Democratic Republic of the Congo	CD	africa	0.481639	25.337999	35	Africa/Lubumbashi	
FKQ	Fakfak Airport	Fakfak-Papua Island	Indonesia	ID	asia	-2.920508	132.267011	15	Asia/Jayapura	Iboru | Torea | Fak Fak | Fakfak
FKS	Fukushima Airport	Sukagawa	Japan	JP	asia	37.227402	140.431000	15	Asia/Tokyo	
FLA	Gustavo Artunduaga Paredes Airport	Florencia	Colombia	CO	americas	1.589190	-75.564400	15	America/Bogota	
FLG	Flagstaff Pulliam Airport	Flagstaff	United States	US	americas	35.139757	-111.669826	15	America/Phoenix	
FLL	Fort Lauderdale Hollywood International Airport	Fort Lauderdale	United States	US	americas	26.072599	-80.152702	35	America/New_York	MFW | South Florida
FLN	Hercílio Luz International Airport	Florianopolis	Brazil	BR	americas	-27.670279	-48.552502	35	America/Sao_Paulo	Florianópolis
FLO	Florence Regional Airport	Florence	United States	US	americas	34.185398	-79.723900	15	America/New_York	
FLR	Florence Airport, Peretola	Firenze	Italy	IT	europe	43.808558	11.202822	30	Europe/Rome	Amerigo Vespucci Airport | Aeroporto di Firenze-Peretola
FLS	Flinders Island Airport	Whitemark	Australia	AU	oceania	-40.091702	147.992996	5	Australia/Hobart	
FLW	Flores Airport	Santa Cruz das Flores	Portugal	PT	europe	39.455299	-31.131399	15	Atlantic/Azores	
FLZ	Dr. Ferdinand Lumban Tobing Airport	Sibolga-Sumatra Island	Indonesia	ID	asia	1.557127	98.887145	15	Asia/Jakarta	Pinangsori Airport | Sibolga
FMA	Formosa National Airport	Formosa	Argentina	AR	americas	-26.212700	-58.228100	15	America/Argentina/Cordoba	Aeropuerto Nacional de Formosa
FMI	Kalemie Airport	Kalemie	Democratic Republic of the Congo	CD	africa	-5.875560	29.250000	15	Africa/Lubumbashi	
FMM	Memmingen Allgau Airport	Memmingen	Germany	DE	europe	47.988092	10.238248	30	Europe/Berlin	ETSM
FMO	Münster Osnabrück Airport	Munster	Germany	DE	europe	52.133816	7.688482	30	Europe/Berlin	Greven
FMT	Faresmaathoda Airport	Faresmaathodaa	Maldives	MV	asia	0.192647	73.196755	5	Indian/Maldives	
FNA	Lungi International Airport	Freetown	Sierra Leone	SL	africa	8.616440	-13.195500	35	Africa/Freetown	
FNC	Cristiano Ronaldo International Airport	Funchal	Portugal	PT	europe	32.697812	-16.774613	35	Atlantic/Madeira	Madeira
FND	Funadhoo Airport	Funadhoo	Maldives	MV	asia	6.162443	73.287520	5	Indian/Maldives	
FNI	Nîmes-Arles-Camargue Airport	Nimes/Garons	France	FR	europe	43.757401	4.416350	15	Europe/Paris	Nîmes/Garons
FNJ	Pyongyang Sunan International Airport	Pyongyang	North Korea	KP	asia	39.224098	125.669998	35	Asia/Pyongyang	North Korea | no commercial flights.
FNT	Bishop International Airport	Flint	United States	US	americas	42.969294	-83.743355	20	America/Detroit	
FOA	Foula Airfield	Foula	United Kingdom	GB	europe	60.121916	-2.053439	5	Europe/London	EG42
FOC	Fuzhou Changle International Airport	Fuzhou	China	CN	asia	25.929254	119.672524	35	Asia/Shanghai	
FOD	Fort Dodge Regional Airport	Fort Dodge	United States	US	americas	42.552624	-94.191237	15	America/Chicago	
FOG	Foggia Gino Lisa Airport	Foggia	Italy	IT	europe	41.433596	15.534566	15	Europe/Rome	Foggia Airport
FON	La Fortuna Arenal Airport	La Fortuna/San Carlos	Costa Rica	CR	americas	10.469311	-84.579073	15	America/Costa_Rica	El Tanque Airport | La Fortuna
FOR	Pinto Martins International Airport	Fortaleza	Brazil	BR	americas	-3.775833	-38.532222	35	America/Fortaleza	
FPO	Grand Bahama International Airport	Freeport	Bahamas	BS	americas	26.557996	-78.695583	35	America/Nassau	
FRA	Frankfurt Main Airport	Frankfurt-am-Main	Germany	DE	europe	50.026706	8.558350	88	Europe/Berlin	EDAF | Frankfurt am Main | Frankfurt Main | Rhein-Main Air Base | Zeppelinheim
FRD	Friday Harbor Airport	Friday Harbor	United States	US	americas	48.523654	-123.024645	15	America/Los_Angeles	
FRE	Fera/Maringe Airport	Fera Island	Solomon Islands	SB	oceania	-8.107500	159.576996	5	Pacific/Guadalcanal	Santa Isabel Islands
FRL	Forlì-Luigi Ridolfi International Airport	Forli	Italy	IT	europe	44.194801	12.070100	20	Europe/Rome	L Ridolfi | Ronco di Forlì | Forlì
FRO	Florø Airport	Floro	Norway	NO	europe	61.583599	5.024720	15	Europe/Oslo	Florø
FRS	Mundo Maya International Airport	San Benito	Guatemala	GT	americas	16.913707	-89.866143	20	America/Guatemala	Flores International Airport
FRW	Phillip Gaonwe Matante International Airport	Francistown	Botswana	BW	africa	-21.159183	27.468826	35	Africa/Gaborone	FBFT
FSC	Figari Sud-Corse Airport	Figari Sud-Corse	France	FR	europe	41.501850	9.097092	30	Europe/Paris	Figari
FSD	Sioux Falls Regional Airport	Sioux Falls	United States	US	americas	43.585463	-96.741152	15	America/Chicago	Joe Foss Field | Fighting Lobos | Sioux Falls Army Air Base | 114th Fighter Wing | Sioux Falls Regional Airport
FSM	Fort Smith Regional Airport	Fort Smith	United States	US	americas	35.336601	-94.367401	15	America/Chicago	
FSP	Saint-Pierre Pointe-Blanche Airport	Saint-Pierre	Saint Pierre and Miquelon	PM	americas	46.762651	-56.174990	15	America/Miquelon	
FSZ	Mount Fuji Shizuoka Airport	Shizuoka	Japan	JP	asia	34.795022	138.190976	30	Asia/Tokyo	Makinohara / Shimada
FTA	Futuna Airport	Futuna Island	Vanuatu	VU	oceania	-19.516399	170.231995	5	Pacific/Efate	
FTE	El Calafate - Commander Armando Tola International Airport	El Calafate	Argentina	AR	americas	-50.280267	-72.053401	20	America/Argentina/Rio_Gallegos	
FTI	Fitiuta Airport	Fitiuta Village	American Samoa	AS	oceania	-14.216131	-169.423771	5	Pacific/Pago_Pago	
FTU	Tôlanaro Airport	Tolanaro	Madagascar	MG	africa	-25.038099	46.956100	15	Indian/Antananarivo	Tolagnaro Airport | Marillac Airport | Fort-Dauphin | Tôlanaro
FTW	Fort Worth Meacham International Airport	Fort Worth	United States	US	americas	32.819919	-97.360818	20	America/Chicago	
FUE	Fuerteventura Airport	Fuerteventura Island	Spain	ES	europe	28.452700	-13.863800	30	Atlantic/Canary	El Matorral
FUG	Fuyang Xiguan Airport	Fuyang	China	CN	asia	32.882157	115.734364	15	Asia/Shanghai	Yingzhou
FUJ	Fukue Airport	Goto	Japan	JP	asia	32.666302	128.832993	15	Asia/Tokyo	Goto-Fukue | Goto Tsubaki
FUK	Fukuoka Airport	Fukuoka	Japan	JP	asia	33.585899	130.451004	30	Asia/Tokyo	Itazuke Air Base
FUN	Funafuti International Airport	Funafuti	Tuvalu	TV	oceania	-8.523885	179.196976	20	Pacific/Funafuti	
FUO	Foshan Shadi Airport	Foshan	China	CN	asia	23.082500	113.070833	15	Asia/Shanghai	Guangzhou Shadi Air Base
FUT	Pointe Vele Airport	Futuna Island	Wallis and Futuna	WF	oceania	-14.311565	-178.066492	5	Pacific/Wallis	
FWA	Fort Wayne International Airport	Fort Wayne	United States	US	americas	40.978896	-85.194465	20	America/Indiana/Indianapolis	Baer Field
FYJ	Fuyuan Dongji Airport	Fuyuan	China	CN	asia	48.197219	134.362980	15	Asia/Shanghai	
FYN	Fuyun Koktokay Airport	Fuyun	China	CN	asia	46.804169	89.512006	15	Asia/Shanghai	
FYU	Fort Yukon Airport	Fort Yukon	United States	US	americas	66.571651	-145.249987	15	America/Anchorage	
GAJ	Yamagata Airport	Yamagata	Japan	JP	asia	38.411900	140.371002	15	Asia/Tokyo	Higashine
GAL	Edward G. Pitka Sr Airport	Galena	United States	US	americas	64.736198	-156.936997	15	America/Anchorage	
GAM	Gambell Airport	Gambell	United States	US	americas	63.767694	-171.733303	15	America/Nome	
GAN	Gan International Airport	Gan	Maldives	MV	asia	-0.692975	73.152627	35	Indian/Maldives	Addu City | Gan Airport
GAQ	Gao International Airport	Gao	Mali	ML	africa	16.248466	-0.005389	20	Africa/Bamako	Korogoussou
GAU	Lokpriya Gopinath Bordoloi International Airport	Guwahati	India	IN	asia	26.106654	91.585226	35	Asia/Kolkata	Borjhar Airport | Mountain Shadow Air Force Station
GAX	Gamba Airport	Gamba	Gabon	GA	africa	-2.785278	10.047222	5	Africa/Libreville	
GAY	Gaya Airport	Gaya	India	IN	asia	24.744301	84.951202	15	Asia/Kolkata	
GBB	Gabala International Airport	Gabala	Azerbaijan	AZ	asia	40.808617	47.725389	20	Asia/Baku	Qabala
GBE	Sir Seretse Khama International Airport	Gaborone	Botswana	BW	africa	-24.555201	25.918200	35	Africa/Gaborone	
GBI	Kalaburagi Airport	Kalaburagi	India	IN	asia	17.308154	76.965246	5	Asia/Kolkata	Gulbarga
GBJ	Marie-Galante Airport	Grand Bourg	Guadeloupe	GP	americas	15.868925	-61.270087	15	America/Guadeloupe	Marie Galante | Grand-Bourg
GBZ	Great Barrier Aerodrome	Claris	New Zealand	NZ	oceania	-36.241402	175.472000	5	Pacific/Auckland	
GCC	Northeast Wyoming Regional Airport	Gillette	United States	US	americas	44.348900	-105.539001	15	America/Denver	Gillette Campbell County Airport
GCH	Gachsaran Airport	Dogonbadan	Iran	IR	middle_east	30.333869	50.833796	15	Asia/Tehran	Gachsaran
GCI	Guernsey Airport	Saint Peter Port	Guernsey	GG	europe	49.435001	-2.601970	15	Europe/Guernsey	Channel Islands
GCK	Garden City Regional Airport	Garden City	United States	US	americas	37.927502	-100.723999	15	America/Chicago	
GCM	Owen Roberts International Airport	Georgetown	Cayman Islands	KY	americas	19.292801	-81.357697	35	America/Cayman	Grand Cayman | George Town
GCN	Grand Canyon National Park Airport	Grand Canyon	United States	US	americas	35.952400	-112.147003	15	America/Phoenix	Grand Canyon - Tusayan
GDE	Gode Airport	Gode	Ethiopia	ET	africa	5.935130	43.578602	15	Africa/Addis_Ababa	Iddiole
GDL	Guadalajara International Airport	Guadalajara	Mexico	MX	americas	20.523342	-103.310108	35	America/Mexico_City	Miguel Hidalgo y Costilla Guadalajara
GDN	Gdańsk Lech Wałęsa Airport	Gdansk	Poland	PL	europe	54.377602	18.466200	30	Europe/Warsaw	Gdańsk-Rębiechowo | Gdańsk
GDQ	Gondar Airport	Gondar	Ethiopia	ET	africa	12.519900	37.433998	15	Africa/Addis_Ababa	Atse Tewodros | Emperor Tewodros | Azezo
GDT	JAGS McCartney International Airport	Cockburn Town	Turks and Caicos Islands	TC	americas	21.444500	-71.142303	20	America/Grand_Turk	
GDV	Dawson Community Airport	Glendive	United States	US	americas	47.137658	-104.806910	15	America/Denver	
GDX	Sokol Airport	Magadan	Russia	RU	europe	59.910999	150.720001	15	Asia/Magadan	
GDZ	Gelendzhik Airport	Gelendzhik	Russia	RU	europe	44.582093	38.012481	15	Europe/Moscow	
GEA	Nouméa Magenta Airport	Noumea	New Caledonia	NC	oceania	-22.257706	166.472822	15	Pacific/Noumea	l'Aéroport de Nouméa Magenta | Nouméa
GEG	Spokane International Airport	Spokane	United States	US	americas	47.619900	-117.533997	35	America/Los_Angeles	
GEL	Santo Ângelo Airport	Santo Angelo	Brazil	BR	americas	-28.282503	-54.169623	15	America/Sao_Paulo	Santo Ângelo
GEM	President Obiang Nguema International Airport	Mengomeyén	Equatorial Guinea	GQ	africa	1.676437	11.024904	20	Africa/Malabo	
GEO	Cheddi Jagan International Airport	Georgetown	Guyana	GY	americas	6.498550	-58.254101	35	America/Guyana	SYGT | Atkinson AFB. Timehri Intl
GER	Rafael Cabrera Airport	Nueva Gerona	Cuba	CU	americas	21.834700	-82.783798	15	America/Havana	
GES	General Santos International Airport	General Santos	Philippines	PH	asia	6.057208	125.096243	35	Asia/Manila	Tambler Airport
GET	Geraldton Airport	Geraldton	Australia	AU	oceania	-28.796101	114.707001	15	Australia/Perth	Moonyoonooka
GEV	Gällivare Airport	Gallivare	Sweden	SE	europe	67.132401	20.814600	15	Europe/Stockholm	Gällivare
GFF	Griffith Airport	Griffith	Australia	AU	oceania	-34.250801	146.067001	15	Australia/Sydney	
GFK	Grand Forks International Airport	Grand Forks	United States	US	americas	47.949299	-97.176102	20	America/Chicago	
GGF	Almeirim Airport	Almeirim	Brazil	BR	americas	-1.479524	-52.578214	5	America/Santarem	
GGG	East Texas Regional Airport	Longview	United States	US	americas	32.383999	-94.711502	15	America/Chicago	
GGR	Garowe Airport	Garowe	Somalia	SO	africa	8.458474	48.568136	5	Africa/Mogadishu	HCMW | Puntland | General Mohamed Abshir
GGS	Gobernador Gregores Airport	Gobernador Gregores	Argentina	AR	americas	-48.783100	-70.150002	5	America/Argentina/Rio_Gallegos	
GGT	Exuma International Airport	George Town	Bahamas	BS	americas	23.562599	-75.877998	20	America/Nassau	Moss Town
GGW	Glasgow Valley County Airport Wokal Field	Glasgow	United States	US	americas	48.212502	-106.614998	15	America/Denver	Glascow / Valley County | Glasgow Army Airfield | Wokal Field Glasgow International | Glasgow Satellite Airfield
GHA	Noumérat - Moufdi Zakaria Airport	Ghardaia	Algeria	DZ	africa	32.384102	3.794110	15	Africa/Algiers	Ghardaïa | El Atteuf
GHB	Governor's Harbour Airport	Governor's Harbour	Bahamas	BS	americas	25.284700	-76.331001	15	America/Nassau	
GHV	Brașov-Ghimbav International Airport	Brasov	Romania	RO	europe	45.705580	25.522871	35	Europe/Bucharest	Aeroportul Internațional Brașov-Ghimbav | Brașov
GIB	Gibraltar Airport	Gibraltar	Gibraltar	GI	europe	36.151679	-5.349780	30	Europe/Gibraltar	
GIC	Boigu Island Airport	Boigu	Australia	AU	oceania	-9.232780	142.218002	5	Australia/Brisbane	Boigu Island
GID	Gitega Airport	Gitega	Burundi	BI	africa	-3.417209	29.911308	15	Africa/Bujumbura	Kitega
GIG	Rio de Janeiro Galeão – Tom Jobim International Airport	Rio De Janeiro	Brazil	BR	americas	-22.809999	-43.250557	65	America/Sao_Paulo	
GIL	Gilgit Airport	Gilgit	Pakistan	PK	asia	35.918800	74.333603	15	Asia/Karachi	
GIS	Gisborne Airport	Gisborne	New Zealand	NZ	oceania	-38.663300	177.977997	15	Pacific/Auckland	
GIZ	Jizan Regional Airport / King Abdullah bin Abdulaziz Airport	Jizan	Saudi Arabia	SA	middle_east	16.901100	42.585800	15	Asia/Riyadh	Gizan
GJA	La Laguna Airport	Guanaja	Honduras	HN	americas	16.445400	-85.906601	15	America/Tegucigalpa	
GJL	Jijel Ferhat Abbas Airport	Jijel	Algeria	DZ	africa	36.794125	5.873652	30	Africa/Algiers	Tahir
GJT	Grand Junction Regional Airport	Grand Junction	United States	US	americas	39.126663	-108.529387	15	America/Denver	
GKA	Goroka Airport	Goronka	Papua New Guinea	PG	oceania	-6.081690	145.391998	15	Pacific/Port_Moresby	
GKK	Kooddoo Airport	Kooddoo	Maldives	MV	asia	0.732400	73.433600	5	Indian/Maldives	Huvadhu Atoll
GKN	Gulkana Airport	Gulkana	United States	US	americas	62.155859	-145.454662	15	America/Anchorage	
GLA	Glasgow Airport	Glasgow	United Kingdom	GB	europe	55.871899	-4.433060	30	Europe/London	Port-adhair Eadar-nàiseanta Ghlaschu | RAF Abbotsinch | RAF Ayr
GLF	Golfito Airport	Golfito	Costa Rica	CR	americas	8.654010	-83.182198	15	America/Costa_Rica	
GLH	Mid Delta Regional Airport	Greenville	United States	US	americas	33.482899	-90.985603	15	America/Chicago	
GLK	Galcaio Airport	Galcaio	Somalia	SO	africa	6.780830	47.454700	5	Africa/Mogadishu	Galkacyo Airport
GLT	Gladstone Airport	Gladstone	Australia	AU	oceania	-23.869763	151.225439	15	Australia/Brisbane	
GLV	Golovin Airport	Golovin	United States	US	americas	64.550499	-163.007004	5	America/Nome	Formerly N93
GMA	Gemena Airport	Gemena	Democratic Republic of the Congo	CD	africa	3.235370	19.771299	15	Africa/Kinshasa	
GMB	Gambela Airport	Gambela	Ethiopia	ET	africa	8.128760	34.563099	15	Africa/Addis_Ababa	Gambela National Park
GME	Gomel Airport	Gomel	Belarus	BY	europe	52.527000	31.016701	15	Europe/Minsk	
GMI	Gasmata Island Airport	Gasmata Island	Papua New Guinea	PG	oceania	-6.271110	150.330994	5	Pacific/Port_Moresby	
GMO	Gombe Lawanti International Airport	Gombe	Nigeria	NG	africa	10.298889	10.900000	20	Africa/Lagos	
GMP	Seoul Gimpo International Airport	Seoul	South Korea	KR	asia	37.558300	126.791000	35	Asia/Seoul	Kimpo
GMQ	Golog Maqên Airport	Golog	China	CN	asia	34.418066	100.301144	15	Asia/Shanghai	Guoluo Maqin | Maqên | Maqin
GMZ	La Gomera Airport	Alajero	Spain	ES	europe	28.029600	-17.214600	5	Atlantic/Canary	
GNB	Grenoble Alpes Isère Airport	Grenoble/Saint-Geoirs	France	FR	europe	45.362900	5.329370	15	Europe/Paris	Grenoble
GND	Maurice Bishop International Airport	Saint George's	Grenada	GD	americas	12.003996	-61.785302	35	America/Grenada	Point Salines
GNJ	Ganja International Airport	Ganja	Azerbaijan	AZ	asia	40.738692	46.320383	35	Asia/Baku	KVD | Kirovabad | Gyandzha Airport | Ganca
GNS	Binaka Airport	Gunung Sitoli-Nias Island	Indonesia	ID	asia	1.166275	97.705196	15	Asia/Jakarta	Gunungsitoli
GNV	Gainesville Regional Airport	Gainesville	United States	US	americas	29.690100	-82.271797	15	America/New_York	
GNY	Şanlıurfa GAP Airport	Sanliurfa	Turkey	TR	europe	37.445663	38.895592	30	Europe/Istanbul	Şanlıurfa
GOA	Genoa Cristoforo Colombo Airport	Genova	Italy	IT	europe	44.412039	8.840732	30	Europe/Rome	Genova Sestri | Sestri Cristoforo Colombo Airport | Cristoforo Colombo Airport
GOH	Nuuk International Airport	Nuuk	Greenland	GL	americas	64.191066	-51.679140	35	America/Nuuk	Godthåb | Nuussuaq | Mittarfik Nuuk | Nuuk International
GOI	Goa Dabolim International Airport	Dabolim	India	IN	asia	15.380062	73.833328	35	Asia/Kolkata	Goa Airport | Dabolim Navy Airbase | Vasco da Gama
GOJ	Nizhny Novgorod / Strigino International Airport	Nizhny Novgorod	Russia	RU	europe	56.227351	43.785152	35	Europe/Moscow	
GOM	Goma International Airport	Goma	Democratic Republic of the Congo	CD	africa	-1.666758	29.238037	35	Africa/Kigali	
GOP	Gorakhpur Airport	Gorakhpur	India	IN	asia	26.739700	83.449699	15	Asia/Kolkata	Gorakhpur Air Force Station
GOQ	Golmud Airport	Golmud	China	CN	asia	36.400600	94.786102	15	Asia/Shanghai	
GOT	Göteborg Landvetter Airport	Gothenburg	Sweden	SE	europe	57.662800	12.279800	30	Europe/Stockholm	Göteborg-Landvetter | Göteborg
GOU	Garoua International Airport	Garoua	Cameroon	CM	africa	9.334785	13.372129	35	Africa/Douala	
GOV	Gove Airport	Nhulunbuy	Australia	AU	oceania	-12.269400	136.817993	15	Australia/Darwin	
GOX	Manohar International Airport	Mopa	India	IN	asia	15.744257	73.860625	35	Asia/Kolkata	Mopa International
GPA	Patras Araxos Agamemnon Airport	Patras	Greece	GR	europe	38.151100	21.425600	15	Europe/Athens	
GPI	Guapi Airport	Guapi	Colombia	CO	americas	2.570130	-77.897969	15	America/Bogota	Juan Casiano
GPS	Seymour Galapagos Ecological Airport	Baltra	Ecuador	EC	americas	-0.453758	-90.265900	15	Pacific/Galapagos	Isla Baltra
GPT	Gulfport Biloxi International Airport	Gulfport	United States	US	americas	30.405582	-89.069836	20	America/Chicago	
GRB	Austin Straubel International Airport	Green Bay	United States	US	americas	44.483459	-88.130805	20	America/Chicago	
GRI	Central Nebraska Regional Airport	Grand Island	United States	US	americas	40.967499	-98.309601	15	America/Chicago	
GRJ	George Airport	George	South Africa	ZA	africa	-34.005600	22.378902	30	Africa/Johannesburg	P.W. Botha Airport
GRK	Killeen Regional Airport / Robert Gray Army Airfield	Fort Cavazos/Killeen	United States	US	americas	31.067200	-97.828903	15	America/Chicago	Gray | Fort Hood | Robert Gray Army Airfield | Killeen/Fort Hood Regional | Fort Cavazos
GRO	Girona-Costa Brava Airport	Girona	Spain	ES	europe	41.904639	2.761774	30	Europe/Madrid	Costa Brava | Girona-Costa Brava
GRQ	Groningen Airport Eelde	Groningen	Netherlands	NL	europe	53.119107	6.577652	30	Europe/Amsterdam	
GRR	Gerald R. Ford International Airport	Grand Rapids	United States	US	americas	42.880798	-85.522797	35	America/Detroit	
GRU	São Paulo/Guarulhos–Governor André Franco Montoro International Airport	Sao Paulo	Brazil	BR	americas	-23.431274	-46.469954	79	America/Sao_Paulo	Cumbica | São Paulo
GRV	Akhmat Kadyrov Grozny International Airport	Grozny	Russia	RU	europe	43.388106	45.699772	35	Europe/Moscow	Grozny North | Grozny Severny
GRW	Graciosa Airport	Santa Cruz da Graciosa	Portugal	PT	europe	39.092201	-28.029800	15	Atlantic/Azores	
GRX	F.G.L. Airport Granada-Jaén Airport	Granada	Spain	ES	europe	37.188702	-3.777360	15	Europe/Madrid	
GRY	Grímsey Airport	Grimsey	Iceland	IS	europe	66.545800	-18.017300	15	Atlantic/Reykjavik	Sandvík | Grímsey/Sandvík
GRZ	Graz Airport	Graz	Austria	AT	europe	46.991100	15.439600	30	Europe/Vienna	Thalerhof Airport | Fliegerhorst Nittner | Nittner Air Base | Christophorus 12 | Feldkirchen bei Graz
GSM	Qeshm International Airport	Qeshm	Iran	IR	middle_east	26.754639	55.902353	35	Asia/Tehran	Qeshm Island
GSO	Piedmont Triad International Airport	Greensboro	United States	US	americas	36.099370	-79.937262	35	America/New_York	
GSP	Greenville-Spartanburg International Airport	Greenville	United States	US	americas	34.895699	-82.218903	20	America/New_York	Roger Milliken Field | Greenville/Greer/Spartanburg
GST	Gustavus Airport	Gustavus	United States	US	americas	58.425301	-135.707001	15	America/Juneau	
GSV	Gagarin International Airport	Saratov	Russia	RU	europe	51.712778	46.171111	35	Europe/Saratov	
GTA	Gatokae Aerodrome	Gatokae	Solomon Islands	SB	oceania	-8.738358	158.202836	5	Pacific/Guadalcanal	
GTE	Groote Eylandt Airport	Groote Eylandt	Australia	AU	oceania	-13.972405	136.458553	15	Australia/Darwin	
GTF	Great Falls International Airport	Great Falls	United States	US	americas	47.481998	-111.371002	20	America/Denver	
GTO	Jalaluddin Airport	Gorontalo-Celebes Island	Indonesia	ID	asia	0.637119	122.849998	5	Asia/Makassar	Gorontalo
GTR	Golden Triangle Regional Airport	Columbus/W Point/Starkville	United States	US	americas	33.450298	-88.591400	15	America/Chicago	
GUA	La Aurora International Airport	Guatemala City	Guatemala	GT	americas	14.582896	-90.527515	35	America/Guatemala	
GUB	Guerrero Negro Airport	Guerrero Negro	Mexico	MX	americas	28.026100	-114.024002	5	America/Mazatlan	MM58 | San Quintín
GUC	Gunnison Crested Butte Regional Airport	Gunnison	United States	US	americas	38.534672	-106.934566	15	America/Denver	
GUM	Antonio B. Won Pat International Airport	Hagatna	Guam	GU	oceania	13.485000	144.797282	35	Pacific/Guam	NGM | NAS Agana | Hagåtña
GUP	Gallup Municipal Airport	Gallup	United States	US	americas	35.511653	-108.788166	15	America/Denver	
GUR	Gurney Airport	Gurney	Papua New Guinea	PG	oceania	-10.311500	150.334000	15	Pacific/Port_Moresby	
GUW	Atyrau International Airport	Atyrau	Kazakhstan	KZ	asia	47.121318	51.820343	35	Asia/Atyrau	
GUZ	Guarapari Airport	Guarapari	Brazil	BR	americas	-20.646500	-40.491901	5	America/Sao_Paulo	
GVA	Geneva International Airport	Geneva	Switzerland	CH	europe	46.238098	6.108950	70	Europe/Paris	Cointrin Airport
GVR	Coronel Altino Machado Airport	Governador Valadares	Brazil	BR	americas	-18.895882	-41.982869	15	America/Sao_Paulo	Governador Valadares Airport
GWD	New Gwadar International Airport	Gwadar	Pakistan	PK	asia	25.296733	62.498822	35	Asia/Karachi	Feroz Khan Noon | Gurandani
GWL	Gwalior Airport	Gwalior	India	IN	asia	26.293301	78.227798	15	Asia/Kolkata	Maharajpur Air Force Station
GWT	Westerland Sylt Airport	Westerland	Germany	DE	europe	54.913200	8.340470	15	Europe/Berlin	Sylt
GXF	Seiyun Hadhramaut International Airport	Sayun	Yemen	YE	middle_east	15.965887	48.788146	35	Asia/Aden	Seiyun
GXG	Negage Airport	Negage	Angola	AO	africa	-7.754510	15.287700	15	Africa/Luanda	
GXH	Gannan Xiahe Airport	Gannan	China	CN	asia	34.819014	102.622261	15	Asia/Shanghai	Hezuo
GYA	Guayaramerín Airport	Guayaramerin	Bolivia	BO	americas	-10.888560	-65.380955	15	America/La_Paz	Guayaramerín
GYD	Heydar Aliyev International Airport	Baku	Azerbaijan	AZ	asia	40.472780	50.050931	35	Asia/Baku	BAK | Bina International Airport | Gaydar Aliyev
GYE	José Joaquín de Olmedo International Airport	Guayaquil	Ecuador	EC	americas	-2.157420	-79.883598	35	America/Guayaquil	Simon Bolivar International Airport
GYM	General José María Yáñez International Airport	Guaymas	Mexico	MX	americas	27.969000	-110.925003	20	America/Hermosillo	
GYN	Santa Genoveva International Airport	Goiania	Brazil	BR	americas	-16.632000	-49.220699	35	America/Sao_Paulo	Goiânia
GYS	Guangyuan Panlong Airport	Guangyuan	China	CN	asia	32.390254	105.694571	15	Asia/Shanghai	
GYU	Guyuan Liupanshan Airport	Guyuan	China	CN	asia	36.078889	106.216944	15	Asia/Shanghai	
GYY	Gary/Chicago International Airport	Gary	United States	US	americas	41.617087	-87.413206	20	America/Chicago	East Chicago
GYZ	Gruyere Airport	Gruyere	Australia	AU	oceania	-28.034548	123.815060	5	Australia/Perth	Cosmo Newbery
GZG	Garze Gesar Airport	Garze	China	CN	asia	31.757500	99.554167	5	Asia/Shanghai	Ganzi | Garzê
GZO	Nusatupe Airport	Gizo	Solomon Islands	SB	oceania	-8.097780	156.863998	5	Pacific/Guadalcanal	
GZP	Gazipaşa-Alanya Airport	Gazipasa	Turkey	TR	europe	36.298832	32.297017	15	Europe/Istanbul	Gazipaşa
GZT	Gaziantep Oğuzeli International Airport	Gaziantep	Turkey	TR	europe	36.947201	37.478699	35	Europe/Istanbul	
HAA	Hasvik Airport	Hasvik	Norway	NO	europe	70.486702	22.139700	5	Europe/Oslo	
HAC	Hachijojima Airport	Hachijojima	Japan	JP	asia	33.114843	139.785645	15	Asia/Tokyo	
HAD	Halmstad Airport	Halmstad	Sweden	SE	europe	56.691101	12.820200	15	Europe/Stockholm	
HAH	Prince Said Ibrahim International Airport	Moroni	Comoros	KM	africa	-11.533700	43.271900	35	Indian/Comoro	Hahaia
HAJ	Hannover Airport	Hannover	Germany	DE	europe	52.461102	9.685080	30	Europe/Berlin	
HAK	Haikou Meilan International Airport	Haikou	China	CN	asia	19.934900	110.459000	35	Asia/Shanghai	ZGHK
HAM	Hamburg Helmut Schmidt Airport	Hamburg	Germany	DE	europe	53.630402	9.988230	30	Europe/Berlin	Hamburg-Fuhlsbüttel Airport
HAN	Noi Bai International Airport	Hanoi	Vietnam	VN	asia	21.221201	105.806999	35	Asia/Bangkok	Noibai Airport
HAQ	Hanimaadhoo International Airport	Haa Dhaalu Atoll	Maldives	MV	asia	6.743235	73.167072	35	Indian/Maldives	
HAS	Hail International Airport	Hail	Saudi Arabia	SA	middle_east	27.437901	41.686298	35	Asia/Riyadh	Hail Airport
HAU	Haugesund Airport, Karmøy	Karmoy	Norway	NO	europe	59.345299	5.208360	15	Europe/Oslo	Karmøy
HAV	José Martí International Airport	Havana	Cuba	CU	americas	22.989201	-82.409103	35	America/Havana	Habana
HBA	Hobart International Airport	Hobart	Australia	AU	oceania	-42.837032	147.513022	35	Australia/Hobart	
HBE	Alexandria International Airport	Alexandria	Egypt	EG	africa	30.932490	29.696437	35	Africa/Cairo	
HBQ	Haibei Qilian Airport	Haibei	China	CN	asia	38.008068	100.645065	5	Asia/Shanghai	
HBX	Hubballi Airport	Hubli	India	IN	asia	15.361084	75.082096	15	Asia/Kolkata	VAHB | Hubballi
HCJ	Hechi Jinchengjiang Airport	Hechi	China	CN	asia	24.804344	107.710819	15	Asia/Shanghai	
HCR	Holy Cross Airport	Holy Cross	United States	US	americas	62.188301	-159.774994	15	America/Anchorage	4Z4
HCZ	Chenzhou Beihu Airport	Chenzhou	China	CN	asia	25.753419	112.845404	15	Asia/Shanghai	
HDD	Hyderabad Airport	Hyderabad	Pakistan	PK	asia	25.318100	68.366096	5	Asia/Karachi	
HDF	Heringsdorf Airport	Heringsdorf	Germany	DE	europe	53.878700	14.152300	15	Europe/Berlin	Zirchow
HDG	Handan Airport	Handan	China	CN	asia	36.524824	114.424126	15	Asia/Shanghai	Handan Matou Airport
HDK	Kulhudhuffushi Airport	Kulhudhuffushi	Maldives	MV	asia	6.630762	73.067815	5	Indian/Maldives	
HDM	Hamadan Airport	Hamadan	Iran	IR	middle_east	34.866416	48.560690	15	Asia/Tehran	
HDN	Yampa Valley Airport	Hayden	United States	US	americas	40.481201	-107.218002	15	America/Denver	
HDO	Hindon Airport / Hindon Air Force Station	Ghaziabad	India	IN	asia	28.707701	77.358902	5	Asia/Kolkata	
HDS	Eastgate Airport / Air Force Base Hoedspruit	Hoedspruit	South Africa	ZA	africa	-24.361864	31.052921	15	Africa/Johannesburg	Hoedspruit Airport | Hoedspruit Air Force Base
HDY	Hat Yai International Airport	Hat Yai	Thailand	TH	asia	6.933210	100.392998	35	Asia/Bangkok	
HEA	Herat - Khwaja Abdullah Ansari International Airport	Herat	Afghanistan	AF	asia	34.209999	62.228298	35	Asia/Kabul	Guzara
HEH	Heho Airport	Heho	Myanmar	MM	asia	20.747140	96.792029	15	Asia/Yangon	
HEI	Heide-Büsum Airport	Busum	Germany	DE	europe	54.153332	8.901667	5	Europe/Berlin	Oesterdeichstrich
HEK	Heihe Aihui Airport	Heihe	China	CN	asia	50.171621	127.308884	15	Asia/Shanghai	
HEL	Helsinki Vantaa Airport	Helsinki	Finland	FI	europe	60.318363	24.963341	65	Europe/Helsinki	
HER	Heraklion International Nikos Kazantzakis Airport	Heraklion	Greece	GR	europe	35.339699	25.180300	35	Europe/Athens	Crete Island
HET	Hohhot Baita International Airport	Hohhot	China	CN	asia	40.849658	111.824598	35	Asia/Shanghai	
HFA	Uri Michaeli Haifa International Airport	Haifa	Israel	IL	middle_east	32.810219	35.043719	20	Asia/Jerusalem	RAF Haifa
HFE	Hefei Xinqiao International Airport	Hefei	China	CN	asia	31.987790	116.976900	35	Asia/Shanghai	
HFN	Hornafjörður Airport	Hornafjordur	Iceland	IS	europe	64.295601	-15.227200	15	Atlantic/Reykjavik	Höfn
HFS	Hagfors Airport	Hagfors	Sweden	SE	europe	60.020100	13.578900	5	Europe/Stockholm	Råda
HFT	Hammerfest Airport	Hammerfest	Norway	NO	europe	70.679703	23.668600	15	Europe/Oslo	
HGA	Egal International Airport	Hargeisa	Somalia	SO	africa	9.514082	44.083469	35	Africa/Mogadishu	Madaarka Caalamiga a ee Cigaal
HGD	Hughenden Airport	Hughenden	Australia	AU	oceania	-20.815001	144.225006	5	Australia/Brisbane	
HGH	Hangzhou Xiaoshan International Airport	Hangzhou	China	CN	asia	30.236090	120.428865	35	Asia/Shanghai	Hang Zhou
HGI	Itanagar Donyi Polo Hollongi Airport	Itanagar	India	IN	asia	26.966830	93.638792	15	Asia/Kolkata	Hollongi
HGL	Helgoland-Düne Airport	Helgoland	Germany	DE	europe	54.185280	7.915833	5	Europe/Berlin	
HGN	Mae Hong Son Airport	Mae Hong Son	Thailand	TH	asia	19.301300	97.975800	15	Asia/Bangkok	
HGO	Korhogo Airport	Korhogo	Côte d'Ivoire	CI	africa	9.387180	-5.556660	15	Africa/Abidjan	
HGR	Hagerstown Regional Richard A Henson Field	Hagerstown	United States	US	americas	39.708771	-77.728014	15	America/New_York	
HGU	Mount Hagen Kagamuga Airport	Mount Hagen	Papua New Guinea	PG	oceania	-5.828212	144.299412	15	Pacific/Port_Moresby	
HHH	Hilton Head Airport	Hilton Head Island	United States	US	americas	32.224400	-80.697502	15	America/New_York	49J
HHN	Frankfurt-Hahn Airport	Hahn	Germany	DE	europe	49.946353	7.261734	30	Europe/Berlin	Frankfurt am Main
HHQ	Hua Hin Airport	Hua Hin	Thailand	TH	asia	12.636200	99.951500	15	Asia/Bangkok	
HHR	Jack Northrop Field Hawthorne Municipal Airport	Hawthorne	United States	US	americas	33.922798	-118.334999	15	America/Los_Angeles	
HHZ	Hikueru Airport	Hikueru Atoll	French Polynesia	PF	oceania	-17.548297	-142.612037	5	Pacific/Tahiti	Hikueru
HIA	Huai'an Lianshui Airport	Huai'an	China	CN	asia	33.792712	119.126657	30	Asia/Shanghai	Huaian
HIB	Range Regional Airport	Hibbing	United States	US	americas	47.384831	-92.836905	15	America/Chicago	Chisholm Hibbing Airport
HID	Horn Island Airport	Horn Island	Australia	AU	oceania	-10.585636	142.292770	15	Australia/Brisbane	Horn
HII	Lake Havasu City Airport	Lake Havasu City	United States	US	americas	34.570506	-114.357745	15	America/Phoenix	
HIJ	Hiroshima Airport	Hiroshima	Japan	JP	asia	34.436100	132.919006	30	Asia/Tokyo	
HIL	Shilavo Airport	Shilavo	Ethiopia	ET	africa	6.077545	44.763736	5	Africa/Addis_Ababa	Shillavo | Shilabo | Scilave
HIN	Sacheon Airport / Sacheon Air Base	Sacheon	South Korea	KR	asia	35.088591	128.071747	15	Asia/Seoul	
HIR	Honiara International Airport	Honiara	Solomon Islands	SB	oceania	-9.428000	160.054993	35	Pacific/Guadalcanal	Henderson Field
HJB	Hejing Bayinbuluke Airport	Hejing	China	CN	asia	42.976395	83.995543	5	Asia/Shanghai	
HJJ	Huaihua Zhijiang Airport	Huaihua	China	CN	asia	27.443087	109.704666	15	Asia/Shanghai	Chihkiang Airfield
HJR	Khajuraho Airport	Khajuraho	India	IN	asia	24.817200	79.918602	15	Asia/Kolkata	VAKJ
HKD	Hakodate Airport	Hakodate	Japan	JP	asia	41.770000	140.822006	30	Asia/Tokyo	
HKG	Hong Kong International Airport	Hong Kong	Hong Kong	HK	asia	22.311840	113.914862	91	Asia/Hong_Kong	Chek Lap Kok Airport
HKK	Hokitika Airfield	Hokitika	New Zealand	NZ	oceania	-42.713600	170.985001	15	Pacific/Auckland	
HKN	Hoskins Airport	Hoskins	Papua New Guinea	PG	oceania	-5.463846	150.407327	15	Pacific/Port_Moresby	Kimbe
HKT	Phuket International Airport	Phuket	Thailand	TH	asia	8.113257	98.317400	35	Asia/Bangkok	
HLA	Lanseria International Airport	Johannesburg	South Africa	ZA	africa	-25.938964	27.926642	35	Africa/Johannesburg	
HLD	Hulunbuir Hailar Airport	Hailar	China	CN	asia	49.208616	119.822301	30	Asia/Shanghai	Hailar Dongshan
HLE	Saint Helena International Airport	Saint Helena	Saint Helena, Ascension and Tristan da Cunha	SH	africa	-15.958898	-5.646066	20	Atlantic/St_Helena	Jamestown
HLH	Ulanhot Yilelite Airport	Ulanhot	China	CN	asia	46.195333	122.008333	5	Asia/Shanghai	
HLN	Helena Regional Airport	Helena	United States	US	americas	46.606800	-111.983002	15	America/Denver	
HLP	Halim Perdanakusuma International Airport	Jakarta	Indonesia	ID	asia	-6.266989	106.890318	35	Asia/Jakarta	WIIH | WIIX | WIID
HLZ	Hamilton International Airport	Hamilton	New Zealand	NZ	oceania	-37.866961	175.331952	20	Pacific/Auckland	
HMA	Khanty Mansiysk Airport	Khanty-Mansiysk	Russia	RU	europe	61.028500	69.086098	15	Asia/Yekaterinburg	
HMB	Suhaj International Airport	Sohag	Egypt	EG	africa	26.342515	31.743017	35	Africa/Cairo	HEMK | Suhaj Mubarak International Airport | Sohag Intl | Suhaj
HME	Hassi Messaoud-Oued Irara Krim Belkacem Airport	Hassi Messaoud	Algeria	DZ	africa	31.673000	6.140440	15	Africa/Algiers	
HMI	Hami Airport	Hami	China	CN	asia	42.841400	93.669197	15	Asia/Shanghai	Kumul | Qumul
HMO	General Ignacio L. Pesqueira International Airport	Hermosillo	Mexico	MX	americas	29.092811	-111.053015	35	America/Hermosillo	
HMV	Hemavan Airport	Hemavan	Sweden	SE	europe	65.806099	15.082800	5	Europe/Stockholm	
HNA	Iwate Hanamaki Airport	Hanamaki	Japan	JP	asia	39.428600	141.134995	15	Asia/Tokyo	Morioka
HND	Tokyo Haneda International Airport	Tokyo	Japan	JP	asia	35.549678	139.786958	94	Asia/Tokyo	TYO | Haneda
HNH	Hoonah Airport	Hoonah	United States	US	americas	58.096100	-135.410111	5	America/Juneau	
HNL	Daniel K. Inouye International Airport	Honolulu	United States	US	americas	21.318387	-157.925670	73	Pacific/Honolulu	Hickam Air Force Base | HIK | PHIK | KHNL | Honolulu International
HNM	Hana Airport	Hana	United States	US	americas	20.795601	-156.014008	15	Pacific/Honolulu	
HNS	Haines Airport	Haines	United States	US	americas	59.243921	-135.523925	15	America/Juneau	
HNY	Hengyang Nanyue Airport	Hengyang	China	CN	asia	26.722080	112.617958	5	Asia/Shanghai	
HOB	Lea County Regional Airport	Hobbs	United States	US	americas	32.687500	-103.217003	15	America/Denver	
HOF	Al-Ahsa International Airport	Hofuf	Saudi Arabia	SA	middle_east	25.285299	49.485199	35	Asia/Riyadh	
HOG	Frank Pais International Airport	Holguin	Cuba	CU	americas	20.785148	-76.315526	35	America/Havana	
HOI	Hao Airport	Otepa	French Polynesia	PF	oceania	-18.074800	-140.945999	15	Pacific/Tahiti	
HOK	Hooker Creek Airport	Lajamanu	Australia	AU	oceania	-18.336700	130.638000	5	Australia/Darwin	
HOM	Homer Airport	Homer	United States	US	americas	59.644456	-151.479235	15	America/Anchorage	
HOR	Horta Airport	Horta	Portugal	PT	europe	38.519901	-28.715900	15	Atlantic/Azores	
HOT	Memorial Field Airport	Hot Springs	United States	US	americas	34.478800	-93.096262	15	America/Chicago	
HOU	William P. Hobby Airport	Houston	United States	US	americas	29.645336	-95.276812	30	America/Chicago	QHO
HOV	Ørsta-Volda Airport, Hovden	Orsta	Norway	NO	europe	62.180000	6.074100	15	Europe/Oslo	Ørsta
HPA	Lifuka Island Airport	Lifuka	Tonga	TO	oceania	-19.777000	-174.341003	15	Pacific/Tongatapu	Salote Pilolevu Airport | Haapai
HPB	Hooper Bay Airport	Hooper Bay	United States	US	americas	61.523899	-166.147003	5	America/Nome	
HPG	Shennongjia Hongping Airport	Shennongjia	China	CN	asia	31.626000	110.340000	15	Asia/Shanghai	
HPH	Cat Bi International Airport	Haiphong	Vietnam	VN	asia	20.817428	106.724315	35	Asia/Bangkok	Catbi Airport
HPN	Westchester County Airport	White Plains	United States	US	americas	41.067001	-73.707603	15	America/New_York	Manhattan | New York City | NYC
HQL	Tashikuergan Hongqilafu Airport	Tashkurgan	China	CN	asia	37.661333	75.288877	15	Asia/Shanghai	Tashikuergan
HQQ	Anyang Hongqiqu Airport	Anyang	China	CN	asia	35.870833	114.461944	5	Asia/Shanghai	
HRB	Harbin Taiping International Airport	Harbin	China	CN	asia	45.623402	126.250000	35	Asia/Shanghai	
HRE	Robert Gabriel Mugabe International Airport	Harare	Zimbabwe	ZW	africa	-17.931801	31.092800	35	Africa/Harare	FVHA
HRF	Hoarafushi Airport	Hoarafushi	Maldives	MV	asia	6.969670	72.896287	5	Indian/Maldives	
HRG	Hurghada International Airport	Hurghada	Egypt	EG	africa	27.176776	33.796692	35	Africa/Cairo	Al Ghardaqah
HRI	Mattala Rajapaksa International Airport	Mattala	Sri Lanka	LK	asia	6.283878	81.124163	20	Asia/Colombo	Hambantota International Airport
HRL	Valley International Airport	Harlingen	United States	US	americas	26.228500	-97.654404	20	America/Chicago	
HRO	Boone County Airport	Harrison	United States	US	americas	36.261501	-93.154701	15	America/Chicago	
HSA	Hazrat Sultan International Airport	Turkistan	Kazakhstan	KZ	asia	43.311087	68.550352	35	Asia/Almaty	Turkıstan
HSC	Shaoguan Danxia Airport	Shaoguan	China	CN	asia	24.978600	113.420998	15	Asia/Shanghai	Shaoguan Air Base | Shaoguan Guitou Airport
HSG	Kyushu Saga International Airport	Saga	Japan	JP	asia	33.149700	130.302002	35	Asia/Tokyo	
HSL	Huslia Airport	Huslia	United States	US	americas	65.697899	-156.350998	15	America/Anchorage	
HSN	Zhoushan Putuoshan International Airport	Zhoushan	China	CN	asia	29.933874	122.362307	35	Asia/Shanghai	
HSR	Rajkot International Airport	Rajkot	India	IN	asia	22.378824	71.039391	35	Asia/Kolkata	Hirasar Airport
HSS	Maharaja Agrasen International Airport	Hisar	India	IN	asia	29.186065	75.741420	35	Asia/Kolkata	
HSV	Huntsville International Airport	Huntsville	United States	US	americas	34.636244	-86.774378	20	America/Chicago	Carl T. Jones Field
HTA	Chita-Kadala International Airport	Chita	Russia	RU	europe	52.024841	113.305839	35	Asia/Chita	
HTG	Khatanga Airport	Khatanga	Russia	RU	europe	71.978104	102.490997	15	Asia/Krasnoyarsk	
HTI	Hamilton Island Airport	Hamilton Island	Australia	AU	oceania	-20.358101	148.951996	15	Australia/Lindeman	
HTN	Hotan Airport	Hotan	China	CN	asia	37.038502	79.864899	15	Asia/Shanghai	Khotan | Heitan Air Base
HTS	Tri-State Airport / Milton J. Ferguson Field	Huntington	United States	US	americas	38.366699	-82.557999	15	America/New_York	
HTT	Huatugou Airport	Mengnai	China	CN	asia	38.201645	90.837843	15	Asia/Shanghai	
HTY	Hatay Airport	Hatay	Turkey	TR	europe	36.360790	36.285589	15	Europe/Istanbul	antakya | samandag | Antakya
HUE	Humera Airport	Humera	Ethiopia	ET	africa	13.830120	36.882370	5	Africa/Addis_Ababa	Himera | Himora | Akwi
HUG	Huehuetenango Airport	Huehuetenango	Guatemala	GT	americas	15.316667	-91.505556	5	America/Guatemala	
HUH	Huahine-Fare Airport	Fare	French Polynesia	PF	oceania	-16.687084	-151.021593	15	Pacific/Tahiti	
HUI	Phu Bai International Airport	Hue	Vietnam	VN	asia	16.400581	107.704094	35	Asia/Ho_Chi_Minh	Phubai
HUN	Hualien Chiashan Airport	Hualien City	Taiwan	TW	asia	24.023163	121.617991	30	Asia/Taipei	
HUO	Holingol Huolinhe Airport	Holingol	China	CN	asia	45.487222	119.407222	15	Asia/Shanghai	
HUS	Hughes Airport	Hughes	United States	US	americas	66.041100	-154.263001	5	America/Anchorage	
HUU	Alferez Fap David Figueroa Fernandini Airport	Huanuco	Peru	PE	americas	-9.878810	-76.204803	15	America/Lima	Huánuco
HUX	Bahías de Huatulco International Airport	Huatulco	Mexico	MX	americas	15.775437	-96.260456	35	America/Mexico_City	
HUY	Humberside Airport	Grimsby	United Kingdom	GB	europe	53.576152	-0.349540	15	Europe/London	RAF Kirmington
HUZ	Huizhou Pingtan Airport	Huizhou	China	CN	asia	23.049999	114.599998	15	Asia/Shanghai	Huiyang Air Base | Pingtan Airport
HVB	Hervey Bay Airport	Hervey Bay	Australia	AU	oceania	-25.320127	152.880662	15	Australia/Brisbane	
HVD	Khovd Airport	Khovd	Mongolia	MN	asia	47.954102	91.628197	15	Asia/Hovd	Hovd | Kobdo
HVG	Honningsvåg Airport, Valan	Honningsvag	Norway	NO	europe	71.009697	25.983601	15	Europe/Oslo	North Cape Airport | Honningsvåg
HVN	Tweed New Haven Airport	New Haven	United States	US	americas	41.262869	-72.887694	15	America/New_York	
HVR	Havre City County Airport	Havre	United States	US	americas	48.541387	-109.762859	15	America/Denver	
HXD	Haixi Delingha Airport	Delingha	China	CN	asia	37.125286	97.268658	15	Asia/Shanghai	
HYA	Cape Cod Gateway Airport	Hyannis	United States	US	americas	41.669300	-70.280403	15	America/New_York	Barnstable | Boardman Polando
HYD	Rajiv Gandhi International Airport	Hyderabad	India	IN	asia	17.231318	78.429855	35	Asia/Kolkata	Shamshabad
HYN	Taizhou Luqiao Airport	Huangyan	China	CN	asia	28.562201	121.429001	15	Asia/Shanghai	Taizhou
HYS	Hays Regional Airport	Hays	United States	US	americas	38.844521	-99.273148	15	America/Chicago	
HZA	Heze Mudan Airport	Heze	China	CN	asia	35.212972	115.736748	15	Asia/Shanghai	
HZG	Hanzhong Chenggu Airport	Hanzhong	China	CN	asia	33.133527	107.203817	15	Asia/Shanghai	
HZH	Liping Airport	Liping	China	CN	asia	26.322170	109.149900	15	Asia/Shanghai	
IAA	Igarka Airport	Igarka	Russia	RU	europe	67.437202	86.621902	15	Asia/Krasnoyarsk	
IAD	Washington Dulles International Airport	Dulles	United States	US	americas	38.944500	-77.455803	35	America/New_York	WAS
IAG	Niagara Falls International Airport	Niagara Falls	United States	US	americas	43.107300	-78.946198	20	America/New_York	
IAH	George Bush Intercontinental Airport	Houston	United States	US	americas	29.984400	-95.341400	72	America/Chicago	QHO
IAM	Zarzaitine - In Aménas Airport	Amenas	Algeria	DZ	africa	28.051500	9.642910	15	Africa/Algiers	In Aménas
IAN	Bob Baker Memorial Airport	Kiana	United States	US	americas	66.976128	-160.439014	15	America/Anchorage	
IAO	Siargao Airport	Del Carmen	Philippines	PH	asia	9.859100	126.014000	5	Asia/Manila	Sayak Airport
IAR	Golden Ring Yaroslavl International Airport	Yaroslavl	Russia	RU	europe	57.560699	40.157398	35	Europe/Moscow	Tunoshna
IAS	Iaşi International Airport	Iasi	Romania	RO	europe	47.179633	27.621431	35	Europe/Bucharest	Jassy | Iaşi
IBA	Ibadan Airport	Ibadan	Nigeria	NG	africa	7.362460	3.978330	15	Africa/Lagos	
IBB	General Villamil Airport	Isabela	Ecuador	EC	americas	-0.942628	-90.953003	5	Pacific/Galapagos	Puerto Villamil
IBE	Perales Airport	Ibague	Colombia	CO	americas	4.421610	-75.133300	15	America/Bogota	Ibagué
IBR	Ibaraki Airport	Omitama	Japan	JP	asia	36.181456	140.414434	30	Asia/Tokyo	Hyakuri
IBZ	Ibiza Airport	Ibiza	Spain	ES	europe	38.872898	1.373120	30	Europe/Madrid	
ICC	Andrés Miguel Salazar Marcano Airport	Isla de Coche	Venezuela	VE	americas	10.794432	-63.981590	5	America/Caracas	
ICI	Cicia Airport	Cicia	Fiji	FJ	oceania	-17.743299	-179.341995	5	Pacific/Fiji	
ICN	Incheon International Airport	Seoul	South Korea	KR	asia	37.469101	126.450996	89	Asia/Seoul	
ICT	Wichita Dwight D. Eisenhower National Airport	Wichita	United States	US	americas	37.650314	-97.428583	15	America/Chicago	Mid-Continent Airport
IDA	Idaho Falls Regional Airport	Idaho Falls	United States	US	americas	43.514599	-112.070999	15	America/Boise	Fanning Field
IDR	Devi Ahilya Bai Holkar International Airport	Indore	India	IN	asia	22.721404	75.800510	35	Asia/Kolkata	
IEG	Zielona Góra-Babimost Airport	Babimost	Poland	PL	europe	52.138500	15.798600	15	Europe/Warsaw	Nowe Kramsko
IFJ	Ísafjörður Airport	Isafjordur	Iceland	IS	europe	66.058098	-23.135300	15	Atlantic/Reykjavik	Ísafjörður
IFN	Isfahan Shahid Beheshti International Airport	Isfahan	Iran	IR	middle_east	32.755142	51.883877	35	Asia/Tehran	Esfahan
IGA	Inagua Airport	Matthew Town	Bahamas	BS	americas	20.975000	-73.666901	15	America/Nassau	Inagua International
IGD	Iğdır Airport	Igdir	Turkey	TR	europe	39.976627	43.876648	15	Europe/Istanbul	Iğdır
IGG	Igiugig Airport	Igiugig	United States	US	americas	59.324001	-155.901993	5	America/Anchorage	
IGR	Cataratas Del Iguazú International Airport	Puerto Iguazu	Argentina	AR	americas	-25.737301	-54.473400	20	America/Argentina/Cordoba	Iguaçu | Mayor Carlos Eduardo Krause Airport
IGT	Magas Airport	Magas	Russia	RU	europe	43.323268	45.012568	15	Europe/Moscow	Sleptsovskaya Airport | Ingushetiya Airport | Ingushetia Airport | Nazran | Sunzha
IGU	Cataratas International Airport	Foz Do Iguacu	Brazil	BR	americas	-25.594167	-54.489444	35	America/Argentina/Cordoba	Foz do Iguaçu
IIA	Inishmaan Aerodrome	Inis Meain	Ireland	IE	europe	53.092999	-9.568060	5	Europe/Dublin	Aran Islands | Inis Meáin
IJK	Izhevsk Airport	Izhevsk	Russia	RU	europe	56.834524	53.462172	15	Europe/Samara	
IKA	Imam Khomeini International Airport	Tehran	Iran	IR	middle_east	35.416100	51.152199	35	Asia/Tehran	Ahmadabad
IKG	Karakol International Airport	Karakol	Kyrgyzstan	KG	asia	42.508099	78.407799	20	Asia/Bishkek	UAFP | Przhevalsk Airport
IKI	Iki Airport	Iki	Japan	JP	asia	33.749001	129.785004	15	Asia/Tokyo	
IKO	Nikolski Air Station	Nikolski	United States	US	americas	52.941552	-168.849478	5	America/Nome	
IKS	Tiksi Airport	Tiksi	Russia	RU	europe	71.697701	128.903000	15	Asia/Yakutsk	
IKT	Irkutsk International Airport	Irkutsk	Russia	RU	europe	52.266707	104.395563	35	Asia/Irkutsk	
IKU	Issyk-Kul International Airport	Tamchy	Kyrgyzstan	KG	asia	42.585584	76.701181	35	Asia/Bishkek	UAFL | Issyk-Kul Airport | Chok-Tal Airport
ILD	Lleida-Alguaire Airport	Lleida	Spain	ES	europe	41.728185	0.535023	15	Europe/Madrid	
ILF	Ilford Airport	Ilford	Canada	CA	americas	56.051622	-95.618820	5	America/Winnipeg	ZBD
ILG	Wilmington Airport	Wilmington	United States	US	americas	39.678699	-75.606499	15	America/New_York	New Castle
ILI	Iliamna Airport	Iliamna	United States	US	americas	59.754398	-154.910996	15	America/Anchorage	
ILM	Wilmington International Airport	Wilmington	United States	US	americas	34.272345	-77.905117	20	America/New_York	
ILO	Iloilo International Airport	Iloilo City	Philippines	PH	asia	10.833017	122.493358	35	Asia/Manila	Cabatuan
ILP	Île des Pins Airport	Ile des Pins	New Caledonia	NC	oceania	-22.588900	167.455994	15	Pacific/Noumea	Île des Pins
ILQ	General Jorge Fernandez Maldon Airport	Ilo	Peru	PE	americas	-17.695000	-71.344002	15	America/Lima	
ILR	General Tunde Idiagbon International Airport	Ilorin	Nigeria	NG	africa	8.440210	4.493920	35	Africa/Lagos	Ilorin International Airport | Ilorin/Ogbomosho
ILS	Ilopango International Airport	San Salvador	El Salvador	SV	americas	13.699500	-89.119904	20	America/El_Salvador	
ILY	Islay Airport	Port Ellen	United Kingdom	GB	europe	55.682708	-6.257525	15	Europe/London	Glenegedale | Islay | Isle of Islay
IMF	Bir Tikendrajit International Airport	Imphal	India	IN	asia	24.760000	93.896698	35	Asia/Kolkata	
IMK	Simikot Airport	Simikot	Nepal	NP	asia	29.971100	81.818901	5	Asia/Kathmandu	
IMP	Prefeito Renato Moreira Airport	Imperatriz	Brazil	BR	americas	-5.531290	-47.459999	15	America/Fortaleza	
IMT	Ford Airport	Iron Mountain Kingsford	United States	US	americas	45.819110	-88.114557	15	America/Chicago	Iron Mountain | Kingsford
INB	Independence Airport	Independence	Belize	BZ	americas	16.534560	-88.441615	5	America/Belize	Savannah | Mango Creek
INC	Yinchuan Hedong International Airport	Yinchuan	China	CN	asia	38.322758	106.393214	35	Asia/Shanghai	
IND	Indianapolis International Airport	Indianapolis	United States	US	americas	39.717300	-86.294403	35	America/Indiana/Indianapolis	
INH	Inhambane Airport	Inhambabe	Mozambique	MZ	africa	-23.876400	35.408501	15	Africa/Maputo	Inhambane
INI	Niš Constantine the Great Airport	Nis	Serbia	RS	europe	43.336538	21.856242	30	Europe/Belgrade	Aerodrom Konstantin Veliki Niš | Niš
INL	Falls International Airport	International Falls	United States	US	americas	48.566200	-93.403099	20	America/Chicago	
INN	Innsbruck Airport	Innsbruck	Austria	AT	europe	47.260201	11.344000	30	Europe/Vienna	Kranebitten Airport
INO	Inongo Airport	Inongo	Democratic Republic of the Congo	CD	africa	-1.947220	18.285801	5	Africa/Kinshasa	
INQ	Inisheer Aerodrome	Inis Oirr	Ireland	IE	europe	53.064701	-9.510900	5	Europe/Dublin	Aran Islands | Inis Oírr
INU	Nauru International Airport	Yaren District	Nauru	NR	oceania	-0.547893	166.919525	20	Pacific/Nauru	Nauru | Naero | Yaren
INV	Inverness Airport	Inverness	United Kingdom	GB	europe	57.542500	-4.047500	15	Europe/London	
INZ	In Salah Airport	In Salah	Algeria	DZ	africa	27.250999	2.512020	15	Africa/Algiers	
IOA	Ioannina King Pyrrhus National Airport	Ioannina	Greece	GR	europe	39.696400	20.822500	15	Europe/Athens	
IOM	Isle of Man Airport	Castletown	Isle of Man	IM	europe	54.083081	-4.623871	30	Europe/Isle_of_Man	Ronaldsway | Douglas
IOR	Inishmore Aerodrome	Inis Mor	Ireland	IE	europe	53.106701	-9.653610	5	Europe/Dublin	Aran Islands | Inis Mór
IOS	Bahia - Jorge Amado Airport	Ilheus	Brazil	BR	americas	-14.815929	-39.033458	15	America/Bahia	Ilhéus
IPC	Mataveri International Airport	Isla De Pascua	Chile	CL	americas	-27.165411	-109.421027	35	Pacific/Easter	Rapa Nui | Easter Island | Isla de Pascua Airport
IPH	Sultan Azlan Shah Airport	Ipoh	Malaysia	MY	asia	4.567330	101.091643	30	Asia/Kuala_Lumpur	
IPI	San Luis Airport	Ipiales	Colombia	CO	americas	0.861946	-77.671783	15	America/Bogota	
IPL	Imperial County Airport	Imperial	United States	US	americas	32.835390	-115.574026	15	America/Los_Angeles	
IPN	Usiminas Airport	Ipatinga	Brazil	BR	americas	-19.470699	-42.487598	15	America/Sao_Paulo	Usiminas
IPT	Williamsport Regional Airport	Williamsport	United States	US	americas	41.242126	-76.922450	15	America/New_York	
IQM	Qiemo Yudu Airport	Qiemo	China	CN	asia	38.234516	85.465462	15	Asia/Shanghai	Cherchen | Qarqan
IQN	Qingyang Xifeng Airport	Qingyang	China	CN	asia	35.802638	107.598896	15	Asia/Shanghai	Dingxi Air Base
IQQ	Diego Aracena International Airport	Iquique	Chile	CL	americas	-20.536273	-70.181373	35	America/Santiago	
IQT	Coronel FAP Francisco Secada Vignetta International Airport	Iquitos	Peru	PE	americas	-3.784740	-73.308800	35	America/Lima	
IRA	Ngorangora Airport	Kirakira	Solomon Islands	SB	oceania	-10.449700	161.897995	5	Pacific/Guadalcanal	
IRC	Circle City (New) Airport	Circle	United States	US	americas	65.827673	-144.076195	5	America/Anchorage	K03
IRG	Lockhart River Airport	Lockhart River	Australia	AU	oceania	-12.786900	143.304993	15	Australia/Brisbane	
IRJ	Capitan V A Almonacid Airport	La Rioja	Argentina	AR	americas	-29.381599	-66.795799	15	America/Argentina/La_Rioja	
IRK	Kirksville Regional Airport	Kirksville	United States	US	americas	40.093498	-92.544899	15	America/Chicago	
IRP	Matari Airport	Isiro	Democratic Republic of the Congo	CD	africa	2.827610	27.588301	15	Africa/Lubumbashi	
IRZ	Tapuruquara Airport	Santa Isabel Do Rio Negro	Brazil	BR	americas	-0.378604	-64.992558	5	America/Manaus	
ISA	Mount Isa Airport	Mount Isa	Australia	AU	oceania	-20.666380	139.488468	15	Australia/Brisbane	
ISB	Islamabad International Airport	Islamabad	Pakistan	PK	asia	33.549000	72.825660	35	Asia/Karachi	Attock
ISC	St. Mary's Airport	St. Mary's	United Kingdom	GB	europe	49.913375	-6.291894	5	Europe/London	
ISE	Süleyman Demirel International Airport	Isparta	Turkey	TR	europe	37.855400	30.368401	20	Europe/Istanbul	
ISG	New Ishigaki Airport	Ishigaki	Japan	JP	asia	24.396389	124.245000	15	Asia/Tokyo	
ISK	Nashik International Airport	Nasik	India	IN	asia	20.119101	73.912903	35	Asia/Kolkata	VA35 | Nashik
ISP	Long Island MacArthur Airport	Islip	United States	US	americas	40.796324	-73.101703	15	America/New_York	Islip Airport
IST	İstanbul Airport	Arnavutkoy	Turkey	TR	europe	41.274874	28.732136	85	Europe/Istanbul	Arnavutköy | Istanbul
ISU	Jalal Talabani International Airport	Sulaymaniyah	Iraq	IQ	middle_east	35.560487	45.315137	20	Asia/Baghdad	ORSU | Kurd | Kurdish | Kurdistan
ITB	Itaituba Airport	Itaituba	Brazil	BR	americas	-4.242131	-56.000651	15	America/Santarem	
ITH	Ithaca Tompkins Regional Airport	Ithaca	United States	US	americas	42.491001	-76.458397	15	America/New_York	
ITM	Osaka Itami International Airport	Osaka	Japan	JP	asia	34.780853	135.440829	35	Asia/Tokyo	OSA | Itami
ITO	Hilo International Airport	Hilo	United States	US	americas	19.721350	-155.045428	20	Pacific/Honolulu	
IUE	Niue International Airport	Alofi	Niue	NU	oceania	-19.080109	-169.923493	20	Pacific/Niue	Hanan International Airport
IVC	Invercargill Airport	Invercargill	New Zealand	NZ	oceania	-46.412399	168.313004	15	Pacific/Auckland	
IVL	Ivalo Airport	Ivalo	Finland	FI	europe	68.607300	27.405300	30	Europe/Helsinki	
IWA	Ivanovo South Airport	Ivanovo	Russia	RU	europe	56.939400	40.940800	15	Europe/Moscow	Ivanovo Yuzhniy Airport | Ivanovo Yuzhny Airport
IWD	Gogebic Iron County Airport	Ironwood	United States	US	americas	46.525298	-90.131578	5	America/Menominee	
IWJ	Iwami Airport	Masuda	Japan	JP	asia	34.676399	131.789993	15	Asia/Tokyo	
IWK	Iwakuni Kintaikyo Airport	Iwakuni	Japan	JP	asia	34.146333	132.247238	15	Asia/Tokyo	MCAS Iwakuni | Iwakuni Air Base
IXA	Agartala - Maharaja Bir Bikram Airport	Agartala	India	IN	asia	23.886999	91.240402	15	Asia/Kolkata	Singerbhil Airport | Agartala Air Force Station
IXB	Bagdogra Airport	Siliguri	India	IN	asia	26.681200	88.328598	30	Asia/Kolkata	Bagdogra Air Force Station
IXC	Shaheed Bhagat Singh International Airport	Chandigarh	India	IN	asia	30.673500	76.788498	35	Asia/Kolkata	Chandigarh Air Force Station
IXD	Prayagraj Airport	Allahabad	India	IN	asia	25.440100	81.733902	15	Asia/Kolkata	VIAL | Allahabad Bamrauli Airport | Bamrauli Air Force Station
IXE	Mangaluru International Airport	Mangalore	India	IN	asia	12.954710	74.886812	35	Asia/Kolkata	Bajpe Airport | Mangaluru
IXG	Belagavi Airport	Belgaum	India	IN	asia	15.859300	74.618301	15	Asia/Kolkata	VABM
IXI	Lilabari North Lakhimpur Airport	Lilabari	India	IN	asia	27.295682	94.097266	15	Asia/Kolkata	
IXJ	Jammu Airport	Jammu	India	IN	asia	32.688849	74.838152	15	Asia/Kolkata	Satwari Airport
IXK	Keshod Airport	Keshod	India	IN	asia	21.317101	70.270401	15	Asia/Kolkata	
IXL	Leh Kushok Bakula Rimpochee Airport	Leh	India	IN	asia	34.135899	77.546501	15	Asia/Kolkata	Leh Air Force Station
IXM	Madurai Airport	Madurai	India	IN	asia	9.834510	78.093399	15	Asia/Kolkata	Madurai Air Force Station
IXP	Pathankot Airport	Pathankot	India	IN	asia	32.233611	75.634444	15	Asia/Kolkata	
IXR	Birsa Munda Airport	Ranchi	India	IN	asia	23.314301	85.321701	15	Asia/Kolkata	
IXS	Silchar Airport	Silchar	India	IN	asia	24.912901	92.978699	15	Asia/Kolkata	Kumbhigram Air Force Station
IXU	Aurangabad Airport	Aurangabad	India	IN	asia	19.862875	75.396312	15	Asia/Kolkata	Chikkalthana Airport | Chhatrapati Sambhajinagar
IXY	Kandla Airport	Kandla	India	IN	asia	23.112700	70.100304	15	Asia/Kolkata	
IXZ	Veer Savarkar International Airport / INS Utkrosh	Port Blair	India	IN	asia	11.640194	92.729020	35	Asia/Kolkata	Port Blair Airport | Port Blair Air Force Station
IZA	Presidente Itamar Franco Airport	Juiz De Fora	Brazil	BR	americas	-21.513086	-43.173069	15	America/Sao_Paulo	SDZY | Zona da Mata Regional Airport | Juiz de Fora Airport
IZO	Izumo Enmusubi Airport	Izumo	Japan	JP	asia	35.413601	132.889999	15	Asia/Tokyo	enmusubi | en-musubi
IZT	General Antonio Cárdenas Rodríguez National Airport / Ixtepec Air Base	Ixtepec	Mexico	MX	americas	16.445961	-95.093708	15	America/Mexico_City	
JAC	Jackson Hole Airport	Jackson	United States	US	americas	43.607300	-110.737999	15	America/Denver	
JAE	Shumba Airport	Jaen	Peru	PE	americas	-5.592480	-78.774002	15	America/Lima	Jaén
JAF	Jaffna International Airport	Jaffna	Sri Lanka	LK	asia	9.792330	80.070099	35	Asia/Colombo	SLAF Palaly | Kankesanturai
JAI	Jaipur International Airport	Jaipur	India	IN	asia	26.824200	75.812202	35	Asia/Kolkata	
JAN	Jackson-Medgar Wiley Evers International Airport	Jackson	United States	US	americas	32.311199	-90.075897	20	America/Chicago	
JAU	Francisco Carle Airport	Jauja	Peru	PE	americas	-11.783100	-75.473396	15	America/Lima	
JAV	Ilulissat Airport	Ilulissat	Greenland	GL	americas	69.243202	-51.057098	15	America/Nuuk	Mittarfik Ilulissat | Ilulissat Lufthavn | Jakobshavn
JAX	Jacksonville International Airport	Jacksonville	United States	US	americas	30.492469	-81.687813	35	America/New_York	
JBK	Qitai Jiangbulake Airport	Qitai	China	CN	asia	44.166086	89.550140	5	Asia/Shanghai	
JBQ	La Isabela International Airport	La Isabela	Dominican Republic	DO	americas	18.572500	-69.985603	20	America/Santo_Domingo	MDLI | SDI
JBR	Jonesboro Municipal Airport	Jonesboro	United States	US	americas	35.831699	-90.646400	15	America/Chicago	
JCK	Julia Creek Airport	Julia Creek	Australia	AU	oceania	-20.668301	141.723007	5	Australia/Brisbane	
JCL	České Budějovice South Bohemian Airport	České Budějovice	Czech Republic	CZ	europe	48.948171	14.428320	30	Europe/Prague	Jihočeské letiště České Budějovice
JDF	Francisco de Assis Airport	Juiz De Fora	Brazil	BR	americas	-21.791482	-43.386072	15	America/Sao_Paulo	Serrinha Airport
JDH	Jodhpur Airport	Jodhpur	India	IN	asia	26.251101	73.048897	15	Asia/Kolkata	Jodhpur Air Force Station
JDO	Orlando Bezerra de Menezes Airport	Juazeiro Do Norte	Brazil	BR	americas	-7.219320	-39.269096	5	America/Fortaleza	Juazeiro do Norte Airport
JDZ	Jingdezhen Luojia Airport	Jingdezhen	China	CN	asia	29.338600	117.176003	15	Asia/Shanghai	Fouliang Air Base
JED	King Abdulaziz International Airport	Jeddah	Saudi Arabia	SA	middle_east	21.680241	39.157436	35	Asia/Riyadh	Mecca | Hajj
JEE	Jérémie Airport	Jeremie	Haiti	HT	americas	18.663099	-74.170303	15	America/Port-au-Prince	Carrefour Sanon
JEG	Aasiaat Airport	Aasiaat	Greenland	GL	americas	68.721802	-52.784698	15	America/Nuuk	Mittarfik Aasiaat | Aasiaat Lufthavn | Egedesminde
JER	Jersey Airport	Saint Helier	Jersey	JE	europe	49.207901	-2.195510	15	Europe/Jersey	Channel Islands | St. Peter
JFK	John F. Kennedy International Airport	New York	United States	US	americas	40.639447	-73.779317	100	America/New_York	Manhattan | New York City | NYC | Idlewild | IDL | KIDL
JFR	Paamiut Airport	Paamiut	Greenland	GL	americas	62.014736	-49.670937	5	America/Nuuk	Mittarfik Paamiut | Frederikshåb
JGA	Jamnagar Airport	Jamnagar	India	IN	asia	22.465500	70.012604	15	Asia/Kolkata	Jamnagar Air Force Station
JGD	Daxing'anling Elunchun Airport	Jiagedaqi	China	CN	asia	50.371389	124.117500	15	Asia/Shanghai	Jagdaqi
JGN	Jiayuguan International Airport	Jiayuguan	China	CN	asia	39.859052	98.339344	35	Asia/Shanghai	
JGS	Jinggangshan Airport	Ji'an	China	CN	asia	26.856899	114.737000	15	Asia/Shanghai	Tiahe Air Base | Ji'an Airport
JHB	Senai International Airport	Senai	Malaysia	MY	asia	1.641310	103.669998	35	Asia/Kuala_Lumpur	Sultan Ismail International Airport | Johor Bahru
JHG	Xishuangbanna Gasa International Airport	Jinghong	China	CN	asia	21.974648	100.762224	35	Asia/Shanghai	Sipsong Panna
JHM	Kapalua Airport	Lahaina	United States	US	americas	20.962900	-156.673004	15	Pacific/Honolulu	
JHS	Sisimiut Airport	Sisimiut	Greenland	GL	americas	66.951302	-53.729301	15	America/Nuuk	
JIB	Djibouti-Ambouli Airport	Djibouti City	Djibouti	DJ	africa	11.547300	43.159500	30	Africa/Djibouti	Camp Lemonnier
JIC	Jinchang Jinchuan Airport	Jinchang	China	CN	asia	38.542222	102.348333	15	Asia/Shanghai	
JIJ	Gerad Wilwal International Airport	Jijiga	Ethiopia	ET	africa	9.331907	42.911811	35	Africa/Addis_Ababa	Garaad Wiil-Waal
JIK	Ikaria Airport	Ikaria Island	Greece	GR	europe	37.682701	26.347099	5	Europe/Athens	
JIM	Jimma Airport	Jimma	Ethiopia	ET	africa	7.666090	36.816601	15	Africa/Addis_Ababa	
JIQ	Qianjiang Wulingshan Airport	Chongqing	China	CN	asia	29.513333	108.831111	15	Asia/Shanghai	Zhoubai | Qianjiang
JIU	Jiujiang Lushan Airport	Jiujiang	China	CN	asia	29.476944	115.801111	5	Asia/Shanghai	Mahuiling Air Base
JJD	Comandante Ariston Pessoa Airport	Jijoca de Jericoacoara	Brazil	BR	americas	-2.906425	-40.357338	15	America/Fortaleza	SSVV | Jericoacoara | Cruz
JJG	Humberto Ghizzo Bortoluzzi Regional Airport	Jaguaruna	Brazil	BR	americas	-28.675300	-49.059600	5	America/Sao_Paulo	Jaguaruna Regional Airport | Aeroporto Regional Sul
JJM	Mulika Lodge Airport	Meru-Kinna	Kenya	KE	africa	0.165083	38.195141	5	Africa/Nairobi	Meru National Park
JJN	Quanzhou Jinjiang International Airport	Quanzhou	China	CN	asia	24.795855	118.588599	35	Asia/Shanghai	Jinjiang Air Base | Chin Chiang | Qingyang
JKG	Jönköping Airport	Jonkoping	Sweden	SE	europe	57.757599	14.068700	15	Europe/Stockholm	Jönköping
JKH	Chios Island National Airport	Chios Island	Greece	GR	europe	38.343201	26.140600	15	Europe/Athens	
JKL	Kalymnos Airport	Kalymnos Island	Greece	GR	europe	36.963299	26.940599	5	Europe/Athens	Kalimnos
JKR	Janakpur Airport	Janakpur	Nepal	NP	asia	26.708799	85.922401	15	Asia/Kathmandu	
JLN	Joplin Regional Airport	Joplin	United States	US	americas	37.151798	-94.498299	15	America/Chicago	
JLR	Jabalpur Airport	Jabalpur	India	IN	asia	23.177799	80.052002	15	Asia/Kolkata	
JMJ	Lancang Jingmai Airport	Pu'er	China	CN	asia	22.417733	99.784012	15	Asia/Shanghai	
JMK	Mykonos Island National Airport	Mykonos Island	Greece	GR	europe	37.435101	25.348101	15	Europe/Athens	Mykonos
JMO	Jomsom Airport	Jomsom	Nepal	NP	asia	28.780426	83.723000	5	Asia/Kathmandu	Jomosom
JMS	Jamestown Regional Airport	Jamestown	United States	US	americas	46.929699	-98.678200	15	America/Chicago	
JMU	Jiamusi Songjiang International Airport	Jiamusi	China	CN	asia	46.842793	130.464260	20	Asia/Shanghai	Jiamusi Dongjiao Airport
JNB	O.R. Tambo International Airport	Johannesburg	South Africa	ZA	africa	-26.140081	28.246801	78	Africa/Johannesburg	Johannesburg International Airport | FAJS
JNG	Jining Da'an Airport	Jining	China	CN	asia	35.647358	116.743269	15	Asia/Shanghai	
JNH	Jiaxing Nanhu Airport	Jiaxing	China	CN	asia	30.698056	120.663056	15	Asia/Shanghai	Xiuzhou
JNU	Juneau International Airport	Juneau	United States	US	americas	58.354935	-134.574416	20	America/Juneau	
JNX	Naxos Island National Airport	Naxos Island	Greece	GR	europe	37.081100	25.368099	5	Europe/Athens	Apollon | Naxos
JNZ	Jinzhou Bay Airport	Jinzhou	China	CN	asia	40.936032	121.277114	15	Asia/Shanghai	
JOE	Joensuu Airport	Joensuu / Liperi	Finland	FI	europe	62.658815	29.619398	15	Europe/Helsinki	Joensuu
JOG	Adisutjipto International Airport	Yogyakarta-Java Island	Indonesia	ID	asia	-7.788180	110.431999	20	Asia/Jakarta	WIIJ | WARJ | Adisucipto | Yogyakarta
JOI	Lauro Carneiro de Loyola Airport	Joinville	Brazil	BR	americas	-26.224501	-48.797401	15	America/Sao_Paulo	
JOL	Jolo Airport	Jolo	Philippines	PH	asia	6.053670	121.011002	15	Asia/Manila	
JOS	Yakubu Gowon Airport	Jos	Nigeria	NG	africa	9.639830	8.869050	15	Africa/Lagos	
JPA	Presidente Castro Pinto International Airport	Joao Pessoa	Brazil	BR	americas	-7.148691	-34.950554	35	America/Fortaleza	João Pessoa
JPR	Ji-Paraná Airport	Ji-Parana	Brazil	BR	americas	-10.870743	-61.846675	5	America/Porto_Velho	SWJI | Ji-Paraná
JQA	Qaarsut Airport	Uummannaq	Greenland	GL	americas	70.734200	-52.696201	5	America/Nuuk	
JRG	Jharsuguda Airport	Jharsuguda	India	IN	asia	21.913500	84.050400	5	Asia/Kolkata	
JRH	Jorhat Airport	Jorhat	India	IN	asia	26.730456	94.175416	15	Asia/Kolkata	Rowriah Airport | Jorhat Air Force Station
JRO	Kilimanjaro International Airport	Arusha	Tanzania	TZ	africa	-3.427049	37.073530	35	Africa/Dar_es_Salaam	
JSA	Jaisalmer Airport	Jaisalmer	India	IN	asia	26.888700	70.864998	15	Asia/Kolkata	Jaisalmer Air Force Station
JSH	Sitia Airport	Crete Island	Greece	GR	europe	35.216099	26.101299	15	Europe/Athens	
JSI	Skiathos Island National Airport	Skiathos	Greece	GR	europe	39.177101	23.503700	15	Europe/Athens	Alexandros Papadiamantis Airport
JSJ	Jiansanjiang Shidi Airport	Jiansanjiang	China	CN	asia	47.108248	132.657920	15	Asia/Shanghai	
JSK	Jask Airport	Bandar-e-Jask	Iran	IR	middle_east	25.654757	57.801718	5	Asia/Tehran	
JSR	Jessore Airport	Jashahor	Bangladesh	BD	asia	23.183800	89.160797	15	Asia/Dhaka	Jashore
JST	John Murtha Johnstown Cambria County Airport	Johnstown	United States	US	americas	40.316101	-78.833900	15	America/New_York	
JSU	Maniitsoq Airport	Maniitsoq	Greenland	GL	americas	65.412498	-52.939400	5	America/Nuuk	Mittarfik Maniitsoq | Sukkertoppen
JSY	Syros Airport	Syros Island	Greece	GR	europe	37.422798	24.950899	5	Europe/Athens	
JTC	Bauru/Arealva–Moussa Nakhal Tobias State Airport	Bauru	Brazil	BR	americas	-22.160755	-49.070325	15	America/Sao_Paulo	SJCT
JTR	Santorini International Airport	Santorini Island	Greece	GR	europe	36.400045	25.478638	35	Europe/Athens	
JTY	Astypalaia Airport	Astypalaia Island	Greece	GR	europe	36.579899	26.375799	5	Europe/Athens	
JUB	Juba International Airport	Juba	South Sudan	SS	africa	4.872010	31.601101	35	Africa/Juba	JIA | HSSJ
JUH	Chizhou Jiuhuashan Airport	Chizhou	China	CN	asia	30.740300	117.685600	5	Asia/Shanghai	
JUI	Juist Airport	Juist	Germany	DE	europe	53.681421	7.056398	5	Europe/Berlin	
JUJ	Gobernador Horacio Guzman International Airport	San Salvador de Jujuy	Argentina	AR	americas	-24.392799	-65.097801	35	America/Argentina/Jujuy	
JUL	Inca Manco Capac International Airport	Juliaca	Peru	PE	americas	-15.467689	-70.156530	35	America/Lima	
JUM	Jumla Airport	Jumla	Nepal	NP	asia	29.274200	82.193298	5	Asia/Kathmandu	
JUV	Upernavik Airport	Upernavik	Greenland	GL	americas	72.790199	-56.130600	5	America/Nuuk	Mittarfik Upernavik
JUZ	Quzhou Airport	Quzhou	China	CN	asia	28.966130	118.898793	15	Asia/Shanghai	
JXA	Jixi Xingkaihu Airport	Jixi	China	CN	asia	45.293000	131.193000	15	Asia/Shanghai	
JYV	Jyväskylä Airport	Jyvaskylan Maalaiskunta	Finland	FI	europe	62.399502	25.678301	15	Europe/Helsinki	Jyväskylän Maalaiskunta
JZH	Jiuzhai Huanglong Airport	Jiuzhaigou	China	CN	asia	32.853333	103.682222	15	Asia/Shanghai	Aba | Ngawa
KAA	Kasama Airport	Kasama	Zambia	ZM	africa	-10.210169	31.123045	5	Africa/Lusaka	
KAB	Kariba Airport	Kariba	Zimbabwe	ZW	africa	-16.519800	28.885000	15	Africa/Harare	
KAC	Qamishli International Airport	Kamishly	Syria	SY	middle_east	37.020599	41.191399	20	Asia/Damascus	Kamishly International Airport | Qamishli
KAD	Kaduna International Airport	Kaduna	Nigeria	NG	africa	10.696000	7.320110	35	Africa/Lagos	
KAJ	Kajaani Airport	Kajaani	Finland	FI	europe	64.285500	27.692400	15	Europe/Helsinki	
KAL	Kaltag Airport	Kaltag	United States	US	americas	64.318640	-158.741970	5	America/Anchorage	
KAN	Mallam Aminu Kano International Airport	Kano	Nigeria	NG	africa	12.045613	8.523566	35	Africa/Lagos	
KAO	Kuusamo Airport	Kuusamo	Finland	FI	europe	65.987602	29.239401	15	Europe/Helsinki	
KAT	Kaitaia Airport	Kaitaia	New Zealand	NZ	oceania	-35.069837	173.287053	15	Pacific/Auckland	Awanui
KAW	Kawthoung Airport	Kawthoung	Myanmar	MM	asia	10.049300	98.538002	15	Asia/Yangon	
KAX	Kalbarri Airport	Kalbarri	Australia	AU	oceania	-27.692813	114.259169	5	Australia/Perth	
KBL	Kabul International Airport	Kabul	Afghanistan	AF	asia	34.565899	69.212303	35	Asia/Kabul	Hamid Karzai International Airport | Khwaja Rawash Airport
KBR	Sultan Ismail Petra Airport	Kota Baharu	Malaysia	MY	asia	6.166850	102.292999	15	Asia/Kuala_Lumpur	
KBU	Gusti Syamsir Alam Airport	Laut Island	Indonesia	ID	asia	-3.294796	116.163815	5	Asia/Makassar	WRBK | Stagen Airport | Stagen
KBV	Krabi International Airport	Krabi	Thailand	TH	asia	8.095591	98.988955	35	Asia/Bangkok	
KCA	Kuqa Qiuci Airport	Kuqa	China	CN	asia	41.677856	82.872917	5	Asia/Shanghai	Kucha
KCH	Kuching International Airport	Kuching	Malaysia	MY	asia	1.487364	110.352859	35	Asia/Kuching	
KCM	Kahramanmaraş Airport	Kahramanmaras	Turkey	TR	europe	37.538826	36.953522	15	Europe/Istanbul	Kahramanmaraş
KCT	Koggala Airport	Galle	Sri Lanka	LK	asia	5.993680	80.320297	15	Asia/Colombo	SLAF Koggala
KCZ	Kochi Ryoma Airport	Nankoku	Japan	JP	asia	33.545217	133.670166	30	Asia/Tokyo	Kochi | RJOK | KCZ
KDD	Khuzdar Airport	Khuzdar	Pakistan	PK	asia	27.790600	66.647301	5	Asia/Karachi	
KDH	Ahmad Shah Baba International Airport	Kandahar	Afghanistan	AF	asia	31.505769	65.847963	35	Asia/Kabul	Kandahar International Airport | Kandahar Airfield
KDI	Haluoleo Airport	Kendari-Celebes Island	Indonesia	ID	asia	-4.081610	122.417999	5	Asia/Makassar	WAAU | Wolter Monginsidi Airport | Kendari
KDL	Kärdla Airport	Kardla	Estonia	EE	europe	58.990799	22.830700	15	Europe/Tallinn	Kärdla
KDM	Kaadedhdhoo Airport	Huvadhu Atoll	Maldives	MV	asia	0.488131	72.996902	15	Indian/Maldives	
KDO	Kadhdhoo Airport	Kadhdhoo	Maldives	MV	asia	1.859170	73.521896	15	Indian/Maldives	
KDU	Skardu International Airport	Skardu	Pakistan	PK	asia	35.338660	75.538648	35	Asia/Karachi	
KDV	Vunisea Airport	Vunisea	Fiji	FJ	oceania	-19.058100	178.156998	5	Pacific/Fiji	Kadavu Island
KEF	Keflavik International Airport	Reykjavik	Iceland	IS	europe	63.985001	-22.605600	35	Atlantic/Reykjavik	Keflavik Naval Air Station | REK | Reykjavík
KEJ	Alexei Leonov Kemerovo International Airport	Kemerovo	Russia	RU	europe	55.270100	86.107201	35	Asia/Novokuznetsk	
KEM	Kemi-Tornio Airport	Kemi / Tornio	Finland	FI	europe	65.778702	24.582100	15	Europe/Helsinki	
KEP	Nepalgunj Airport	Nepalgunj	Nepal	NP	asia	28.103600	81.667000	15	Asia/Kathmandu	
KER	Ayatollah Hashemi Rafsanjani International Airport	Kerman	Iran	IR	middle_east	30.271276	56.949692	35	Asia/Tehran	
KET	Kengtung Airport	Kengtung	Myanmar	MM	asia	21.301600	99.636002	15	Asia/Yangon	
KEW	Keewaywin Airport	Keewaywin	Canada	CA	americas	52.991100	-92.836403	5	America/Winnipeg	
KFG	Kalkgurung Airport	Daguragu	Australia	AU	oceania	-17.431900	130.807999	5	Australia/Darwin	
KFP	False Pass Airport	False Pass	United States	US	americas	54.847510	-163.407168	5	America/Nome	
KFS	Kastamonu Airport	Kastamonu	Turkey	TR	europe	41.314201	33.795799	15	Europe/Istanbul	
KGA	Kananga Airport	Kananga	Democratic Republic of the Congo	CD	africa	-5.900050	22.469200	15	Africa/Lubumbashi	
KGC	Kingscote Airport	Kingscote	Australia	AU	oceania	-35.713902	137.520996	15	Australia/Adelaide	
KGD	Khrabrovo Airport	Kaliningrad	Russia	RU	europe	54.891610	20.598559	30	Europe/Kaliningrad	
KGE	Kaghau Airport	Kagau Island	Solomon Islands	SB	oceania	-7.330500	157.585000	5	Pacific/Guadalcanal	
KGF	Sary-Arka Airport	Karaganda	Kazakhstan	KZ	asia	49.670799	73.334396	30	Asia/Almaty	
KGI	Kalgoorlie Boulder Airport	Kalgoorlie	Australia	AU	oceania	-30.791543	121.464586	15	Australia/Perth	Broadwood
KGK	Koliganek Airport	Koliganek	United States	US	americas	59.726601	-157.259003	5	America/Anchorage	
KGL	Kigali International Airport	Kigali	Rwanda	RW	africa	-1.968630	30.139500	35	Africa/Kigali	Gregoire Kayibanda International Airport | Kanombe International Airport
KGP	Kogalym International Airport	Kogalym	Russia	RU	europe	62.190399	74.533798	20	Asia/Yekaterinburg	
KGS	Kos International Airport "Ippokratis"	Kos Island	Greece	GR	europe	36.794523	27.091150	35	Europe/Athens	
KGT	Kangding Airport	Garzê	China	CN	asia	30.142464	101.738720	15	Asia/Shanghai	
KHD	Khoram Abad Airport	Khorramabad	Iran	IR	middle_east	33.435398	48.282902	15	Asia/Tehran	
KHG	Kashgar Laining International Airport	Kashgar	China	CN	asia	39.542273	76.020230	35	Asia/Shanghai	Kashi Airport
KHH	Kaohsiung International Airport	Kaohsiung City	Taiwan	TW	asia	22.577101	120.349998	35	Asia/Taipei	Siaogang International Airport | Kaohsiung
KHI	Jinnah International Airport	Karachi	Pakistan	PK	asia	24.906500	67.160797	35	Asia/Karachi	OPQR | OPHQ | Drigh Road Airstrip | Quaid-E-Azam International Airport
KHK	Khark Airport	Khark	Iran	IR	middle_east	29.260503	50.322193	15	Asia/Tehran	
KHM	Kanti Airport	Kanti	Myanmar	MM	asia	25.988300	95.674400	5	Asia/Yangon	
KHN	Nanchang Changbei International Airport	Nanchang	China	CN	asia	28.864815	115.902710	35	Asia/Shanghai	
KHS	Khasab Airport	Khasab	Oman	OM	middle_east	26.171000	56.240601	15	Asia/Muscat	
KHT	Khost International Airport	Khost	Afghanistan	AF	asia	33.284605	69.807340	20	Asia/Kabul	FOB Chapman
KHV	Khabarovsk Novy Airport	Khabarovsk	Russia	RU	europe	48.528338	135.188588	15	Asia/Vladivostok	
KHX	Savannah Airstrip	Kihihi	Uganda	UG	africa	-0.716500	29.699700	15	Africa/Kampala	Kihihi Airstrip
KHZ	Kauehi Airport	Kauehi	French Polynesia	PF	oceania	-15.780622	-145.128443	5	Pacific/Tahiti	
KIE	Aropa Airport	Kieta	Papua New Guinea	PG	oceania	-6.305727	155.728249	5	Pacific/Bougainville	
KIF	Kingfisher Lake Airport	Kingfisher Lake	Canada	CA	americas	53.012501	-89.855301	5	America/Winnipeg	NM5
KIH	Kish International Airport	Kish Island	Iran	IR	middle_east	26.525427	53.980462	35	Asia/Tehran	
KIJ	Niigata Airport	Niigata	Japan	JP	asia	37.954166	139.112189	30	Asia/Tokyo	
KIK	Kirkuk International Airport	Kirkuk	Iraq	IQ	middle_east	35.469501	44.348900	35	Asia/Baghdad	Kirkuk Air Base
KIM	Kimberley Airport	Kimberley	South Africa	ZA	africa	-28.805401	24.764872	30	Africa/Johannesburg	
KIN	Norman Manley International Airport	Kingston	Jamaica	JM	americas	17.935699	-76.787498	35	America/Jamaica	
KIR	Kerry Airport	Killarney	Ireland	IE	europe	52.180901	-9.523780	15	Europe/Dublin	Farranfore
KIS	Kisumu International Airport	Kisumu	Kenya	KE	africa	-0.086139	34.728901	35	Africa/Nairobi	
KIT	Kithira Airport	Kithira Island	Greece	GR	europe	36.273978	23.016719	5	Europe/Athens	Alexandros Aristotelous Onassis
KIX	Kansai International Airport	Osaka	Japan	JP	asia	34.427299	135.244003	35	Asia/Tokyo	OSA
KJA	Krasnoyarsk International Airport	Krasnoyarsk	Russia	RU	europe	56.175743	92.485788	35	Asia/Krasnoyarsk	Yemelyanovo
KJB	Kurnool Airport	Kurnool	India	IN	asia	15.716288	78.169230	15	Asia/Kolkata	Orvakal
KJH	Kaili Huangping Airport	Kaili	China	CN	asia	26.972000	107.988000	15	Asia/Shanghai	
KJI	Burqin Kanas Airport	Burqin	China	CN	asia	48.222300	86.995900	15	Asia/Shanghai	
KJT	Kertajati International Airport	Kertajati	Indonesia	ID	asia	-6.647384	108.165561	20	Asia/Jakarta	
KKA	Koyuk Alfred Adams Airport	Koyuk	United States	US	americas	64.939499	-161.154007	5	America/Anchorage	
KKC	Khon Kaen Airport	Khon Kaen	Thailand	TH	asia	16.466600	102.783997	15	Asia/Bangkok	
KKE	Kerikeri Airport	Kerikeri	New Zealand	NZ	oceania	-35.259148	173.913317	15	Pacific/Auckland	Bay of Islands Airport
KKH	Kongiganak Airport	Kongiganak	United States	US	americas	59.960800	-162.880997	5	America/Nome	
KKJ	Kitakyushu Airport	Kitakyushu	Japan	JP	asia	33.845901	131.035004	30	Asia/Tokyo	kokuraminami
KKN	Kirkenes Airport, Høybuktmoen	Kirkenes	Norway	NO	europe	69.725800	29.891300	15	Europe/Oslo	
KKR	Kaukura Airport	Raitahiti	French Polynesia	PF	oceania	-15.663300	-146.884995	15	Pacific/Tahiti	
KKS	Kashan Airport	Kashan	Iran	IR	middle_east	33.895302	51.577000	15	Asia/Tehran	
KKW	Kikwit Airport	Kikwit	Democratic Republic of the Congo	CD	africa	-5.035770	18.785601	15	Africa/Kinshasa	
KKX	Kikai Airport	Kikai	Japan	JP	asia	28.321301	129.927994	15	Asia/Tokyo	
KLG	Kalskag Airport	Kalskag	United States	US	americas	61.536301	-160.341003	5	America/Anchorage	
KLH	Kolhapur Airport	Kolhapur	India	IN	asia	16.664700	74.289398	15	Asia/Kolkata	
KLN	Larsen Bay Airport	Larsen Bay	United States	US	americas	57.535160	-153.976455	5	America/Anchorage	09AK
KLO	Kalibo International Airport	Kalibo	Philippines	PH	asia	11.679400	122.375999	35	Asia/Manila	
KLR	Kalmar Airport	Kalmar	Sweden	SE	europe	56.685501	16.287600	15	Europe/Stockholm	
KLU	Klagenfurt Airport	Klagenfurt am Worthersee	Austria	AT	europe	46.642502	14.337700	30	Europe/Vienna	Kärnten Airport | Christophorus 11 | Klagenfurt am Wörthersee
KLV	Karlovy Vary Airport	Karlovy Vary	Czech Republic	CZ	europe	50.202999	12.915000	30	Europe/Prague	Karlovy Vary International
KLW	Klawock Airport	Klawock	United States	US	americas	55.579201	-133.076004	15	America/Sitka	9Z1
KLX	Kalamata Airport	Kalamata	Greece	GR	europe	37.068298	22.025499	15	Europe/Athens	
KMA	Kerema Airport	Kerema	Papua New Guinea	PG	oceania	-7.963610	145.770996	15	Pacific/Port_Moresby	
KMC	King Khaled Military City Airport	King Khaled Military City	Saudi Arabia	SA	middle_east	27.900900	45.528198	15	Asia/Riyadh	
KME	Kamembe Airport	Kamembe	Rwanda	RW	africa	-2.462240	28.907900	15	Africa/Kigali	
KMG	Kunming Changshui International Airport	Kunming	China	CN	asia	25.110313	102.936743	35	Asia/Shanghai	
KMI	Miyazaki Airport	Miyazaki	Japan	JP	asia	31.877199	131.449005	30	Asia/Tokyo	
KMJ	Kumamoto Airport	Kumamoto	Japan	JP	asia	32.837299	130.854996	30	Asia/Tokyo	
KMN	Kamina City Airport	Kamina	Democratic Republic of the Congo	CD	africa	-8.728878	24.991407	5	Africa/Lubumbashi	Kamina Ville Airport
KMO	Manokotak Airport	Manokotak	United States	US	americas	58.932056	-158.901886	5	America/Anchorage	17Z
KMQ	Komatsu Airport / JASDF Komatsu Air Base	Kanazawa	Japan	JP	asia	36.393407	136.406895	30	Asia/Tokyo	
KMS	Prempeh I International Airport	Kumasi	Ghana	GH	africa	6.714560	-1.590820	35	Africa/Accra	
KMW	Kostroma Sokerkino Airport	Kostroma	Russia	RU	europe	57.796902	41.019402	15	Europe/Moscow	
KND	Kindu Airport	Kindu	Democratic Republic of the Congo	CD	africa	-2.919180	25.915400	15	Africa/Lubumbashi	
KNG	Utarom Airport	Kaimana-Papua Island	Indonesia	ID	asia	-3.644600	133.695116	15	Asia/Jayapura	Kaimana
KNH	Kinmen Airport	Shang-I	Taiwan	TW	asia	24.427900	118.359001	15	Asia/Taipei	Shang Yi Airport | Jīnmén Shàngyì jīchǎng
KNK	Kokhanok Airport	Kokhanok	United States	US	americas	59.433248	-154.802170	5	America/Anchorage	
KNO	Kualanamu International Airport	Medan-Sumatra Island	Indonesia	ID	asia	3.637847	98.870566	35	Asia/Jakarta	Medan | Beringin
KNQ	Koné Airport	Kone	New Caledonia	NC	oceania	-21.053551	164.838768	15	Pacific/Noumea	Koné
KNS	King Island Airport	King Island	Australia	AU	oceania	-39.877499	143.878006	15	Australia/Hobart	
KNU	Kanpur Airport	Kanpur	India	IN	asia	26.404301	80.410103	15	Asia/Kolkata	VECX (IAF Stn) | VICX | Ganesh Shankar Vidyarthi Airport | Chakeri Air Force Station
KNW	New Stuyahok Airport	New Stuyahok	United States	US	americas	59.451838	-157.373829	5	America/Anchorage	
KNX	East Kimberley Regional (Kununurra) Airport	Kununurra	Australia	AU	oceania	-15.778100	128.707993	15	Australia/Perth	
KOA	Ellison Onizuka Kona International Airport at Keāhole	Kailua/Kona	United States	US	americas	19.738783	-156.045603	35	Pacific/Honolulu	Kailua-Kona
KOC	Koumac Airport	Koumac	New Caledonia	NC	oceania	-20.546323	164.255648	5	Pacific/Noumea	
KOE	El Tari Airport	Kupang-Timor Island	Indonesia	ID	asia	-10.171600	123.670998	15	Asia/Makassar	WRKK | Kupang Airport | Penfui Airport | Kupang
KOI	Kirkwall Airport	Orkney Islands	United Kingdom	GB	europe	58.957903	-2.905077	15	Europe/London	RNAS Grimsetter | HMS Robin | Kirkwall
KOJ	Kagoshima Airport	Kagoshima	Japan	JP	asia	31.803400	130.718994	30	Asia/Tokyo	
KOK	Kokkola-Pietarsaari Airport	Kokkola / Kruunupyy	Finland	FI	europe	63.721199	23.143101	15	Europe/Helsinki	Kronoby Airport
KOP	Nakhon Phanom Airport	Nakhon Phanom	Thailand	TH	asia	17.383801	104.642998	15	Asia/Bangkok	
KOS	Sihanouk International Airport	Sihanukville	Cambodia	KH	asia	10.570557	103.632067	35	Asia/Phnom_Penh	Kompong Som | Sihanoukville International Airport | Kang Keng Airport | Preah Sihanouk
KOT	Kotlik Airport	Kotlik	United States	US	americas	63.030602	-163.533005	5	America/Nome	
KOV	Kokshetau International Airport	Kokshetau	Kazakhstan	KZ	asia	53.329102	69.594597	35	Asia/Almaty	KOKCHETAV TROFIMOVKA
KOW	Ganzhou Huangjin Airport	Ganzhou	China	CN	asia	25.853333	114.778889	5	Asia/Shanghai	
KPN	Kipnuk Airport	Kipnuk	United States	US	americas	59.931796	-164.028196	5	America/Nome	
KPO	Pohang Airport (G-815/K-3)	Pohang	South Korea	KR	asia	35.987955	129.420383	15	Asia/Seoul	
KPV	Perryville Airport	Perryville	United States	US	americas	55.906500	-159.160910	5	America/Anchorage	AK05 | AK5
KPW	Keperveem Airport	Keperveem	Russia	RU	europe	67.845001	166.139999	15	Asia/Anadyr	Keperveyem Airport
KQH	Kishangarh Airport Ajmer	Kishangarh	India	IN	asia	26.591007	74.812956	15	Asia/Kolkata	Ajmer
KQT	Bokhtar International Airport	Kurgan-Tyube	Tajikistan	TJ	asia	37.866315	68.864475	35	Asia/Dushanbe	Kurgan-Tube | Qurghonteppa | Bokhtar
KRB	Karumba Airport	Karumba	Australia	AU	oceania	-17.456699	140.830002	5	Australia/Brisbane	
KRC	Departi Parbo Airport	Sungai Penuh	Indonesia	ID	asia	-2.094042	101.470250	5	Asia/Jakarta	WIPH | Kerinci
KRE	Kirundo Airport	Kirundo	Burundi	BI	africa	-2.544772	30.094575	5	Africa/Bujumbura	
KRF	Kramfors-Sollefteå Höga Kusten Airport	Kramfors / Solleftea	Sweden	SE	europe	63.048599	17.768900	15	Europe/Stockholm	Nyland
KRI	Kikori Airport	Kikori	Papua New Guinea	PG	oceania	-7.424380	144.250076	5	Pacific/Port_Moresby	
KRK	Kraków John Paul II International Airport	Krakow	Poland	PL	europe	50.077702	19.784800	35	Europe/Warsaw	Krakov | Balice
KRL	Korla Licheng Airport	Korla	China	CN	asia	41.614979	86.140817	15	Asia/Shanghai	
KRN	Kiruna Airport	Kiruna	Sweden	SE	europe	67.821999	20.336800	30	Europe/Stockholm	
KRO	Kurgan Airport	Kurgan	Russia	RU	europe	55.475300	65.415604	15	Asia/Yekaterinburg	
KRP	Midtjyllands Airport / Air Base Karup	Karup	Denmark	DK	europe	56.297139	9.104311	15	Europe/Copenhagen	Karup Airport
KRR	Krasnodar Pashkovsky International Airport	Krasnodar	Russia	RU	europe	45.034465	39.174215	35	Europe/Moscow	Pashkovskiy Airport | Pashkovsky Airport
KRS	Kristiansand Airport	Kjevik	Norway	NO	europe	58.204201	8.085370	30	Europe/Oslo	Kjevik Airport | Kristiansand
KRT	Khartoum International Airport	Khartoum	Sudan	SD	africa	15.589500	32.553200	35	Africa/Khartoum	HSSS
KRW	Turkmenbaşy International Airport	Krasnovodsk	Turkmenistan	TM	asia	40.062833	53.005085	20	Asia/Ashgabat	Turkmenbashi | Turkmenbaşy
KRY	Karamay Airport	Karamay	China	CN	asia	45.466550	84.952700	5	Asia/Shanghai	
KSA	Kosrae International Airport	Okat	Micronesia	FM	oceania	5.356980	162.957993	35	Pacific/Kosrae	Caroline Islands Airport
KSC	Košice International Airport	Kosice	Slovakia	SK	europe	48.663101	21.241100	20	Europe/Bratislava	Košice
KSD	Karlstad Airport	Karlstad	Sweden	SE	europe	59.444698	13.337400	15	Europe/Stockholm	
KSF	Kassel Airport	Kassel	Germany	DE	europe	51.418395	9.391638	30	Europe/Berlin	Kassel-Calden | Calden
KSH	Shahid Ashrafi Esfahani Airport	Kermanshah	Iran	IR	middle_east	34.345901	47.158100	15	Asia/Tehran	
KSJ	Kasos Airport	Kasos Island	Greece	GR	europe	35.421398	26.910000	5	Europe/Athens	
KSL	Kassala Airport	Kassala	Sudan	SD	africa	15.387500	36.328800	15	Africa/Khartoum	
KSM	St Mary's Airport	St Mary's	United States	US	americas	62.060501	-163.302002	5	America/Nome	
KSN	Kostanay International Airport	Kostanay	Kazakhstan	KZ	asia	53.206902	63.550301	35	Asia/Qostanay	
KSO	Kastoria National Airport Aristotle	Kastoria	Greece	GR	europe	40.446301	21.282200	5	Europe/Athens	Aristotelis Airport | Argos Orestiko
KSQ	Karshi Airport	Karshi	Uzbekistan	UZ	asia	38.802246	65.773068	5	Asia/Samarkand	Qarshi Airport | UTSK
KSU	Kristiansund Airport, Kvernberget	Kvernberget	Norway	NO	europe	63.111801	7.824520	15	Europe/Oslo	Kristiansund lufthavn
KSY	Kars Airport	Kars	Turkey	TR	europe	40.562199	43.115002	15	Europe/Istanbul	
KSZ	Kotlas Airport	Kotlas	Russia	RU	europe	61.235802	46.697498	15	Europe/Moscow	
KTA	Karratha Airport	Karratha	Australia	AU	oceania	-20.712200	116.773003	15	Australia/Perth	
KTD	Kitadaito Airport	Kitadaito	Japan	JP	asia	25.944700	131.326996	15	Asia/Tokyo	Kitadaitōjima
KTG	Rahadi Osman Airport	Ketapang-Borneo Island	Indonesia	ID	asia	-1.817165	109.963469	15	Asia/Pontianak	Rahadi Usman | Ketapang
KTI	Techo International Airport	Phnom Penh	Cambodia	KH	asia	11.359987	104.921272	35	Asia/Phnom_Penh	
KTM	Tribhuvan International Airport	Kathmandu	Nepal	NP	asia	27.696600	85.359100	35	Asia/Kathmandu	gaucharan | Bagmati
KTN	Ketchikan International Airport	Ketchikan	United States	US	americas	55.355598	-131.714004	20	America/Sitka	
KTP	Tinson Pen Airport	Tinson Pen	Jamaica	JM	americas	17.988600	-76.823799	15	America/Jamaica	
KTS	Brevig Mission Airport	Brevig Mission	United States	US	americas	65.331826	-166.467848	5	America/Nome	
KTT	Kittilä International Airport	Kittila	Finland	FI	europe	67.700996	24.846800	35	Europe/Helsinki	Kittilä
KTW	Katowice Wojciech Korfanty International Airport	Katowice	Poland	PL	europe	50.476015	19.080705	35	Europe/Warsaw	Pyrzowice | Dąbrowa Górnicza | Silesia | GOP | Silesia Metropolis | Gliwice | Piekary Śląskie | Bytom | Zabrze | Sosnowiec
KUA	Kuantan Airport	Kuantan	Malaysia	MY	asia	3.775390	103.209000	15	Asia/Kuala_Lumpur	
KUD	Kudat Airport	Kudat	Malaysia	MY	asia	6.924111	116.837068	5	Asia/Kuching	
KUF	Kurumoch International Airport	Samara	Russia	RU	europe	53.504902	50.164299	35	Europe/Samara	
KUG	Kubin Island Airport	Kubin	Australia	AU	oceania	-10.226480	142.219619	5	Australia/Brisbane	Kubin Island
KUH	Kushiro Airport	Kushiro	Japan	JP	asia	43.041000	144.192993	15	Asia/Tokyo	
KUK	Kasigluk Airport	Kasigluk	United States	US	americas	60.872747	-162.524700	5	America/Nome	
KUL	Kuala Lumpur International Airport	Kuala Lumpur	Malaysia	MY	asia	2.745580	101.709999	80	Asia/Kuala_Lumpur	KLIA | Sepang
KUM	Yakushima Airport	Yakushima	Japan	JP	asia	30.385599	130.658997	15	Asia/Tokyo	
KUN	Kaunas International Airport	Kaunas	Lithuania	LT	europe	54.963965	24.085820	35	Europe/Vilnius	Kauno tarptautinis Oro Uostas
KUO	Kuopio Airport	Kuopio / Siilinjarvi	Finland	FI	europe	63.007099	27.797800	30	Europe/Helsinki	Kuopio / Siilinjärvi
KUS	Kulusuk Airport	Kulusuk	Greenland	GL	americas	65.573601	-37.123600	15	America/Nuuk	Kap Dan | BGKD
KUT	David the Builder Kutaisi International Airport	Kutaisi	Georgia	GE	asia	42.177448	42.485353	35	Asia/Tbilisi	Kopitnari
KUU	Kullu Manali Airport	Kullu	India	IN	asia	31.876699	77.154404	15	Asia/Kolkata	Bhuntar
KUV	Gunsan Airport / Gunsan Air Base	Kunsan	South Korea	KR	asia	35.903801	126.615997	15	Asia/Seoul	Gunsan
KVA	Kavala Alexander the Great International Airport	Kavala	Greece	GR	europe	40.913300	24.619200	35	Europe/Athens	Megas Alexandros
KVC	King Cove Airport	King Cove	United States	US	americas	55.116299	-162.266006	5	America/Nome	
KVG	Kavieng Airport	Kavieng	Papua New Guinea	PG	oceania	-2.579400	150.807999	15	Pacific/Port_Moresby	
KVK	Kirovsk-Apatity Airport	Apatity	Russia	RU	europe	67.462851	33.585294	5	Europe/Moscow	Kirovsk Airport | Apatity Airport
KVL	Kivalina Airport	Kivalina	United States	US	americas	67.734565	-164.559917	5	America/Nome	
KVM	Markovo Airport	Markovo	Russia	RU	europe	64.665446	170.417626	5	Asia/Anadyr	
KVO	Morava Airport	Kraljevo	Serbia	RS	europe	43.817519	20.586662	15	Europe/Belgrade	Lađevci Airport
KVX	Pobedilovo Airport	Kirov	Russia	RU	europe	58.503883	49.347831	15	Europe/Kirov	
KWA	Bucholz Army Air Field	Kwajalein	Marshall Islands	MH	oceania	8.720120	167.731995	15	Pacific/Kwajalein	
KWE	Guiyang Longdongbao International Airport	Guiyang	China	CN	asia	26.541805	106.804020	35	Asia/Shanghai	Kaiyang Guiyang Air Base | Guiyang Air Base
KWI	Kuwait International Airport	Kuwait City	Kuwait	KW	middle_east	29.224487	47.969813	35	Asia/Kuwait	OKBK | Al Mubarak Air Base
KWJ	Gwangju Airport	Gwangju	South Korea	KR	asia	35.123173	126.805444	15	Asia/Seoul	
KWK	Kwigillingok Airport	Kwigillingok	United States	US	americas	59.876499	-163.169005	5	America/Nome	A85 | AK85
KWL	Guilin Liangjiang International Airport	Guilin City	China	CN	asia	25.219828	110.039553	35	Asia/Shanghai	Guilin
KWM	Kowanyama Airport	Kowanyama	Australia	AU	oceania	-15.485369	141.752572	15	Australia/Brisbane	
KWN	Quinhagak Airport	Quinhagak	United States	US	americas	59.755100	-161.845000	5	America/Anchorage	
KWT	Kwethluk Airport	Kwethluk	United States	US	americas	60.790298	-161.444000	5	America/Anchorage	
KWZ	Kolwezi Airport	Kolwezi	Democratic Republic of the Congo	CD	africa	-10.765900	25.505699	15	Africa/Lubumbashi	
KXB	Sangia Nibandera Airport	Kolaka	Indonesia	ID	asia	-4.338158	121.524047	15	Asia/Makassar	Pomala
KXF	Koro Island Airport	Koro Island	Fiji	FJ	oceania	-17.345800	179.421997	5	Pacific/Fiji	
KXK	Komsomolsk-on-Amur Airport	Komsomolsk-on-Amur	Russia	RU	europe	50.409000	136.934006	15	Asia/Vladivostok	Komsomolsk-na-Amure Airport | Khurba Airport
KXO	Kisoro Airport	Kisoro	Uganda	UG	africa	-1.283700	29.719700	5	Africa/Kampala	
KYA	Konya Airport	Konya	Turkey	TR	europe	37.979000	32.561901	30	Europe/Istanbul	
KYD	Lanyu Airport	Orchid Island	Taiwan	TW	asia	22.027000	121.535004	15	Asia/Taipei	Lanyu Auxiliary Station
KYK	Karluk Airport	Karluk	United States	US	americas	57.565919	-154.453762	5	America/Anchorage	
KYP	Kyaukpyu Airport	Kyaukpyu	Myanmar	MM	asia	19.426399	93.534798	15	Asia/Yangon	
KYS	Kayes Dag Dag Airport	Kayes	Mali	ML	africa	14.482521	-11.399335	15	Africa/Bamako	
KYU	Koyukuk Airport	Koyukuk	United States	US	americas	64.876099	-157.727005	5	America/Anchorage	
KYZ	Kyzyl Airport	Kyzyl	Russia	RU	europe	51.669399	94.400597	15	Asia/Krasnoyarsk	
KZI	Kozani National Airport Filippos	Kozani	Greece	GR	europe	40.286098	21.840799	15	Europe/Athens	
KZN	Kazan International Airport	Kazan	Russia	RU	europe	55.606201	49.278702	35	Europe/Moscow	
KZO	Korkyt Ata International Airport	Kzyl-Orda	Kazakhstan	KZ	asia	44.706902	65.592499	35	Asia/Qyzylorda	Kyzylorda Southwest | Kyzylorda
KZR	Zafer Airport	Altintas	Turkey	TR	europe	39.111107	30.130405	15	Europe/Istanbul	Altıntaş
KZS	Kastelorizo Airport	Kastelorizo Island	Greece	GR	europe	36.141701	29.576401	5	Europe/Athens	
LAD	Quatro de Fevereiro International Airport	Luanda	Angola	AO	africa	-8.858370	13.231200	35	Africa/Luanda	4 de Fevereiro
LAE	Nadzab Tomodachi International Airport	Nadzab	Papua New Guinea	PG	oceania	-6.567995	146.726544	35	Pacific/Port_Moresby	MFO | Lae
LAF	Purdue University Airport	Lafayette	United States	US	americas	40.412875	-86.939363	15	America/Indiana/Indianapolis	West Lafayette
LAJ	Lages Airport	Lages	Brazil	BR	americas	-27.782101	-50.281502	15	America/Sao_Paulo	Antônio Correia Pinto de Macedo Airport | Guarujá Federal Airport
LAK	Aklavik/Freddie Carmichael Airport	Aklavik	Canada	CA	americas	68.223297	-135.005990	5	America/Inuvik	YKD
LAL	Lakeland Linder International Airport	Lakeland	United States	US	americas	27.989267	-82.020715	20	America/New_York	
LAN	Capital Region International Airport	Lansing	United States	US	americas	42.777582	-84.585721	20	America/Detroit	Lansing Capital City | Capital City
LAO	Laoag International Airport	Laoag City	Philippines	PH	asia	18.175089	120.531006	35	Asia/Manila	Gabu Airfield | Laoag Airfield
LAP	Manuel Márquez de León International Airport	La Paz	Mexico	MX	americas	24.072331	-110.362662	20	America/Mazatlan	
LAQ	Al Abraq International Airport	Al Bayda'	Libya	LY	africa	32.789036	21.954864	35	Africa/Tripoli	Al Bayda | Beida | Al Albraq
LAR	Laramie Regional Airport	Laramie	United States	US	americas	41.312099	-105.675003	15	America/Denver	
LAS	Harry Reid International Airport	Las Vegas	United States	US	americas	36.083361	-115.151817	35	America/Los_Angeles	McCarran International Airport
LAU	Manda Airport	Lamu	Kenya	KE	africa	-2.252431	40.912892	15	Africa/Nairobi	
LAW	Lawton Fort Sill Regional Airport	Lawton	United States	US	americas	34.567699	-98.416603	15	America/Chicago	
LAX	Los Angeles International Airport	Los Angeles	United States	US	americas	33.942501	-118.407997	96	America/Los_Angeles	Tom Bradley
LBA	Leeds Bradford Airport	Leeds	United Kingdom	GB	europe	53.865898	-1.660570	30	Europe/London	
LBB	Lubbock Preston Smith International Airport	Lubbock	United States	US	americas	33.663601	-101.822998	20	America/Chicago	
LBC	Lübeck Blankensee Airport	Lubeck	Germany	DE	europe	53.805401	10.719200	15	Europe/Berlin	Lübeck
LBD	Khujand International Airport	Khudzhand	Tajikistan	TJ	asia	40.215401	69.694702	35	Asia/Dushanbe	Khodjend | Khodzhent | Leninabad | Khujand
LBE	Arnold Palmer Regional Airport	Latrobe	United States	US	americas	40.275902	-79.404800	15	America/New_York	
LBF	North Platte Regional Airport Lee Bird Field	North Platte	United States	US	americas	41.126202	-100.683998	15	America/Chicago	
LBJ	Komodo Airport	Labuan Bajo-Flores Island	Indonesia	ID	asia	-8.480694	119.888306	5	Asia/Makassar	Komodo Labuan Bajo International Airport | Mutiara II Airport | WRKO | Labuan Bajo
LBL	Liberal Mid-America Regional Airport	Liberal	United States	US	americas	37.044201	-100.959999	15	America/Chicago	
LBR	Lábrea Airport	Labrea	Brazil	BR	americas	-7.278970	-64.769501	5	America/Manaus	Lábrea
LBS	Labasa Airport	Labasa	Fiji	FJ	oceania	-16.466700	179.339996	15	Pacific/Fiji	
LBU	Labuan Airport	Labuan	Malaysia	MY	asia	5.301667	115.248333	15	Asia/Kuching	
LBV	Libreville Leon M'ba International Airport	Libreville	Gabon	GA	africa	0.458951	9.412140	35	Africa/Libreville	
LBW	Yuvai Semaring Airport	Long Bawan-Borneo Island	Indonesia	ID	asia	3.900495	115.690089	5	Asia/Makassar	WRLB | Juvai Semaring Airport | Yuvai Semaring | Long Bawang | Long Bawan
LCA	Larnaca International Airport	Larnarca	Cyprus	CY	asia	34.875099	33.624901	35	Asia/Nicosia	Larnaca
LCE	Golosón International Airport	La Ceiba	Honduras	HN	americas	15.742500	-86.852997	20	America/Tegucigalpa	Hector C. Moncada Air Base | Guillermo Anderson International Airport
LCG	A Coruña Airport	Culleredo	Spain	ES	europe	43.302101	-8.377260	15	Europe/Madrid	The Groyne | La Coruña
LCH	Lake Charles Regional Airport	Lake Charles	United States	US	americas	30.126101	-93.223297	15	America/Chicago	
LCJ	Łódź Władysław Reymont Airport	Lodz	Poland	PL	europe	51.721901	19.398100	30	Europe/Warsaw	Lublinek | Łódź
LCK	Rickenbacker International Airport	Columbus	United States	US	americas	39.813801	-82.927803	20	America/New_York	Lockbourne Army Air Field
LCR	Virgilio Barco Vargas (La Chorrera) Airport	La Chorrera	Colombia	CO	americas	-1.456361	-72.801086	5	America/Bogota	
LCX	Liancheng Guanzhishan Airport	Longyan	China	CN	asia	25.675920	116.745907	15	Asia/Shanghai	ZBSZ | Liancheng Air Base
LCY	London City Airport	London	United Kingdom	GB	europe	51.505299	0.055278	15	Europe/London	LON
LDB	Governor José Richa Airport	Londrina	Brazil	BR	americas	-23.334375	-51.128365	15	America/Sao_Paulo	Londrina Airport
LDE	Tarbes-Lourdes-Pyrénées Airport	Tarbes/Lourdes/Pyrenees	France	FR	europe	43.178699	-0.006439	15	Europe/Paris	Tarbes/Lourdes/Pyrénées
LDG	Leshukonskoye Airport	Leshukonskoye	Russia	RU	europe	64.896004	45.723000	5	Europe/Moscow	Leshukonskoe Airport
LDH	Lord Howe Island Airport	Lord Howe Island	Australia	AU	oceania	-31.538204	159.075460	5	Australia/Lord_Howe	
LDS	Yichun Lindu Airport	Yichun	China	CN	asia	47.752056	129.019125	15	Asia/Shanghai	Yichun Shi Airport
LDU	Lahad Datu Airport	Lahad Datu	Malaysia	MY	asia	5.032410	118.323760	15	Asia/Kuching	
LDX	Saint-Laurent-du-Maroni Airport	Saint-Laurent-du-Maroni	French Guiana	GF	americas	5.481891	-54.034964	15	America/Cayenne	
LDY	City of Derry Airport	Derry	United Kingdom	GB	europe	55.042801	-7.161110	15	Europe/London	Londonderry Eglinton Airport
LEA	Learmonth Airport	Exmouth	Australia	AU	oceania	-22.235201	114.090024	15	Australia/Perth	RAAF Learmonth
LEB	Lebanon Municipal Airport	Lebanon	United States	US	americas	43.626099	-72.304199	15	America/New_York	
LEC	Coronel Horácio de Mattos Airport	Lencois	Brazil	BR	americas	-12.482300	-41.277000	5	America/Bahia	Chapada Diamantina National Park | Lençóis Airport | Lençóis
LED	Pulkovo Airport	St. Petersburg	Russia	RU	europe	59.800301	30.262501	30	Europe/Moscow	Leningrad | Shosseynaya Airport | Saint Petersburg | Petrograd
LEI	Almería Airport	Almeria	Spain	ES	europe	36.843899	-2.370100	15	Europe/Madrid	Almería
LEJ	Leipzig/Halle Airport	Leipzig	Germany	DE	europe	51.420657	12.232705	30	Europe/Berlin	Schkeuditz Airport | Schkeuditz
LEL	Lake Evella Airport	Lake Evella	Australia	AU	oceania	-12.498900	135.806000	5	Australia/Darwin	
LEN	León Airport	Leon	Spain	ES	europe	42.590709	-5.653406	15	Europe/Madrid	La Virgen del Camino
LEQ	Land's End Airport	Land's End	United Kingdom	GB	europe	50.102798	-5.670560	5	Europe/London	St. Just Airport
LER	Leinster Airport	Leinster	Australia	AU	oceania	-27.843300	120.703003	15	Australia/Perth	
LET	Alfredo Vásquez Cobo International Airport	Leticia	Colombia	CO	americas	-4.191147	-69.942003	20	America/Bogota	
LEU	Pirineus - la Seu d'Urgel Airport	Montferrer / Castellbo	Spain	ES	europe	42.338600	1.409170	15	Europe/Madrid	Montferrer | Castellbò | La Seu d'Urgell Pyrenees and Andorra
LEV	Levuka Airfield	Bureta	Fiji	FJ	oceania	-17.711100	178.759003	5	Pacific/Fiji	
LEX	Blue Grass Airport	Lexington	United States	US	americas	38.035066	-84.606738	15	America/New_York	
LFM	Lamerd Airport	Lamerd	Iran	IR	middle_east	27.372700	53.188801	15	Asia/Tehran	
LFQ	Linfen Yaodu Airport	Linfen	China	CN	asia	36.132629	111.641236	15	Asia/Shanghai	Qiaoli
LFT	Lafayette Regional Airport	Lafayette	United States	US	americas	30.205299	-91.987602	15	America/Chicago	
LFW	Lomé–Tokoin International Airport	Lome	Togo	TG	africa	6.165610	1.254510	35	Africa/Lome	Gnassingbe Eyadema International Airport | Lomé
LGA	LaGuardia Airport	New York	United States	US	americas	40.777199	-73.872597	30	America/New_York	Manhattan | New York City | NYC | Glenn H. Curtiss Airport | North Beach Airport | La Guardia
LGB	Long Beach International Airport	Long Beach	United States	US	americas	33.816523	-118.149891	35	America/Los_Angeles	Daugherty Field
LGG	Liège Airport	Liege	Belgium	BE	europe	50.638574	5.443897	15	Europe/Brussels	Bierset | Grâce-Hollogne
LGI	Deadman's Cay Airport	Deadman's Cay	Bahamas	BS	americas	23.179001	-75.093597	15	America/Nassau	
LGK	Langkawi International Airport	Langkawi	Malaysia	MY	asia	6.329730	99.728699	35	Asia/Kuala_Lumpur	
LGL	Long Lellang Airport	Long Datih	Malaysia	MY	asia	3.421000	115.153999	5	Asia/Kuching	
LGW	London Gatwick Airport	London	United Kingdom	GB	europe	51.148744	-0.185739	84	Europe/London	LON | Crawley | Charlwood
LGZ	Shannan Longzi Airport	Shannan	China	CN	asia	28.422422	92.348082	5	Asia/Shanghai	
LHE	Allama Iqbal International Airport	Lahore	Pakistan	PK	asia	31.521601	74.403603	35	Asia/Karachi	OPLR
LHG	Lightning Ridge Airport	Lightning Ridge	Australia	AU	oceania	-29.452857	147.977146	15	Australia/Sydney	
LHL	Lachin International Airport	Lachin	Azerbaijan	AZ	asia	39.883787	46.363137	20	Asia/Baku	
LHR	London Heathrow Airport	London	United Kingdom	GB	europe	51.470748	-0.459909	98	Europe/London	LON | Londres
LHS	Las Heras Airport	Las Heras	Argentina	AR	americas	-46.538517	-68.965323	15	America/Argentina/Rio_Gallegos	
LHW	Lanzhou Zhongchuan International Airport	Lanzhou	China	CN	asia	36.515202	103.620003	35	Asia/Shanghai	ZGC | Datong Air Base
LIF	Lifou Airport	Lifou	New Caledonia	NC	oceania	-20.774563	167.239328	15	Pacific/Noumea	
LIG	Limoges Airport	Limoges/Bellegarde	France	FR	europe	45.862801	1.179440	15	Europe/Paris	
LIH	Lihue Airport	Lihue	United States	US	americas	21.974393	-159.337146	30	Pacific/Honolulu	
LIL	Lille Airport	Lille/Lesquin	France	FR	europe	50.566564	3.102429	30	Europe/Paris	Aéroport de Lille. Lille-Lesquin Airport | Lesquin
LIM	Jorge Chávez International Airport	Lima	Peru	PE	americas	-12.021900	-77.114305	35	America/Lima	SPIM
LIN	Milano Linate Airport	Milan	Italy	IT	europe	45.445099	9.276740	30	Europe/Rome	E Forlanini | Segrate
LIO	Limón International Airport	Puerto Limon	Costa Rica	CR	americas	9.957960	-83.022003	20	America/Costa_Rica	Limón
LIR	Daniel Oduber Quirós International Airport	Liberia	Costa Rica	CR	americas	10.593300	-85.544403	35	America/Costa_Rica	Guanacaste | Liberia International
LIS	Lisbon Humberto Delgado Airport	Lisbon	Portugal	PT	europe	38.781300	-9.135920	70	Europe/Lisbon	Lisboa | Portela
LIT	Bill & Hillary Clinton National Airport/Adams Field	Little Rock	United States	US	americas	34.729222	-92.223591	15	America/Chicago	
LIW	Loikaw Airport	Loikaw	Myanmar	MM	asia	19.691500	97.214798	15	Asia/Yangon	
LJG	Lijiang Sanyi International Airport	Lijiang	China	CN	asia	26.677483	100.244944	35	Asia/Shanghai	Yunlong Air Base
LJU	Ljubljana Jože Pučnik Airport	Ljubljana	Slovenia	SI	europe	46.223701	14.457600	30	Europe/Ljubljana	Kranj | Zgornji Brnik
LKA	Larantuka Gewayentana Airport	Larantuka-Flores Island	Indonesia	ID	asia	-8.274424	123.002000	5	Asia/Makassar	WATL | Tiwatobi
LKB	Lakeba Island Airport	Lakeba Island	Fiji	FJ	oceania	-18.199200	-178.817001	5	Pacific/Fiji	
LKL	Lakselv Airport, Banak	Lakselv	Norway	NO	europe	70.068802	24.973499	15	Europe/Oslo	North Cape Airport
LKN	Leknes Airport	Leknes	Norway	NO	europe	68.152496	13.609400	15	Europe/Oslo	Leknes lufthavn
LKO	Chaudhary Charan Singh International Airport	Lucknow	India	IN	asia	26.760599	80.889297	35	Asia/Kolkata	Amausi International Airport
LLA	Luleå Airport	Lulea	Sweden	SE	europe	65.543800	22.122000	30	Europe/Stockholm	Kallax Air Base | Luleå
LLB	Libo Airport	Libo	China	CN	asia	25.452500	107.961667	5	Asia/Shanghai	Qiannan
LLF	Yongzhou Lingling Airport	Yongzhou	China	CN	asia	26.338661	111.610043	15	Asia/Shanghai	
LLK	Lankaran International Airport	Lankaran	Azerbaijan	AZ	asia	38.757919	48.807042	5	Asia/Baku	UB10 | Lenkoran
LLV	Lüliang Dawu Airport	Lüliang	China	CN	asia	37.683333	111.142778	15	Asia/Shanghai	
LLW	Kamuzu International Airport	Lilongwe	Malawi	MW	africa	-13.789400	33.780998	35	Africa/Blantyre	FWLI | Lilongwe International | Lumbadzi
LMA	Minchumina Airport	Minchumina	United States	US	americas	63.886002	-152.302002	5	America/Anchorage	
LMC	La Macarena Airport	La Macarena	Colombia	CO	americas	2.175650	-73.786740	5	America/Bogota	Aeropuerto Javier Noreña Valencia
LMM	Valle del Fuerte International Airport	Los Mochis	Mexico	MX	americas	25.685503	-109.081159	20	America/Mazatlan	
LMN	Limbang Airport	Limbang	Malaysia	MY	asia	4.808300	115.010002	15	Asia/Brunei	
LMP	Lampedusa Airport	Lampedusa	Italy	IT	europe	35.497898	12.618100	15	Europe/Rome	
LMY	Lake Murray Airport	Lake Murray	Papua New Guinea	PG	oceania	-7.009920	141.494003	5	Pacific/Port_Moresby	
LNB	Lamen Bay Airport	Lamen Bay	Vanuatu	VU	oceania	-16.584200	168.158997	5	Pacific/Efate	
LNE	Lonorore Airport	Lonorore	Vanuatu	VU	oceania	-15.865600	168.171997	5	Pacific/Efate	Pentecost Island
LNJ	Lincang Boshang Airport	Lincang	China	CN	asia	23.738100	100.025002	15	Asia/Shanghai	Lintsang Airfield
LNK	Lincoln Airport	Lincoln	United States	US	americas	40.844882	-96.761780	15	America/Chicago	Lincoln Army Air Field | Lincoln Air Force Base | 155th Air Refueling Wing | Lincoln Municpal
LNL	Longnan Chengzhou Airport	Longnan	China	CN	asia	33.789918	105.790014	15	Asia/Shanghai	
LNO	Leonora Airport	Leonora	Australia	AU	oceania	-28.878099	121.315002	15	Australia/Perth	
LNS	Lancaster Airport	Lancaster	United States	US	americas	40.121700	-76.296097	15	America/New_York	
LNV	Londolovit Airport	Londolovit	Papua New Guinea	PG	oceania	-3.043610	152.628998	5	Pacific/Port_Moresby	Lihir Island | Kunaye
LNY	Lanai Airport	Lanai City	United States	US	americas	20.785675	-156.951324	15	Pacific/Honolulu	
LNZ	Linz-Hörsching Airport	Linz	Austria	AT	europe	48.235362	14.188128	30	Europe/Vienna	Blue Danube Airport | Vogler Air Base | Fliegerhorst Vogler | Christophorus 10
LOD	Longana Airport	Longana	Vanuatu	VU	oceania	-15.306700	167.966995	5	Pacific/Efate	
LOE	Loei Airport	Loei	Thailand	TH	asia	17.439100	101.722000	15	Asia/Bangkok	
LOH	Ciudad de Catamayo Airport	La Toma (Catamayo)	Ecuador	EC	americas	-3.995606	-79.371902	5	America/Guayaquil	SETM | Camilo Ponce Enriquez | La Toma
LOO	Laghouat - Molay Ahmed Medeghri Airport	Laghouat	Algeria	DZ	africa	33.764400	2.928340	15	Africa/Algiers	
LOP	Lombok International Airport	Mataram	Indonesia	ID	asia	-8.759962	116.278169	35	Asia/Makassar	Zainuddin Abdul Madjid | Praya
LOS	Murtala Muhammed International Airport	Lagos	Nigeria	NG	africa	6.577370	3.321160	66	Africa/Lagos	
LPA	Gran Canaria Airport	Gran Canaria Island	Spain	ES	europe	27.931900	-15.386600	30	Atlantic/Canary	Canary Islands | Las Palmas Airport | Gando Airport
LPB	El Alto International Airport	La Paz / El Alto	Bolivia	BO	americas	-16.510272	-68.189416	35	America/La_Paz	
LPD	La Pedrera Airport	La Pedrera	Colombia	CO	americas	-1.324882	-69.581294	5	America/Bogota	
LPF	Liupanshui Yuezhao Airport	Liupanshui	China	CN	asia	26.609417	104.979000	15	Asia/Shanghai	
LPI	Linköping City Airport	Linkoping	Sweden	SE	europe	58.404909	15.684499	30	Europe/Stockholm	Linköping
LPL	Liverpool John Lennon Airport	Liverpool	United Kingdom	GB	europe	53.334863	-2.849637	30	Europe/London	
LPM	Lamap Airport	Lamap	Vanuatu	VU	oceania	-16.461123	167.829253	5	Pacific/Efate	Malekoula Airport
LPP	Lappeenranta Airport	Lappeenranta	Finland	FI	europe	61.044601	28.144743	30	Europe/Helsinki	
LPQ	Luang Phabang International Airport	Luang Phabang	Laos	LA	asia	19.904273	102.167191	35	Asia/Vientiane	
LPT	Lampang Airport	Lampang	Thailand	TH	asia	18.270901	99.504204	15	Asia/Bangkok	
LPU	Long Apung Airport	Long Apung-Borneo Island	Indonesia	ID	asia	1.706932	114.969934	5	Asia/Makassar	
LPY	Le Puy-Loudes Airfield	Le Puy/Loudes	France	FR	europe	45.080700	3.762890	5	Europe/Paris	Chaspuzac
LQM	Caucaya Airport	Puerto Leguizamo	Colombia	CO	americas	-0.182278	-74.770800	5	America/Bogota	Puerto Leguízamo
LRD	Laredo International Airport	Laredo	United States	US	americas	27.543800	-99.461601	20	America/Chicago	
LRE	Longreach Airport	Longreach	Australia	AU	oceania	-23.432020	144.277492	15	Australia/Brisbane	
LRH	La Rochelle Île de Ré Airport	La Rochelle/Ile de Re	France	FR	europe	46.179199	-1.195280	15	Europe/Paris	Laleu Airport | La Rochelle
LRM	Casa De Campo International Airport	La Romana	Dominican Republic	DO	americas	18.452222	-68.911111	35	America/Santo_Domingo	
LRR	Lar Airport	Lar	Iran	IR	middle_east	27.674700	54.383301	15	Asia/Tehran	
LRS	Leros Airport	Leros Island	Greece	GR	europe	37.184898	26.800301	5	Europe/Athens	
LRU	Las Cruces International Airport	Las Cruces	United States	US	americas	32.289398	-106.921997	20	America/Denver	
LRV	Los Roques Airport	Los Roques	Venezuela	VE	americas	11.946935	-66.668333	5	America/Caracas	Gran Roque Island
LSA	Losuia Airport	Losuia	Papua New Guinea	PG	oceania	-8.505820	151.080994	5	Pacific/Port_Moresby	Formerly Kiriwina Airport
LSC	La Florida Airport	La Serena-Coquimbo	Chile	CL	americas	-29.916201	-71.199501	15	America/Santiago	COW
LSE	La Crosse Regional Airport	La Crosse	United States	US	americas	43.879002	-91.256699	15	America/Chicago	airport | regional
LSG	Leshan Airport	Leshan	China	CN	asia	29.438627	103.749218	15	Asia/Shanghai	
LSH	Lashio Airport	Lashio	Myanmar	MM	asia	22.977900	97.752197	15	Asia/Yangon	
LSI	Sumburgh Airport	Lerwick	United Kingdom	GB	europe	59.878899	-1.295560	15	Europe/London	Shetlands
LSP	Josefa Camejo International Airport	Paraguana	Venezuela	VE	americas	11.780775	-70.151497	20	America/Caracas	Paraguaná
LST	Launceston Airport	Launceston	Australia	AU	oceania	-41.544935	147.210785	15	Australia/Hobart	
LSW	Malikus Saleh Airport	Lhok Seumawe-Sumatra Island	Indonesia	ID	asia	5.226680	96.950302	5	Asia/Jakarta	WITM
LSY	Lismore Airport	Lismore	Australia	AU	oceania	-28.830689	153.258419	15	Australia/Sydney	
LTD	Ghadames Airport	Ghadames	Libya	LY	africa	30.145484	9.702095	15	Africa/Tripoli	
LTI	Altai Airport	Altai	Mongolia	MN	asia	46.376400	96.221100	15	Asia/Hovd	
LTK	Latakia International Airport	Latakia	Syria	SY	middle_east	35.401100	35.948700	20	Asia/Damascus	Hmeimim Air Base
LTM	Lethem Airport	Lethem	Guyana	GY	americas	3.372760	-59.789398	15	America/Boa_Vista	
LTN	London Luton Airport	London	United Kingdom	GB	europe	51.874699	-0.368333	30	Europe/London	LON | Luton
LTO	Loreto International Airport	Loreto	Mexico	MX	americas	25.989549	-111.348408	35	America/Mazatlan	
LTT	La Môle Airport	La Mole	France	FR	europe	43.205399	6.482000	5	Europe/Paris	Golfe du Saint-Tropez | Saint-Tropez
LTU	Murod Kond Airport	Latur	India	IN	asia	18.411501	76.464699	15	Asia/Kolkata	
LTX	Cotopaxi International Airport	Latacunga	Ecuador	EC	americas	-0.906833	-78.615799	20	America/Guayaquil	Vulcano | Ecuador | Cargo | Long runway | Height
LUA	Tenzing-Hillary Airport	Lukla	Nepal	NP	asia	27.686768	86.729479	15	Asia/Kathmandu	Mount Everest | Tenzing Norgay | Sir Edmund Hillary
LUD	Luderitz Airport	Luderitz	Namibia	NA	africa	-26.687401	15.242900	15	Africa/Windhoek	
LUG	Lugano Airport	Lugano	Switzerland	CH	europe	46.004299	8.910580	15	Europe/Zurich	Agno
LUK	Cincinnati Municipal Airport Lunken Field	Cincinnati	United States	US	americas	39.102357	-84.418945	15	America/New_York	
LUM	Dehong Mangshi International Airport	Luxi	China	CN	asia	24.401100	98.531700	20	Asia/Shanghai	Dehong
LUN	Kenneth Kaunda International Airport	Lusaka	Zambia	ZM	africa	-15.330833	28.452722	35	Africa/Lusaka	
LUP	Kalaupapa Airport	Kalaupapa	United States	US	americas	21.211000	-156.973999	5	Pacific/Honolulu	
LUQ	Brigadier Mayor D Cesar Raul Ojeda Airport	San Luis	Argentina	AR	americas	-33.273201	-66.356400	15	America/Argentina/San_Luis	
LUR	Cape Lisburne LRRS Airport	Cape Lisburne	United States	US	americas	68.875099	-166.110001	15	America/Nome	
LUV	Karel Sadsuitubun Airport	Langgur-Seram Island	Indonesia	ID	asia	-5.760278	132.759444	15	Asia/Jayapura	Tual Baru | Langgur
LUX	Luxembourg-Findel International Airport	Luxembourg	Luxembourg	LU	europe	49.626845	6.212134	35	Europe/Luxembourg	
LUZ	Lublin Airport	Lublin	Poland	PL	europe	51.240157	22.713461	30	Europe/Warsaw	
LVI	Harry Mwanga Nkumbula International Airport	Livingstone	Zambia	ZM	africa	-17.821524	25.819642	35	Africa/Lusaka	FLLI
LVO	Laverton Airport	Laverton	Australia	AU	oceania	-28.614267	122.428673	5	Australia/Perth	
LWB	Greenbrier Valley Airport	Lewisburg	United States	US	americas	37.857914	-80.400438	15	America/New_York	
LWK	Lerwick / Tingwall Airport	Lerwick	United Kingdom	GB	europe	60.192200	-1.243610	5	Europe/London	
LWN	Shirak International Airport	Gyumri	Armenia	AM	asia	40.750401	43.859299	35	Asia/Yerevan	UGEL
LWS	Lewiston Nez Perce County Airport	Lewiston	United States	US	americas	46.374500	-117.014999	15	America/Los_Angeles	
LWY	Lawas Airport	Lawas	Malaysia	MY	asia	4.849170	115.407997	5	Asia/Kuching	
LXA	Lhasa Gonggar International Airport	Lhasa	China	CN	asia	29.298001	90.911951	35	Asia/Shanghai	Shannan
LXG	Luang Namtha Airport	Luang Namtha	Laos	LA	asia	20.966999	101.400002	5	Asia/Vientiane	
LXR	Luxor International Airport	Luxor	Egypt	EG	africa	25.671018	32.706446	35	Africa/Cairo	
LXS	Limnos Airport	Limnos Island	Greece	GR	europe	39.917099	25.236300	5	Europe/Athens	
LYA	Luoyang Beijiao Airport	Luoyang	China	CN	asia	34.741100	112.388000	30	Asia/Shanghai	
LYC	Lycksele Airport	Lycksele	Sweden	SE	europe	64.548302	18.716200	15	Europe/Stockholm	
LYG	Lianyungang Huaguoshan International Airport	Lianyungang	China	CN	asia	34.414060	119.178990	35	Asia/Shanghai	
LYH	Lynchburg Regional Airport - Preston Glenn Field	Lynchburg	United States	US	americas	37.326698	-79.200401	15	America/New_York	
LYI	Linyi Qiyang Airport	Linyi	China	CN	asia	35.052918	118.411828	15	Asia/Shanghai	
LYP	Faisalabad International Airport	Faisalabad	Pakistan	PK	asia	31.364923	72.995319	35	Asia/Karachi	OPLF
LYR	Svalbard Airport, Longyear	Longyearbyen	Norway	NO	europe	78.246101	15.465600	15	Arctic/Longyearbyen	
LYS	Lyon Saint-Exupéry Airport	Lyon	France	FR	europe	45.725996	5.090139	30	Europe/Paris	Saint-Exupéry | Satolas | Colombier-Saugnieu
LZG	Langzhong Gucheng Airport	Langzhong	China	CN	asia	31.501910	106.034417	15	Asia/Shanghai	Nanchong
LZH	Liuzhou Bailian Airport / Bailian Air Base	Liuzhou	China	CN	asia	24.207500	109.390999	15	Asia/Shanghai	Liujiang-Liuzhou Air Base
LZN	Matsu Nangan Airport	Nangang Island	Taiwan	TW	asia	26.159656	119.958376	15	Asia/Taipei	Matsu
LZO	Luzhou Yunlong Airport	Luzhou	China	CN	asia	29.030357	105.468407	15	Asia/Shanghai	
LZY	Nyingchi Mainling Airport	Nyingchi	China	CN	asia	29.303301	94.335297	15	Asia/Shanghai	Linzhi | Kang Ko
MAA	Chennai International Airport	Chennai	India	IN	asia	12.990005	80.169296	35	Asia/Kolkata	Madras
MAB	João Correa da Rocha Airport	Maraba	Brazil	BR	americas	-5.368590	-49.138000	15	America/Belem	Marabá Airport | Marabá
MAD	Adolfo Suárez Madrid–Barajas Airport	Madrid	Spain	ES	europe	40.493407	-3.572249	82	Europe/Madrid	Leganés | Madrid Barajas International Airport
MAF	Midland International Air and Space Port	Midland	United States	US	americas	31.942499	-102.202003	20	America/Chicago	Midland International Airport
MAG	Madang Airport	Madang	Papua New Guinea	PG	oceania	-5.207080	145.789001	15	Pacific/Port_Moresby	
MAH	Menorca Airport	Menorca Island	Spain	ES	europe	39.862598	4.218650	30	Europe/Madrid	Menorca | Mahón
MAJ	Marshall Islands International Airport	Majuro Atoll	Marshall Islands	MH	oceania	7.065110	171.271656	35	Pacific/Majuro	
MAK	Malakal International Airport	Malakal	South Sudan	SS	africa	9.558739	31.651937	20	Africa/Juba	HSSM
MAM	General Servando Canales International Airport	Matamoros	Mexico	MX	americas	25.769899	-97.525299	20	America/Matamoros	
MAN	Manchester Airport	Manchester	United Kingdom	GB	europe	53.349375	-2.279521	71	Europe/London	Ringway Airport | RAF Ringway
MAO	Eduardo Gomes International Airport	Manaus	Brazil	BR	americas	-3.038610	-60.049702	35	America/Manaus	
MAQ	Mae Sot Airport	Mae Sot	Thailand	TH	asia	16.699900	98.545097	15	Asia/Bangkok	
MAR	La Chinita International Airport	Maracaibo	Venezuela	VE	americas	10.557542	-71.729307	35	America/Caracas	
MAS	Momote Airport	Manus Island	Papua New Guinea	PG	oceania	-2.061890	147.423996	15	Pacific/Port_Moresby	
MAU	Maupiti Airport	Maupiti	French Polynesia	PF	oceania	-16.426500	-152.244003	15	Pacific/Tahiti	
MAZ	Eugenio Maria De Hostos Airport	Mayaguez	Puerto Rico	PR	americas	18.255699	-67.148499	15	America/Puerto_Rico	
MBA	Moi International Airport	Mombasa	Kenya	KE	africa	-4.034830	39.594200	35	Africa/Nairobi	Port Reitz
MBD	Mmabatho International Airport	Mafeking	South Africa	ZA	africa	-25.798401	25.548000	20	Africa/Johannesburg	Mafikeng
MBE	Monbetsu Airport	Monbetsu	Japan	JP	asia	44.303902	143.404007	15	Asia/Tokyo	
MBI	Songwe Airport	Mbeya	Tanzania	TZ	africa	-8.919942	33.273981	15	Africa/Dar_es_Salaam	
MBJ	Sangster International Airport	Montego Bay	Jamaica	JM	americas	18.503420	-77.913230	35	America/Jamaica	
MBL	Manistee County Blacker Airport	Manistee	United States	US	americas	44.272707	-86.246495	5	America/Detroit	
MBS	MBS International Airport	Saginaw	United States	US	americas	43.533181	-84.083104	20	America/Detroit	Tri City Airport | Midland | Bay City | Freeland
MBT	Moises R. Espinosa Airport	Masbate	Philippines	PH	asia	12.369682	123.630095	15	Asia/Manila	Moises R. Espinoza
MBW	Melbourne Moorabbin Airport	Melbourne	Australia	AU	oceania	-37.977765	145.099799	15	Australia/Melbourne	Harry Hawker Airport
MBX	Maribor Edvard Rusjan Airport	Maribor	Slovenia	SI	europe	46.479900	15.686100	15	Europe/Ljubljana	
MCE	Merced Regional Macready Field	Merced	United States	US	americas	37.284698	-120.514000	15	America/Los_Angeles	
MCG	McGrath Airport	McGrath	United States	US	americas	62.952900	-155.606003	15	America/Anchorage	
MCI	Kansas City International Airport	Kansas City	United States	US	americas	39.301699	-94.713893	35	America/Chicago	
MCK	McCook Ben Nelson Regional Airport	Mc Cook	United States	US	americas	40.207787	-100.592794	15	America/Chicago	McCook
MCN	Middle Georgia Regional Airport	Macon	United States	US	americas	32.692799	-83.649200	15	America/New_York	
MCO	Orlando International Airport	Orlando	United States	US	americas	28.429399	-81.308998	35	America/New_York	Disney World | Epcot Center
MCP	Macapá - Alberto Alcolumbre International Airport	Macapa	Brazil	BR	americas	0.050664	-51.072201	20	America/Belem	Macapá
MCT	Muscat International Airport	Muscat	Oman	OM	middle_east	23.600218	58.285268	35	Asia/Muscat	Seeb International Airport | Masqat | Seeb | Muscat/Seeb
MCV	McArthur River Mine Airport	McArthur River Mine	Australia	AU	oceania	-16.442499	136.084000	5	Australia/Darwin	
MCW	Mason City Municipal Airport	Mason City	United States	US	americas	43.159801	-93.329716	15	America/Chicago	
MCX	Makhachkala Uytash International Airport	Makhachkala	Russia	RU	europe	42.816799	47.652302	35	Europe/Moscow	
MCY	Sunshine Coast Airport	Maroochydore	Australia	AU	oceania	-26.593324	153.083190	30	Australia/Brisbane	YBMC
MCZ	Zumbi dos Palmares International Airport	Maceio	Brazil	BR	americas	-9.512559	-35.791839	35	America/Maceio	Maceió
MDC	Sam Ratulangi International Airport	Manado-Celebes Island	Indonesia	ID	asia	1.548591	124.926250	35	Asia/Makassar	Manado
MDE	Jose Maria Córdova International Airport	Rionegro	Colombia	CO	americas	6.164540	-75.423100	35	America/Bogota	Medellín
MDG	Mudanjiang Hailang International Airport	Mudanjiang	China	CN	asia	44.525172	129.568634	20	Asia/Shanghai	
MDI	Makurdi Airport	Makurdi	Nigeria	NG	africa	7.703880	8.613940	15	Africa/Lagos	
MDK	Mbandaka Airport	Mbandaka	Democratic Republic of the Congo	CD	africa	0.022600	18.288700	15	Africa/Kinshasa	
MDL	Mandalay International Airport	Mandalay	Myanmar	MM	asia	21.702200	95.977898	35	Asia/Yangon	
MDQ	Ástor Piazzola International Airport	Mar del Plata	Argentina	AR	americas	-37.934200	-57.573300	20	America/Argentina/Buenos_Aires	
MDT	Harrisburg International Airport	Harrisburg	United States	US	americas	40.192838	-76.762333	20	America/New_York	Lancaster | York | HIA | Middletown
MDU	Mendi Airport	Mendi	Papua New Guinea	PG	oceania	-6.147740	143.656998	15	Pacific/Port_Moresby	
MDW	Chicago Midway International Airport	Chicago	United States	US	americas	41.785999	-87.752403	35	America/Chicago	CHI
MDZ	Governor Francisco Gabrielli International Airport	Mendoza	Argentina	AR	americas	-32.831699	-68.792900	35	America/Argentina/Mendoza	El Plumerillo International Airport
MEB	Melbourne Essendon Airport	Melbourne	Australia	AU	oceania	-37.728100	144.901993	15	Australia/Melbourne	Essendon Fields
MEC	Eloy Alfaro International Airport	Manta	Ecuador	EC	americas	-0.946078	-80.678802	20	America/Guayaquil	
MED	Prince Mohammad Bin Abdulaziz Airport	Medina	Saudi Arabia	SA	middle_east	24.553400	39.705101	30	Asia/Riyadh	Medinah
MEE	Maré Airport	Mare	New Caledonia	NC	oceania	-21.482438	168.038465	15	Pacific/Noumea	Maré
MEG	Malanje Airport	Malanje	Angola	AO	africa	-9.525090	16.312401	15	Africa/Luanda	
MEH	Mehamn Airport	Mehamn	Norway	NO	europe	71.029701	27.826700	15	Europe/Oslo	
MEI	Key Field / Meridian Regional Airport	Meridian	United States	US	americas	32.332600	-88.751900	15	America/Chicago	
MEL	Melbourne Airport	Melbourne	Australia	AU	oceania	-37.670732	144.837898	79	Australia/Melbourne	Melbourne International | Tullamarine
MEM	Frederick W. Smith International Airport	Memphis	United States	US	americas	35.043845	-89.976340	35	America/Chicago	
MEQ	Cut Nyak Dhien Airport	Peureumeue-Sumatra Island	Indonesia	ID	asia	4.040998	96.253312	15	Asia/Jakarta	Kuala Pesisir
MEX	Mexico City Benito Juárez International Airport	Mexico City	Mexico	MX	americas	19.435822	-99.070330	77	America/Mexico_City	AICM | Ciudad de México
MFA	Mafia Airport	Mafia Island	Tanzania	TZ	africa	-7.917478	39.668502	5	Africa/Dar_es_Salaam	Kilindoni
MFE	McAllen Miller International Airport	Mc Allen	United States	US	americas	26.176141	-98.237965	20	America/Chicago	McAllen
MFG	Muzaffarabad Airport	Muzaffarabad	Pakistan	PK	asia	34.338835	73.508886	5	Asia/Karachi	
MFJ	Moala Airport	Moala	Fiji	FJ	oceania	-18.566700	179.951004	5	Pacific/Fiji	
MFK	Matsu Beigan Airport	Beigan Island	Taiwan	TW	asia	26.224140	120.002679	15	Asia/Taipei	Matsu
MFM	Macau International Airport	Taipa	Macau	MO	asia	22.149599	113.592003	35	Asia/Macau	Nossa Senhora do Carmo
MFR	Rogue Valley International-Medford Airport	Medford	United States	US	americas	42.374199	-122.873001	20	America/Los_Angeles	
MFU	Mfuwe International Airport	Mfuwe	Zambia	ZM	africa	-13.258900	31.936600	35	Africa/Lusaka	
MGA	Augusto C. Sandino (Managua) International Airport	Managua	Nicaragua	NI	americas	12.141500	-86.168198	35	America/Managua	
MGB	Mount Gambier Airport	Mount Gambier	Australia	AU	oceania	-37.744382	140.780561	15	Australia/Adelaide	
MGC	Michigan City Municipal Airport	Michigan City	United States	US	americas	41.703300	-86.821198	15	America/Chicago	Phillips Field
MGF	Regional de Maringá - Sílvio Name Júnior Airport	Maringa	Brazil	BR	americas	-23.476060	-52.016187	15	America/Sao_Paulo	SBMH. | Maringá
MGH	Margate Airport	Margate	South Africa	ZA	africa	-30.857401	30.343000	15	Africa/Johannesburg	
MGM	Montgomery Regional (Dannelly Field) Airport	Montgomery	United States	US	americas	32.300598	-86.393997	15	America/Chicago	
MGQ	Aden Adde International Airport	Mogadishu	Somalia	SO	africa	2.014440	45.304699	35	Africa/Mogadishu	HCCM
MGT	Milingimbi Airport	Milingimbi Island	Australia	AU	oceania	-12.094400	134.893997	5	Australia/Darwin	
MGW	Morgantown Municipal Airport Walter L. (Bill) Hart Field	Morgantown	United States	US	americas	39.643305	-79.917598	15	America/New_York	
MGZ	Myeik Airport	Mkeik	Myanmar	MM	asia	12.439800	98.621498	15	Asia/Yangon	
MHC	Mocopulli Airport	Dalcahue	Chile	CL	americas	-42.340388	-73.715693	5	America/Santiago	
MHD	Mashhad International Airport	Mashhad	Iran	IR	middle_east	36.234821	59.642949	35	Asia/Tehran	Shahid Hashemi Nejad Airport
MHG	Mannheim-City Airport	Mannheim	Germany	DE	europe	49.473057	8.514167	15	Europe/Berlin	
MHH	Leonard M. Thompson International Airport	Marsh Harbour	Bahamas	BS	americas	26.510711	-77.084262	20	America/Nassau	Marsh Harbour International Airport
MHK	Manhattan Regional Airport	Manhattan	United States	US	americas	39.140999	-96.670799	15	America/Chicago	
MHM	Manaoba Airport	Manaoba	Solomon Islands	SB	oceania	-8.325008	160.800510	5	Pacific/Guadalcanal	
MHQ	Mariehamn Airport	Mariehamn	Finland	FI	europe	60.122200	19.898199	15	Europe/Mariehamn	
MHT	Manchester-Boston Regional Airport	Manchester	United States	US	americas	42.932598	-71.435699	15	America/New_York	Manchester Airport
MHU	Mount Hotham Airport	Mount Hotham	Australia	AU	oceania	-37.047501	147.334000	15	Australia/Melbourne	
MHX	Manihiki Island Airport	Manihiki Island	Cook Islands	CK	oceania	-10.380910	-160.999424	5	Pacific/Rarotonga	Humphrey Island | Te Fuinga o Niva
MIA	Miami International Airport	Miami	United States	US	americas	25.796011	-80.289751	84	America/New_York	MFW | South Florida | Wilcox Field | Pan American Field
MID	Manuel Crescencio Rejón International Airport	Merida	Mexico	MX	americas	20.930485	-89.645462	35	America/Merida	Mérida
MIG	Mianyang Nanjiao Airport	Mianyang	China	CN	asia	31.428101	104.740997	15	Asia/Shanghai	
MII	Frank Miloye Milenkowichi–Marília State Airport	Marilia	Brazil	BR	americas	-22.196899	-49.926485	15	America/Sao_Paulo	Marília Airport | Marília
MIJ	Mili Island Airport	Mili Island	Marshall Islands	MH	oceania	6.084754	171.731419	5	Pacific/Majuro	
MIM	Merimbula Airport	Merimbula	Australia	AU	oceania	-36.908600	149.901001	15	Australia/Sydney	
MIR	Monastir Habib Bourguiba International Airport	Monastir	Tunisia	TN	africa	35.758099	10.754700	20	Africa/Tunis	
MIS	Misima Island Airport	Misima Island	Papua New Guinea	PG	oceania	-10.689200	152.837997	5	Pacific/Port_Moresby	
MIU	Maiduguri International Airport	Maiduguri	Nigeria	NG	africa	11.854163	13.080702	35	Africa/Lagos	
MJF	Mosjøen Airport, Kjærstad	Mosjoen	Norway	NO	europe	65.783997	13.214900	15	Europe/Oslo	Mosjøen
MJI	Mitiga International Airport	Tripoli	Libya	LY	africa	32.891770	13.287878	35	Africa/Tripoli	Mellaha Army Airfield | Okba Ben Nafi Air Base | Wheelus Air Force Base
MJK	Shark Bay Airport	Monkey Mia	Australia	AU	oceania	-25.897294	113.575802	15	Australia/Perth	Monkey Mia Airport | Denham
MJM	Mbuji Mayi Airport	Mbuji Mayi	Democratic Republic of the Congo	CD	africa	-6.121240	23.569000	15	Africa/Lubumbashi	
MJN	Amborovy Airport	Mahajanga	Madagascar	MG	africa	-15.666842	46.351233	30	Indian/Antananarivo	Philibert Tsiranana Airport
MJT	Mytilene International Airport	Mytilene	Greece	GR	europe	39.057406	26.598629	20	Europe/Athens	
MJZ	Mirny Airport	Mirny	Russia	RU	europe	62.534698	114.039001	15	Asia/Yakutsk	
MKE	General Mitchell International Airport	Milwaukee	United States	US	americas	42.947201	-87.896599	35	America/Chicago	
MKG	Muskegon County Airport	Muskegon	United States	US	americas	43.169498	-86.238197	15	America/Detroit	
MKK	Molokai Airport	Kaunakakai	United States	US	americas	21.152901	-157.095993	15	Pacific/Honolulu	
MKL	McKellar-Sipes Regional Airport	Jackson	United States	US	americas	35.599899	-88.915604	15	America/Chicago	
MKM	Mukah Airport	Mukah	Malaysia	MY	asia	2.881944	112.043333	15	Asia/Kuching	
MKP	Makemo Airport	Makemo	French Polynesia	PF	oceania	-16.583900	-143.658005	15	Pacific/Tahiti	
MKQ	Mopah International Airport	Merauke-Papua Island	Indonesia	ID	asia	-8.523898	140.419693	20	Asia/Jayapura	Merauke
MKR	Meekatharra Airport	Meekatharra	Australia	AU	oceania	-26.611700	118.547997	15	Australia/Perth	
MKU	Makokou Airport	Makokou	Gabon	GA	africa	0.579211	12.890900	15	Africa/Libreville	
MKW	Rendani Airport	Manokwari-Papua Island	Indonesia	ID	asia	-0.891833	134.048996	15	Asia/Jayapura	WASR | Manokwari
MKY	Mackay Airport	Mackay	Australia	AU	oceania	-21.170816	149.182588	15	Australia/Brisbane	
MKZ	Malacca International Airport	Malacca	Malaysia	MY	asia	2.265613	102.252778	20	Asia/Kuala_Lumpur	Batu Berendam
MLA	Malta International Airport	Luqa	Malta	MT	europe	35.845932	14.491546	35	Europe/Malta	Luqa Airport | Valletta | Gudja | RAF Luqa
MLB	Melbourne Orlando International Airport	Melbourne	United States	US	americas	28.102009	-80.641088	20	America/New_York	
MLE	Velana International Airport	Male	Maldives	MV	asia	4.191830	73.529099	35	Indian/Maldives	Malé International Airport | Malé
MLG	Abdul Rachman Saleh Airport	Malang-Java Island	Indonesia	ID	asia	-7.929099	112.714233	15	Asia/Jakarta	WIAS | Malang | Singosari
MLI	Quad City International Airport	Moline	United States	US	americas	41.448502	-90.507500	20	America/Chicago	
MLL	Marshall Don Hunter Sr Airport	Marshall	United States	US	americas	61.864300	-162.026001	5	America/Anchorage	3A5
MLM	General Francisco J. Mujica International Airport	Morelia	Mexico	MX	americas	19.849899	-101.025002	35	America/Mexico_City	
MLN	Melilla Airport	Melilla Island	Spain	ES	europe	35.279800	-2.956260	15	Africa/Casablanca	Melilla
MLO	Milos Airport	Milos Island	Greece	GR	europe	36.696899	24.476900	5	Europe/Athens	
MLU	Monroe Regional Airport	Monroe	United States	US	americas	32.510899	-92.037697	15	America/Chicago	
MLW	Spriggs Payne Airport	Monrovia	Liberia	LR	africa	6.289060	-10.758700	15	Africa/Monrovia	
MLX	Malatya Erhaç Airport	Malatya	Turkey	TR	europe	38.435299	38.091000	15	Europe/Istanbul	
MLY	Manley Hot Springs Airport	Manley Hot Springs	United States	US	americas	64.991880	-150.644102	5	America/Anchorage	
MMB	Memanbetsu Airport	Ozora	Japan	JP	asia	43.880600	144.164001	15	Asia/Tokyo	Ōzora
MMD	Minamidaito Airport	Minamidaito	Japan	JP	asia	25.846500	131.263000	15	Asia/Tokyo	
MME	Teesside International Airport	Durham	United Kingdom	GB	europe	54.509201	-1.429410	20	Europe/London	Durham Tees Valley Airport | RAF Middleton St George | Tees-Side | Darlington
MMG	Mount Magnet Airport	Mount Magnet	Australia	AU	oceania	-28.116100	117.842003	15	Australia/Perth	
MMH	Mammoth Yosemite Airport	Mammoth Lakes	United States	US	americas	37.625381	-118.843060	15	America/Los_Angeles	
MMJ	Shinshu-Matsumoto Airport	Matsumoto	Japan	JP	asia	36.166801	137.923004	15	Asia/Tokyo	
MMK	Emperor Nicholas II Murmansk Airport	Murmansk	Russia	RU	europe	68.781700	32.750801	30	Europe/Moscow	
MMO	Maio Airport	Vila do Maio	Cape Verde	CV	africa	15.155900	-23.213699	15	Atlantic/Cape_Verde	Maio Island
MMX	Malmö Sturup Airport	Malmo	Sweden	SE	europe	55.535564	13.376327	30	Europe/Stockholm	Malmö
MMY	Miyako Airport	Miyako City	Japan	JP	asia	24.782801	125.294998	15	Asia/Tokyo	Miyakojima
MNC	Nacala International Airport	Nacala	Mozambique	MZ	africa	-14.488200	40.712200	20	Africa/Maputo	
MNF	Mana Island Airport	Mana Island	Fiji	FJ	oceania	-17.672844	177.098500	5	Pacific/Fiji	
MNG	Maningrida Airport	Maningrida	Australia	AU	oceania	-12.056100	134.233994	15	Australia/Darwin	
MNI	John A. Osborne Airport	Gerald's Park	Montserrat	MS	americas	16.791835	-62.193204	30	America/Montserrat	Gerald's Airport | Brades
MNJ	Mananjary Airport	Mananjary	Madagascar	MG	africa	-21.201799	48.358299	15	Indian/Antananarivo	
MNL	Ninoy Aquino International Airport	Manila	Philippines	PH	asia	14.508600	121.019997	74	Asia/Manila	Manila International Airport | Jesus Villamor Air Base
MNU	Mawlamyine Airport	Mawlamyine	Myanmar	MM	asia	16.444700	97.660698	5	Asia/Yangon	
MNX	Manicoré Airport	Manicore	Brazil	BR	americas	-5.811380	-61.278301	15	America/Manaus	Manicoré
MNY	Mono Airport	Stirling Island	Solomon Islands	SB	oceania	-7.416940	155.565002	5	Pacific/Guadalcanal	
MOB	Mobile Regional Airport	Mobile	United States	US	americas	30.691200	-88.242798	15	America/Chicago	
MOC	Mário Ribeiro Airport	Montes Claros	Brazil	BR	americas	-16.706919	-43.818901	15	America/Sao_Paulo	Montes Claros Airport
MOF	Frans Xavier Seda Airport	Maumere-Flores Island	Indonesia	ID	asia	-8.639514	122.238135	5	Asia/Makassar	WRKC | Fransiskus Xavierius Seda | Maumere | Wai Oti | Waioti
MOG	Mong Hsat Airport	Mong Hsat	Myanmar	MM	asia	20.516800	99.256798	15	Asia/Yangon	Monghsat Airport
MOI	Mitiaro Island Airport	Mitiaro Island	Cook Islands	CK	oceania	-19.842501	-157.703003	5	Pacific/Rarotonga	Nukuroa Airport
MOJ	Moengo Airstrip	Moengo	Suriname	SR	americas	5.607600	-54.400300	5	America/Paramaribo	
MOL	Molde Airport, Årø	Aro	Norway	NO	europe	62.744701	7.262500	15	Europe/Oslo	Årø
MOQ	Morondava Airport	Morondava	Madagascar	MG	africa	-20.284700	44.317600	15	Indian/Antananarivo	
MOT	Minot International Airport	Minot	United States	US	americas	48.258010	-101.279123	20	America/Chicago	
MOU	Mountain Village Airport	Mountain Village	United States	US	americas	62.095402	-163.682007	5	America/Nome	
MOV	Moranbah Airport	Moranbah	Australia	AU	oceania	-22.057800	148.076996	15	Australia/Brisbane	
MOZ	Moorea Temae Airport	Moorea	French Polynesia	PF	oceania	-17.489790	-149.761777	15	Pacific/Tahiti	Temae Airport | Moorea Temae Airport | Moorea-Maiao
MPA	Katima Mulilo Airport	Mpacha	Namibia	NA	africa	-17.634258	24.176688	15	Africa/Windhoek	FYMP
MPC	Muko Muko Airport	Muko Muko-Sumatra Island	Indonesia	ID	asia	-2.541058	101.087651	5	Asia/Jakarta	WIPU | Mukomuko | Muko-Muko | Muko Muko
MPH	Godofredo P. Ramos Airport	Malay	Philippines	PH	asia	11.924500	121.954002	15	Asia/Manila	Godofredo P. Ramos Airport | Caticlan
MPL	Montpellier-Méditerranée Airport	Montpellier/Mediterranee	France	FR	europe	43.576199	3.963010	30	Europe/Paris	Montpellier/Méditerranée
MPM	Maputo Airport	Maputo	Mozambique	MZ	africa	-25.920799	32.572601	30	Africa/Maputo	
MPN	Mount Pleasant Airport / RAF Mount Pleasant	Mount Pleasant	Falkland Islands	FK	americas	-51.822642	-58.445777	15	Atlantic/Stanley	RAF Mount Pleasant
MPY	Maripasoula Airport	Maripasoula	French Guiana	GF	americas	3.655907	-54.039431	15	America/Cayenne	
MQC	Miquelon Airport	Miquelon	Saint Pierre and Miquelon	PM	americas	47.095501	-56.380299	5	America/Miquelon	
MQF	Magnitogorsk International Airport	Magnitogorsk	Russia	RU	europe	53.391991	58.755235	35	Asia/Yekaterinburg	
MQJ	Moma Airport	Honuu	Russia	RU	europe	66.450861	143.261551	15	Asia/Srednekolymsk	Khonuu
MQL	Mildura Airport	Mildura	Australia	AU	oceania	-34.229198	142.085999	15	Australia/Melbourne	
MQM	Mardin Airport	Mardin	Turkey	TR	europe	37.223301	40.631699	15	Europe/Istanbul	
MQN	Mo i Rana Airport, Røssvoll	Mo i Rana	Norway	NO	europe	66.363899	14.301400	15	Europe/Oslo	
MQP	Kruger Mpumalanga International Airport	Mpumalanga	South Africa	ZA	africa	-25.383327	31.105325	35	Africa/Johannesburg	Mbombela
MQS	Mustique Airport	Mustique Island	Saint Vincent and the Grenadines	VC	americas	12.887900	-61.180199	15	America/St_Vincent	Lovell
MQT	Marquette Sawyer Regional Airport	Marquette	United States	US	americas	46.351498	-87.395884	15	America/Detroit	Gwinn
MQX	Mekele Alula Aba Nega Airport	Mekele	Ethiopia	ET	africa	13.467400	39.533501	15	Africa/Addis_Ababa	
MRA	Misrata International Airport	Misrata	Libya	LY	africa	32.325001	15.061000	5	Africa/Tripoli	Misratah | Misurata
MRE	Mara Serena Lodge Airstrip	Masai Mara	Kenya	KE	africa	-1.404588	35.008349	15	Africa/Nairobi	6100 | Serena
MRI	Merrill Field	Anchorage	United States	US	americas	61.212792	-149.843988	15	America/Anchorage	
MRS	Marseille Provence Airport	Marseille	France	FR	europe	43.438088	5.212500	30	Europe/Paris	Marignane
MRU	Sir Seewoosagur Ramgoolam International Airport	Port Louis	Mauritius	MU	africa	-20.430201	57.683601	35	Indian/Mauritius	Plaisance International Airport | Plaine Magnien
MRV	Mineralnye Vody Airport	Mineralnyye Vody	Russia	RU	europe	44.225101	43.081902	30	Europe/Moscow	
MRX	Mahshahr Airport	Mahshahr	Iran	IR	middle_east	30.556200	49.151901	15	Asia/Tehran	
MRY	Monterey Regional Airport	Monterey	United States	US	americas	36.586777	-121.844183	15	America/Los_Angeles	Monterey Peninsula Airport
MRZ	Moree Airport	Moree	Australia	AU	oceania	-29.498899	149.845001	15	Australia/Sydney	
MSA	Muskrat Dam Airport	Muskrat Dam	Canada	CA	americas	53.441399	-91.762802	5	America/Winnipeg	ZMD
MSJ	Misawa Airport / Misawa Air Base	Misawa	Japan	JP	asia	40.703201	141.367996	15	Asia/Tokyo	
MSL	Northwest Alabama Regional Airport	Muscle Shoals	United States	US	americas	34.745123	-87.612981	15	America/Chicago	
MSN	Dane County Regional Truax Field	Madison	United States	US	americas	43.139900	-89.337502	15	America/Chicago	
MSO	Missoula Montana Airport	Missoula	United States	US	americas	46.915816	-114.091107	15	America/Denver	
MSP	Minneapolis–Saint Paul International Airport / Wold–Chamberlain Field	Minneapolis	United States	US	americas	44.880081	-93.221741	35	America/Chicago	
MSQ	Minsk National Airport	Minsk	Belarus	BY	europe	53.888071	28.039964	30	Europe/Minsk	Minsk 2 Airport
MSR	Muş Airport	Mus	Turkey	TR	europe	38.747799	41.661201	15	Europe/Istanbul	Muş
MSS	Massena International Airport Richards Field	Massena	United States	US	americas	44.936157	-74.844304	20	America/New_York	
MST	Maastricht Aachen Airport	Maastricht	Netherlands	NL	europe	50.911087	5.769401	30	Europe/Amsterdam	
MSU	Moshoeshoe I International Airport	Maseru	Lesotho	LS	africa	-29.456277	27.554456	35	Africa/Maseru	Mazenod
MSY	Louis Armstrong New Orleans International Airport	New Orleans	United States	US	americas	29.993401	-90.264673	35	America/Chicago	
MSZ	Welwitschia Mirabilis International Airport	Namibe	Angola	AO	africa	-15.261200	12.146800	20	Africa/Luanda	Moçâmedes | Yuri Gagarin
MTF	Mizan Teferi Airport	Mizan Teferi	Ethiopia	ET	africa	6.957100	35.554700	5	Africa/Addis_Ababa	
MTJ	Montrose Regional Airport	Montrose	United States	US	americas	38.509800	-107.893997	15	America/Denver	
MTP	Montauk Airport	Montauk	United States	US	americas	41.076500	-71.920797	5	America/New_York	
MTR	Los Garzones Airport	Monteria	Colombia	CO	americas	8.823740	-75.825800	15	America/Bogota	Montería
MTT	Minatitlán/Coatzacoalcos International Airport	Minatitlan	Mexico	MX	americas	18.103399	-94.580704	20	America/Mexico_City	Cosoleacaque
MTY	Monterrey International Airport	Monterrey	Mexico	MX	americas	25.778521	-100.106989	35	America/Monterrey	General Mariano Escobedo | Apodaca
MUA	Munda Airport	Munda	Solomon Islands	SB	oceania	-8.327970	157.263000	15	Pacific/Guadalcanal	
MUB	Maun International Airport	Maun	Botswana	BW	africa	-19.970491	23.431409	35	Africa/Gaborone	
MUC	Munich Airport	Munich	Germany	DE	europe	48.353802	11.786100	83	Europe/Berlin	Franz Josef Strauss Airport | Flughafen München Franz Josef Strauß
MUE	Waimea Kohala Airport	Kamuela	United States	US	americas	20.001301	-155.667999	15	Pacific/Honolulu	Waimea
MUH	Mersa Matruh International Airport	Mersa Matruh	Egypt	EG	africa	31.324313	27.222270	35	Africa/Cairo	Marsa Matruh
MUK	Mauke Airport	Mauke Island	Cook Islands	CK	oceania	-20.136101	-157.345001	5	Pacific/Rarotonga	Akatoka Manava Airport
MUN	José Tadeo Monagas International Airport	Maturin	Venezuela	VE	americas	9.749023	-63.153348	20	America/Caracas	Maturín
MUR	Marudi Airport	Marudi	Malaysia	MY	asia	4.178734	114.330318	15	Asia/Kuching	
MUX	Multan International Airport	Multan	Pakistan	PK	asia	30.203199	71.419098	35	Asia/Karachi	Multan Air Base
MUZ	Musoma Airport	Musoma	Tanzania	TZ	africa	-1.503000	33.802100	5	Africa/Dar_es_Salaam	
MVB	M'Vengue El Hadj Omar Bongo Ondimba International Airport	Franceville	Gabon	GA	africa	-1.656160	13.438000	20	Africa/Libreville	
MVD	Carrasco General Cesáreo L. Berisso International Airport	Montevideo	Uruguay	UY	americas	-34.835647	-56.026497	35	America/Montevideo	Ciudad de la Costa
MVF	Dix-Sept Rosado Airport	Mossoro	Brazil	BR	americas	-5.201920	-37.364300	15	America/Fortaleza	Mossoró Airport | Mossoró
MVP	Fabio Alberto Leon Bentley Airport	Mitu	Colombia	CO	americas	1.253660	-70.233900	15	America/Bogota	Mitú
MVQ	Mogilev Airport	Mogilev	Belarus	BY	europe	53.954899	30.095100	15	Europe/Minsk	
MVR	Salak Airport	Maroua	Cameroon	CM	africa	10.451400	14.257400	15	Africa/Douala	
MVT	Mataiva Airport	Mataiva	French Polynesia	PF	oceania	-14.868100	-148.716995	15	Pacific/Tahiti	
MVY	Martha's Vineyard Airport	Martha's Vineyard	United States	US	americas	41.393101	-70.614304	5	America/New_York	
MWA	Veterans Airport of Southern Illinois	Marion	United States	US	americas	37.751208	-89.016568	15	America/Chicago	Williamson County Regional Airport
MWL	Mineral Wells Regional Airport	Mineral Wells	United States	US	americas	32.781601	-98.060204	15	America/Chicago	CWO | Fort Wolters AAF.
MWQ	Magway Airport	Magway	Myanmar	MM	asia	20.165600	94.941399	5	Asia/Yangon	
MWX	Muan International Airport	Gwangju	South Korea	KR	asia	34.991406	126.382814	35	Asia/Seoul	Mokpo | Muan | MWX | RKJB
MWZ	Mwanza International Airport	Mwanza	Tanzania	TZ	africa	-2.446563	32.936049	35	Africa/Dar_es_Salaam	
MXH	Moro Airport	Moro	Papua New Guinea	PG	oceania	-6.363330	143.238007	5	Pacific/Port_Moresby	
MXL	General Rodolfo Sánchez Taboada International Airport	Mexicali	Mexico	MX	americas	32.630629	-115.242805	20	America/Tijuana	Mexicali Airport
MXP	Milan Malpensa International Airport	Milan	Italy	IT	europe	45.630600	8.728110	72	Europe/Rome	MIL | Silvio Berlusconi | Ferno
MXV	Mörön Airport	Moron	Mongolia	MN	asia	49.663677	100.100028	15	Asia/Ulaanbaatar	Muren | Murun | Mörön
MXX	Mora Airport	Mora	Sweden	SE	europe	60.957901	14.511400	15	Europe/Stockholm	
MXZ	Meizhou Meixian Changgangji International Airport	Meixian	China	CN	asia	24.263425	116.097857	5	Asia/Shanghai	Meizhou
MYA	Moruya Airport	Moruya	Australia	AU	oceania	-35.897800	150.143997	15	Australia/Sydney	RAAF Moruya
MYD	Malindi International Airport	Malindi	Kenya	KE	africa	-3.229310	40.101700	20	Africa/Nairobi	
MYE	Miyakejima Airport	Miyakejima	Japan	JP	asia	34.073601	139.559998	15	Asia/Tokyo	
MYG	Mayaguana Airport	Mayaguana	Bahamas	BS	americas	22.379499	-73.013494	15	America/Nassau	Abraham Bay Settlement
MYI	Murray Island Airport	Murray Island	Australia	AU	oceania	-9.915105	144.054644	5	Australia/Brisbane	Mer Island | Maer Island
MYJ	Matsuyama Airport	Matsuyama	Japan	JP	asia	33.826893	132.700114	30	Asia/Tokyo	
MYL	McCall Municipal Airport	Mc Call	United States	US	americas	44.888837	-116.101112	15	America/Boise	McCall
MYP	Mary International Airport	Mary	Turkmenistan	TM	asia	37.623530	61.895668	20	Asia/Ashgabat	
MYQ	Mysore Airport	Mysore	India	IN	asia	12.229751	76.653683	15	Asia/Kolkata	Mysuru | Mandakalli airport
MYR	Myrtle Beach International Airport	Myrtle Beach	United States	US	americas	33.679699	-78.928299	35	America/New_York	
MYT	Myitkyina Airport	Myitkyina	Myanmar	MM	asia	25.383600	97.351898	15	Asia/Yangon	
MYU	Mekoryuk Airport	Mekoryuk	United States	US	americas	60.372338	-166.269751	15	America/Nome	
MYW	Mtwara Airport	Mtwara	Tanzania	TZ	africa	-10.336204	40.181997	15	Africa/Dar_es_Salaam	
MYY	Miri Airport	Miri	Malaysia	MY	asia	4.322010	113.987000	15	Asia/Kuching	
MZG	Penghu Magong Airport	Makung City	Taiwan	TW	asia	23.568701	119.627998	30	Asia/Taipei	Magong | Makung | Huxi
MZH	Amasya Merzifon Airport	Amasya	Turkey	TR	europe	40.829399	35.521999	15	Europe/Istanbul	
MZI	Mopti Airport	Mopti	Mali	ML	africa	14.512800	-4.079560	15	Africa/Bamako	Barbe Airport | Ambodédjo Airport | Sévaré
MZL	La Nubia Airport	Manizales	Colombia	CO	americas	5.029600	-75.464700	15	America/Bogota	
MZO	Sierra Maestra International Airport	Manzanillo	Cuba	CU	americas	20.288605	-77.087545	20	America/Havana	
MZQ	Mkuze Airport	Mkuze	South Africa	ZA	africa	-27.626101	32.044300	15	Africa/Johannesburg	Mkuzi Airport | eMkhuze | uMkhuze | Mkhuze
MZR	Mazar-i-Sharif International Airport	Mazar-i-Sharif	Afghanistan	AF	asia	36.704120	67.210459	35	Asia/Kabul	Mazari Sharif
MZT	General Rafael Buelna International Airport	Mazatlan	Mexico	MX	americas	23.162823	-106.264517	35	America/Mazatlan	Mazatlàn
MZV	Mulu Airport	Mulu	Malaysia	MY	asia	4.048330	114.805000	15	Asia/Kuching	
MZW	Mecheria Airport	Mecheria	Algeria	DZ	africa	33.535900	-0.242353	15	Africa/Algiers	
NAA	Narrabri Airport	Narrabri	Australia	AU	oceania	-30.319201	149.826996	15	Australia/Sydney	
NAG	Dr. Babasaheb Ambedkar International Airport	Naqpur	India	IN	asia	21.092199	79.047203	35	Asia/Kolkata	Sonegaon Airport | Sonegaon Air Force Station | Nagpur
NAH	Naha Airport	Tahuna-Sangihe Island	Indonesia	ID	asia	3.684780	125.527162	15	Asia/Makassar	Tahuna | Tabukan Utara
NAJ	Nakhchivan International Airport	Nakhchivan	Azerbaijan	AZ	asia	39.188801	45.458401	35	Asia/Baku	Nakhichevan Airport | UB15
NAL	Nalchik Airport	Nalchik	Russia	RU	europe	43.512901	43.636600	15	Europe/Moscow	
NAM	Namniwel Airport	Namlea-Buru Island	Indonesia	ID	asia	-3.143159	126.976469	15	Asia/Jayapura	Namniwel
NAN	Nadi International Airport	Nadi	Fiji	FJ	oceania	-17.761822	177.437843	35	Pacific/Fiji	
NAO	Nanchong Gaoping Airport	Nanchong	China	CN	asia	30.798104	106.164150	5	Asia/Shanghai	
NAP	Naples International Airport	Napoli	Italy	IT	europe	40.886002	14.290800	35	Europe/Rome	Capodichino Airport
NAQ	Qaanaaq Airport	Qaanaaq	Greenland	GL	americas	77.488602	-69.388702	15	America/Thule	Mittarfik Qaanaaq | Thule
NAS	Lynden Pindling International Airport	Nassau	Bahamas	BS	americas	25.039000	-77.466202	35	America/Nassau	Windsor Field | Nassau International Airport
NAT	Rio Grande do Norte/São Gonçalo do Amarante–Governador Aluízio Alves International Airport	Sao Goncalo Do Amarante	Brazil	BR	americas	-5.769822	-35.366610	35	America/Fortaleza	Greater Natal International Airport | Augusto Severo International Airport | Natal
NAU	Napuka Island Airport	Napuka Island	French Polynesia	PF	oceania	-14.177397	-141.266112	5	Pacific/Tahiti	
NAV	Nevşehir Kapadokya Airport	Nevsehir	Turkey	TR	europe	38.771900	34.534500	30	Europe/Istanbul	Nevşehir
NAW	Narathiwat Airport	Narathiwat	Thailand	TH	asia	6.519920	101.742996	15	Asia/Bangkok	
NBC	Begishevo Airport	Nizhnekamsk	Russia	RU	europe	55.564701	52.092499	15	Europe/Moscow	
NBE	Enfidha - Hammamet International Airport	Enfidha	Tunisia	TN	africa	36.075833	10.438611	20	Africa/Tunis	DTNH
NBJ	Dr. Antonio Agostinho Neto International Airport	Luanda	Angola	AO	africa	-9.050734	13.499078	35	Africa/Luanda	Novo Aeroporto Internacional de Luanda
NBN	Annobón Airport	San Antonio de Palé	Equatorial Guinea	GQ	africa	-1.408615	5.624163	5	Africa/Malabo	FG01 | FGAB ?
NBO	Jomo Kenyatta International Airport	Nairobi	Kenya	KE	africa	-1.318886	36.928233	60	Africa/Nairobi	Jkia Airport | Embakasi Airport | Nairobi International Airport
NBS	Changbaishan Airport	Baishan	China	CN	asia	42.066944	127.602222	15	Asia/Shanghai	
NCA	North Caicos Airport	North Caicos	Turks and Caicos Islands	TC	americas	21.916094	-71.942954	15	America/Grand_Turk	
NCE	Nice-Côte d'Azur Airport	Nice	France	FR	europe	43.658401	7.215870	61	Europe/Paris	
NCL	Newcastle International Airport	Newcastle	United Kingdom	GB	europe	55.037958	-1.689577	35	Europe/London	Newcastle upon Tyne
NCN	Chenega Bay Airport	Chenega	United States	US	americas	60.077602	-147.994680	5	America/Anchorage	
NCU	Nukus International Airport	Nukus	Uzbekistan	UZ	asia	42.488400	59.623299	35	Asia/Samarkand	Nokis | UTNN
NCY	Annecy Meythet airport	Annecy/Meythet	France	FR	europe	45.928947	6.098700	15	Europe/Paris	Annecy-Meythet | Annecy
NDB	Nouadhibou International Airport	Nouadhibou	Mauritania	MR	africa	20.932404	-17.030199	35	Africa/El_Aaiun	
NDC	Nanded Airport	Nanded	India	IN	asia	19.183300	77.316704	15	Asia/Kolkata	
NDG	Qiqihar Sanjiazi Airport	Qiqihar	China	CN	asia	47.229969	123.914179	30	Asia/Shanghai	
NDJ	N'Djamena International Airport	N'Djamena	Chad	TD	africa	12.133700	15.034000	35	Africa/Ndjamena	Ndjamena Hassan Djamous
NDR	Nador Al Aaroui International Airport	Nador	Morocco	MA	africa	34.988800	-3.028210	35	Africa/Casablanca	Al Aroui International Airport | Arwi | Al Aaroui
NDU	Rundu Airport	Rundu	Namibia	NA	africa	-17.956499	19.719400	15	Africa/Windhoek	
NDY	Sanday Airport	Sanday	United Kingdom	GB	europe	59.250301	-2.576670	5	Europe/London	
NEC	Necochea Airport	Necochea	Argentina	AR	americas	-38.490746	-58.816337	15	America/Argentina/Buenos_Aires	
NER	Chulman Airport	Chulman	Russia	RU	europe	56.913898	124.914001	15	Asia/Yakutsk	Neryungri Airport | CNN | Neryungri
NEV	Vance W. Amory International Airport	Charlestown	Saint Kitts and Nevis	KN	americas	17.205700	-62.589901	20	America/St_Kitts	Nevis | Bambooshay Airport | Newcastle Airport
NGB	Ningbo Lishe International Airport	Ningbo	China	CN	asia	29.826700	121.461998	35	Asia/Shanghai	
NGE	N'Gaoundéré Airport	N'Gaoundere	Cameroon	CM	africa	7.357010	13.559200	15	Africa/Douala	Ngaoundere | N'Gaoundéré
NGI	Ngau Airport	Ngau	Fiji	FJ	oceania	-18.115601	179.339996	5	Pacific/Fiji	
NGO	Chubu Centrair International Airport	Tokoname	Japan	JP	asia	34.858398	136.804993	35	Asia/Tokyo	
NGQ	Ngari Gunsa Airport	Shiquanhe	China	CN	asia	32.097940	80.053971	15	Asia/Shanghai	Ali Airport
NGS	Nagasaki Airport	Nagasaki	Japan	JP	asia	32.916901	129.914001	30	Asia/Tokyo	
NHV	Nuku Hiva Airport	Taiohae	French Polynesia	PF	oceania	-8.795600	-140.229004	15	Pacific/Marquesas	Nuku Hiva
NIB	Nikolai Airport	Nikolai	United States	US	americas	63.017949	-154.360399	5	America/Anchorage	5NI
NIM	Diori Hamani International Airport	Niamey	Niger	NE	africa	13.481500	2.183610	35	Africa/Niamey	
NJC	Nizhnevartovsk Airport	Nizhnevartovsk	Russia	RU	europe	60.949299	76.483597	30	Asia/Yekaterinburg	
NJF	Al Najaf International Airport	Najaf	Iraq	IQ	middle_east	31.991116	44.405019	35	Asia/Baghdad	
NKC	Nouakchott–Oumtounsy International Airport	Nouakchott	Mauritania	MR	africa	18.310000	-15.969722	35	Africa/Nouakchott	Oumtounsy
NKG	Nanjing Lukou International Airport	Nanjing	China	CN	asia	31.735032	118.865949	35	Asia/Shanghai	
NKM	Nagoya Airport / JASDF Komaki Air Base	Nagoya	Japan	JP	asia	35.255759	136.924095	15	Asia/Tokyo	Komaki Airport | Nagoya Airfield | Prefectural Nagoya Airport
NKT	Şırnak Şerafettin Elçi Airport	Şırnak	Turkey	TR	europe	37.364700	42.058200	15	Europe/Istanbul	
NLA	Simon Mwansa Kapwepwe International Airport	Ndola	Zambia	ZM	africa	-12.965130	28.515624	35	Africa/Lusaka	
NLD	Quetzalcóatl International Airport	Nuevo Laredo	Mexico	MX	americas	27.443899	-99.570503	20	America/Matamoros	
NLF	Darnley Island Airport	Darnley Island	Australia	AU	oceania	-9.579176	143.780276	5	Australia/Brisbane	
NLG	Nelson Lagoon Airport	Nelson Lagoon	United States	US	americas	56.007500	-161.160004	5	America/Anchorage	Z73
NLH	Ninglang Luguhu Airport	Ninglang	China	CN	asia	27.540300	100.759300	15	Asia/Shanghai	
NLI	Nikolayevsk-na-Amure Airport	Nikolayevsk-na-Amure Airport	Russia	RU	europe	53.154999	140.649994	15	Asia/Vladivostok	Nikolaevsk-na-Amure Airport | Nikolayevsk-on-Amur Airport
NLK	Norfolk Island International Airport	Burnt Pine	Norfolk Island	NF	oceania	-29.041759	167.939474	20	Pacific/Norfolk	
NLT	Xinyuan Nalati Airport	Xinyuan	China	CN	asia	43.431800	83.378600	15	Asia/Shanghai	
NLU	Felipe Ángeles International Airport	Santa Lucia	Mexico	MX	americas	19.743824	-99.015070	35	America/Mexico_City	Santa Lucia AFB | Mexico City Santa Lucía Airport | Zumpango | Mexico City
NMA	Namangan International Airport	Namangan	Uzbekistan	UZ	asia	40.984622	71.557800	35	Asia/Tashkent	UTFN | UTKN
NME	Nightmute Airport	Nightmute	United States	US	americas	60.469129	-164.704070	5	America/Nome	AK08
NMF	Maafaru International Airport	Maafaru	Maldives	MV	asia	5.817407	73.468404	20	Indian/Maldives	Noonu Atoll
NMI	Navi Mumbai International Airport	Navi Mumbai	India	IN	asia	18.984597	73.065253	35	Asia/Kolkata	D. B. Patil | new airport
NNB	Santa Ana Airport	Santa Ana Island	Solomon Islands	SB	oceania	-10.847994	162.454108	5	Pacific/Guadalcanal	
NNG	Nanning Wuxu International Airport	Nanning	China	CN	asia	22.598071	108.181922	35	Asia/Shanghai	Nanning Wuxu Air Base
NNM	Naryan Mar Airport	Naryan Mar	Russia	RU	europe	67.639999	53.121899	15	Europe/Moscow	
NNR	Connemara Regional Airport	Inverin	Ireland	IE	europe	53.230301	-9.467780	5	Europe/Dublin	Aerfort na Minna | Indreabhán
NNT	Nan Airport	Nan	Thailand	TH	asia	18.807899	100.782997	15	Asia/Bangkok	
NNY	Nanyang Jiangying Airport	Nanyang	China	CN	asia	32.982696	112.617467	5	Asia/Shanghai	
NOB	Nosara Airport	Nicoya	Costa Rica	CR	americas	9.976490	-85.653000	15	America/Costa_Rica	
NOC	Ireland West Airport Knock	Charleston	Ireland	IE	europe	53.910439	-8.817002	30	Europe/Dublin	Connaught | Horan International Airport | Charlestown
NOD	Norden-Norddeich Airport	Norddeich	Germany	DE	europe	53.633057	7.190278	5	Europe/Berlin	
NOJ	Noyabrsk Airport	Noyabrsk	Russia	RU	europe	63.183300	75.269997	15	Asia/Yekaterinburg	
NOP	Sinop Airport	Sinop	Turkey	TR	europe	42.018313	35.071774	15	Europe/Istanbul	SIC
NOS	Nosy Be International Airport	Nosy Be	Madagascar	MG	africa	-13.312100	48.314800	35	Indian/Antananarivo	Fascene Airport
NOU	La Tontouta International Airport	Noumea	New Caledonia	NC	oceania	-22.014601	166.212997	35	Pacific/Noumea	Aéroport de Nouméa - La Tontouta | Nouméa
NOV	Albano Machado Airport	Huambo	Angola	AO	africa	-12.808900	15.760500	15	Africa/Luanda	Nova Lisboa Airport
NOZ	Spichenkovo Airport	Novokuznetsk	Russia	RU	europe	53.811401	86.877197	15	Asia/Novokuznetsk	
NPE	Hawke's Bay Airport	Napier	New Zealand	NZ	oceania	-39.465801	176.869995	15	Pacific/Auckland	
NPL	New Plymouth Airport	New Plymouth	New Zealand	NZ	oceania	-39.008598	174.179001	15	Pacific/Auckland	
NPO	Nanga Pinoh Airport	Nanga Pinoh-Borneo Island	Indonesia	ID	asia	-0.348640	111.746155	15	Asia/Pontianak	Nangapinoh
NPT	Newport State Airport	Newport	United States	US	americas	41.532207	-71.281039	15	America/New_York	2B4
NQN	Presidente Perón International Airport	Neuquen	Argentina	AR	americas	-38.949001	-68.155701	35	America/Argentina/Salta	Neuquén
NQU	Reyes Murillo Airport	Nuqui	Colombia	CO	americas	5.710348	-77.261868	5	America/Bogota	Nuquí
NQY	Cornwall Airport Newquay	Newquay	United Kingdom	GB	europe	50.440601	-4.995410	15	Europe/London	St Mawgan | EGDG
NQZ	Nursultan Nazarbayev International Airport	Astana	Kazakhstan	KZ	asia	51.027035	71.467094	35	Asia/Almaty	TSE | Astana Airport
NRA	Narrandera Airport	Narrandera	Australia	AU	oceania	-34.702202	146.511993	15	Australia/Sydney	
NRD	Norderney Airport	Norderney	Germany	DE	europe	53.706944	7.230000	5	Europe/Berlin	
NRK	Norrköping Airport	Norrkoping	Sweden	SE	europe	58.586300	16.250601	15	Europe/Stockholm	Kungsangen | Norrköping
NRL	North Ronaldsay Airport	North Ronaldsay	United Kingdom	GB	europe	59.367500	-2.434440	5	Europe/London	
NRN	Weeze (Niederrhein) Airport	Weeze	Germany	DE	europe	51.601362	6.141228	30	Europe/Amsterdam	LRC | ETUL | Niederrhein Airport | RAF Laarbruch | Düsseldorf Regional
NRR	José Aponte de la Torre Airport	Ceiba	Puerto Rico	PR	americas	18.247262	-65.639790	15	America/Puerto_Rico	Ceiba International Airport | NAS Roosevelt Roads | NRR | TJNR
NRT	Narita International Airport	Tokyo	Japan	JP	asia	35.768580	140.388714	86	Asia/Tokyo	TYO | Tokyo Narita Airport | New Tokyo International Airport | Narita
NSH	Nowshahr Airport	Nowshahr	Iran	IR	middle_east	36.664286	51.462730	15	Asia/Tehran	Noshahr
NSI	Yaoundé Nsimalen International Airport	Yaounde	Cameroon	CM	africa	3.722560	11.553300	35	Africa/Douala	Yaoundé
NSK	Alykel International Airport	Norilsk	Russia	RU	europe	69.307951	87.325906	35	Asia/Krasnoyarsk	
NSN	Nelson Airport	Nelson	New Zealand	NZ	oceania	-41.296709	173.224323	15	Pacific/Auckland	
NST	Nakhon Si Thammarat Airport	Nakhon Si Thammarat	Thailand	TH	asia	8.539620	99.944702	15	Asia/Bangkok	
NTE	Nantes Atlantique Airport	Nantes	France	FR	europe	47.153198	-1.610730	30	Europe/Paris	
NTG	Nantong Xingdong International Airport	Nantong	China	CN	asia	32.073566	120.980076	20	Asia/Shanghai	
NTL	Newcastle Airport	Williamtown	Australia	AU	oceania	-32.796114	151.835025	30	Australia/Sydney	RAAF Base Williamtown | Williamtown Airport
NTN	Normanton Airport	Normanton	Australia	AU	oceania	-17.684090	141.069664	15	Australia/Brisbane	
NTQ	Noto Satoyama Airport	Wajima	Japan	JP	asia	37.293098	136.962006	15	Asia/Tokyo	Noto
NTT	Kuini Lavenia Airport	Niuatoputapu	Tonga	TO	oceania	-15.977297	-173.791089	5	Pacific/Tongatapu	
NTX	Ranai Airport	Ranai-Natuna Besar Island	Indonesia	ID	asia	3.908710	108.388000	15	Asia/Jakarta	WION | Natuna | Natuna-Ranai | Raden Sadjad
NUE	Nuremberg Airport	Nuremberg	Germany	DE	europe	49.498699	11.078056	30	Europe/Berlin	Nürnberg
NUI	Nuiqsut Airport	Nuiqsut	United States	US	americas	70.209999	-151.005998	15	America/Anchorage	10AK
NUL	Nulato Airport	Nulato	United States	US	americas	64.729301	-158.074005	5	America/Anchorage	
NUM	Neom Bay Airport	Neom	Saudi Arabia	SA	middle_east	27.924261	35.293580	30	Asia/Riyadh	Neom Bay | Sharma
NUS	Norsup Airport	Norsup	Vanuatu	VU	oceania	-16.079700	167.401001	5	Pacific/Efate	
NUX	Novy Urengoy Airport	Novy Urengoy	Russia	RU	europe	66.069397	76.520302	15	Asia/Yekaterinburg	
NVA	Benito Salas Airport	Neiva	Colombia	CO	americas	2.950150	-75.294000	15	America/Bogota	La Manguita
NVI	Navoi International Airport	Navoi	Uzbekistan	UZ	asia	40.117599	65.172658	20	Asia/Samarkand	UTSA
NVT	Ministro Victor Konder International Airport	Navegantes	Brazil	BR	americas	-26.879431	-48.650979	35	America/Sao_Paulo	
NWI	Norwich Airport	Norwich	United Kingdom	GB	europe	52.675800	1.282780	15	Europe/London	RAF Horsham St Faith
NYA	Nyagan Airport	Nyagan	Russia	RU	europe	62.110001	65.614998	15	Asia/Yekaterinburg	
NYI	Sunyani Airport	Sunyani	Ghana	GH	africa	7.361830	-2.328760	15	Africa/Accra	Bono Airport
NYK	Nanyuki Civil Airport	Nanyuki	Kenya	KE	africa	-0.062352	37.041296	15	Africa/Nairobi	Gathiuru
NYM	Nadym Airport	Nadym	Russia	RU	europe	65.480904	72.698898	15	Asia/Yekaterinburg	
NYO	Stockholm Skavsta Airport	Stockholm / Nykoping	Sweden	SE	europe	58.789656	16.911479	30	Europe/Stockholm	Nyköping
NYT	Nay Pyi Taw International Airport	Pyinmana	Myanmar	MM	asia	19.623501	96.200996	35	Asia/Yangon	VYEL | Ela | Nay Pyi Taw International | Naypyitaw
NYU	Bagan Airport	Nyaung U	Myanmar	MM	asia	21.178801	94.930199	5	Asia/Yangon	
NZC	Maria Reiche Neuman Airport	Nazca	Peru	PE	americas	-14.854000	-74.961502	15	America/Lima	
NZH	Manzhouli Xijiao Airport	Manzhouli	China	CN	asia	49.566667	117.330000	15	Asia/Shanghai	
NZL	Zhalantun Genghis Khan Airport	Zalantun	China	CN	asia	47.865942	122.768662	15	Asia/Shanghai	Chengjisihan | Zhalantun
OAJ	Albert J Ellis Airport	Jacksonville	United States	US	americas	34.829201	-77.612099	15	America/New_York	Richlands
OAK	Oakland San Francisco Bay Airport	Oakland	United States	US	americas	37.720085	-122.221184	30	America/Los_Angeles	Metro Oakland International
OAL	Cacoal Airport	Cacoal	Brazil	BR	americas	-11.496000	-61.450800	5	America/Porto_Velho	
OAX	Xoxocotlán International Airport	Oaxaca	Mexico	MX	americas	16.998773	-96.726092	35	America/Mexico_City	Aeropuerto Internacional Xoxocotlán | Oaxaca International Airport
OBN	Oban Airport	North Connel	United Kingdom	GB	europe	56.463501	-5.399670	5	Europe/London	
OBO	Tokachi-Obihiro Airport	Obihiro	Japan	JP	asia	42.733299	143.216995	15	Asia/Tokyo	
OBU	Kobuk Airport	Kobuk	United States	US	americas	66.912300	-156.897003	5	America/Anchorage	
OCC	Francisco De Orellana Airport	Coca	Ecuador	EC	americas	-0.462886	-76.986801	15	America/Guayaquil	
OCE	Ocean City Municipal Airport	Ocean City	United States	US	americas	38.310398	-75.124001	15	America/New_York	
OCJ	Ian Fleming International Airport	Ocho Rios	Jamaica	JM	americas	18.404079	-76.969754	20	America/Jamaica	Boscobel Aerodrome | Boscobel
OCS	Corisco International Airport	Corisco Island	Equatorial Guinea	GQ	africa	0.910937	9.330270	35	Africa/Malabo	
ODB	Córdoba Airport	Cordoba	Spain	ES	europe	37.841999	-4.848880	15	Europe/Madrid	Córdoba
ODE	Odense Hans Christian Andersen Airport	Odense	Denmark	DK	europe	55.475307	10.327206	30	Europe/Copenhagen	Beldringe
ODN	Long Seridan Airport	Long Seridan	Malaysia	MY	asia	3.976087	115.067303	5	Asia/Kuching	
ODO	Bodaybo Airport	Bodaybo	Russia	RU	europe	57.866100	114.242996	5	Asia/Irkutsk	Bodaibo Airport
ODY	Oudomsay Airport	Oudomsay	Laos	LA	asia	20.682699	101.994003	5	Asia/Vientiane	
OEC	Oecusse Route of the Sandalwood International Airport	Oecussi-Ambeno	Timor-Leste	TL	asia	-9.198419	124.337873	35	Asia/Dili	Oe-Kusi Ambenu | Ocussi | Oekussi | Oekusi | Okusi | Oé-Cusse
OER	Örnsköldsvik Airport	Ornskoldsvik	Sweden	SE	europe	63.408298	18.990000	15	Europe/Stockholm	Örnsköldsvik
OES	Antoine de Saint Exupéry Airport	San Antonio Oeste	Argentina	AR	americas	-40.751200	-65.034300	5	America/Argentina/Salta	
OFU	Ofu Airport	Ofu Village	American Samoa	AS	oceania	-14.184400	-169.669998	5	Pacific/Pago_Pago	Ofu
OGD	Ogden Hinckley Airport	Ogden	United States	US	americas	41.195900	-112.012001	15	America/Denver	
OGG	Kahului International Airport	Kahului	United States	US	americas	20.896263	-156.431837	35	Pacific/Honolulu	
OGL	Eugene F. Correia International Airport	Ogle	Guyana	GY	americas	6.805881	-58.107657	20	America/Guyana	SYGO
OGN	Yonaguni Airport	Yonaguni	Japan	JP	asia	24.467298	122.979827	15	Asia/Tokyo	
OGS	Ogdensburg International Airport	Ogdensburg	United States	US	americas	44.681900	-75.465500	20	America/New_York	
OGU	Ordu–Giresun Airport	Ordu	Turkey	TR	europe	40.966872	38.085995	15	Europe/Istanbul	
OGX	Ain Beida Airport	Ouargla	Algeria	DZ	africa	31.917200	5.412780	15	Africa/Algiers	Ain el Beida | Sedrata Airfield
OGZ	Vladikavkaz Beslan International Airport	Beslan	Russia	RU	europe	43.205101	44.606602	20	Europe/Moscow	Beslan Airport
OHD	Ohrid St. Paul the Apostle Airport	Ohrid	North Macedonia	MK	europe	41.180000	20.742300	30	Europe/Skopje	
OHE	Mohe Gulian Airport	Mohe	China	CN	asia	52.916871	122.422759	15	Asia/Shanghai	
OHO	Okhotsk Airport	Okhotsk	Russia	RU	europe	59.410065	143.056503	15	Asia/Vladivostok	
OHS	Suhar International Airport	Sohar	Oman	OM	middle_east	24.386040	56.625410	35	Asia/Muscat	Majis | Sohar Airport | Suhar
OIM	Oshima Airport	Izu Oshima	Japan	JP	asia	34.782001	139.360001	15	Asia/Tokyo	
OIR	Okushiri Airport	Okushiri	Japan	JP	asia	42.071701	139.432999	15	Asia/Tokyo	Okushiri Island
OIT	Oita Airport	Oita	Japan	JP	asia	33.479401	131.737000	15	Asia/Tokyo	
OKA	Naha International Airport	Naha	Japan	JP	asia	26.192437	127.639804	35	Asia/Tokyo	Naha Kūkō? | AHA | Naha AFB
OKC	OKC Will Rogers World Airport	Oklahoma City	United States	US	americas	35.393388	-97.598248	30	America/Chicago	
OKD	Sapporo Okadama Airport	Sapporo	Japan	JP	asia	43.117447	141.381340	15	Asia/Tokyo	RJCO | OKD | Okadama
OKE	Okinoerabu Airport	Wadomari	Japan	JP	asia	27.431604	128.705564	15	Asia/Tokyo	Okierabu
OKI	Oki Global Geopark Airport	Okinoshima	Japan	JP	asia	36.178388	133.323566	15	Asia/Tokyo	oki | geopark | global | sekai
OKJ	Okayama Momotaro Airport	Okayama City	Japan	JP	asia	34.756901	133.854996	30	Asia/Tokyo	okayama | Okayama
OKL	Oksibil Airport	Oksibil-Papua Island	Indonesia	ID	asia	-4.907100	140.627700	15	Asia/Jayapura	Gunung Bintang | Oksibil
OKR	Yorke Island Airport	Yorke Island	Australia	AU	oceania	-9.752801	143.405673	5	Australia/Brisbane	Masig Island
OKY	Oakey Army Aviation Centre	Oakey	Australia	AU	oceania	-27.409262	151.736727	15	Australia/Brisbane	Swartz Barracks
OLA	Ørland Airport	Orland	Norway	NO	europe	63.698898	9.604000	15	Europe/Oslo	Ørland
OLB	Olbia Costa Smeralda Airport	Olbia	Italy	IT	europe	40.898953	9.518457	30	Europe/Rome	
OLF	L M Clayton Airport	Wolf Point	United States	US	americas	48.094501	-105.574997	15	America/Denver	
OLJ	North West Santo Airport	Olpoi	Vanuatu	VU	oceania	-14.881700	166.557999	5	Pacific/Efate	Lajmoli Airport | Olpoi Airport
OLM	Olympia Regional Airport	Olympia	United States	US	americas	46.969399	-122.903000	15	America/Los_Angeles	
OLP	Olympic Dam Airport	Olympic Dam	Australia	AU	oceania	-30.483861	136.876699	5	Australia/Adelaide	
OLZ	Olyokminsk Airport	Olyokminsk	Russia	RU	europe	60.401833	120.476094	15	Asia/Yakutsk	Olekminsk Airport
OMA	Eppley Airfield	Omaha	United States	US	americas	41.303200	-95.894096	30	America/Chicago	
OMD	Oranjemund Airport	Oranjemund	Namibia	NA	africa	-28.585318	16.446380	15	Africa/Johannesburg	
OME	Nome Airport	Nome	United States	US	americas	64.512199	-165.445007	15	America/Nome	
OMH	Urmia Airport	Urmia	Iran	IR	middle_east	37.668098	45.068699	15	Asia/Tehran	
OMN	Zomin Airport	Lyaylyakul	Uzbekistan	UZ	asia	40.014020	68.411030	15	Asia/Tashkent	UTTZ | Zaamin | Zomin
OMO	Mostar International Airport	Mostar	Bosnia and Herzegovina	BA	europe	43.282489	17.846101	35	Europe/Sarajevo	
OMR	Oradea International Airport	Oradea	Romania	RO	europe	47.025299	21.902500	35	Europe/Bucharest	
OMS	Omsk Central Airport	Omsk	Russia	RU	europe	54.963124	73.312418	30	Asia/Omsk	Omsk Tsentralny Airport
OND	Ondangwa Airport	Ondangwa	Namibia	NA	africa	-17.878201	15.952600	15	Africa/Windhoek	
ONG	Mornington Island Airport	Gununa	Australia	AU	oceania	-16.662500	139.177994	5	Australia/Brisbane	
ONJ	Odate Noshiro Airport	Odate	Japan	JP	asia	40.191898	140.371002	15	Asia/Tokyo	Kitaakita
ONQ	Zonguldak Çaycuma Airport	Zonguldak	Turkey	TR	europe	41.506401	32.088600	15	Europe/Istanbul	
ONT	Ontario International Airport	Ontario	United States	US	americas	34.056000	-117.600998	35	America/Los_Angeles	
ONX	Enrique Adolfo Jimenez Airport	Colon	Panama	PA	americas	9.356640	-79.867401	15	America/Panama	Colón
OOK	Toksook Bay Airport	Toksook Bay	United States	US	americas	60.541401	-165.087006	5	America/Nome	
OOL	Gold Coast Airport	Gold Coast	Australia	AU	oceania	-28.165962	153.506641	30	Australia/Brisbane	
OOM	Cooma Snowy Mountains Airport	Cooma	Australia	AU	oceania	-36.300445	148.972408	15	Australia/Sydney	
OPF	Miami-Opa Locka Executive Airport	Miami	United States	US	americas	25.907000	-80.278397	15	America/New_York	
OPO	Francisco de Sá Carneiro Airport	Porto	Portugal	PT	europe	41.248100	-8.681390	30	Europe/Lisbon	
OPP	Salinópolis Airport	Salinopolis	Brazil	BR	americas	-0.696111	-47.336111	5	America/Belem	Salinópolis
OPS	Presidente João Batista Figueiredo Airport	Sinop	Brazil	BR	americas	-11.885001	-55.586109	5	America/Cuiaba	SWSI
OPU	Balimo Airport	Balimo	Papua New Guinea	PG	oceania	-8.050000	142.932999	15	Pacific/Port_Moresby	
ORB	Örebro Airport	Orebro	Sweden	SE	europe	59.223701	15.038000	15	Europe/Stockholm	Örebro
ORD	Chicago O'Hare International Airport	Chicago	United States	US	americas	41.978600	-87.904800	91	America/Chicago	CHI | Orchard Place
ORF	Norfolk International Airport	Norfolk	United States	US	americas	36.895341	-76.201000	35	America/New_York	
ORG	Zorg en Hoop Airport	Paramaribo	Suriname	SR	americas	5.811211	-55.192299	5	America/Paramaribo	
ORH	Worcester Regional Airport	Worcester	United States	US	americas	42.267300	-71.875702	15	America/New_York	
ORK	Cork International Airport	Cork	Ireland	IE	europe	51.841301	-8.491110	35	Europe/Dublin	Aerfort Chorcaí
ORN	Oran Es-Sénia (Ahmed Ben Bella) International Airport	Oran	Algeria	DZ	africa	35.620648	-0.622486	35	Africa/Algiers	Es Senia | Es-Sénia
ORT	Northway Airport	Northway	United States	US	americas	62.961300	-141.929001	15	America/Anchorage	
ORU	Juan Mendoza International Airport	Oruro	Bolivia	BO	americas	-17.956151	-67.075829	35	America/La_Paz	
ORV	Robert (Bob) Curtis Memorial Airport	Noorvik	United States	US	americas	66.817902	-161.018997	5	America/Anchorage	
ORY	Paris-Orly Airport	Paris	France	FR	europe	48.729499	2.358963	72	Europe/Paris	
ORZ	H.E Alfredo Martinez (Tower Hill) Airstrip	Orange Walk	Belize	BZ	americas	18.046767	-88.583858	5	America/Belize	Orange Walk Airport
OSD	Åre Östersund Airport	Ostersund	Sweden	SE	europe	63.193546	14.504168	15	Europe/Stockholm	F4 Frösön Air Base | ESPC | Östersund
OSI	Osijek Airport	Osijek	Croatia	HR	europe	45.462355	18.811278	15	Europe/Zagreb	Klisa
OSL	Oslo-Gardermoen International Airport	Oslo	Norway	NO	europe	60.193901	11.100400	66	Europe/Oslo	
OSR	Leoš Janáček Airport Ostrava	Ostrava	Czech Republic	CZ	europe	49.696301	18.111099	30	Europe/Prague	Ostrava-Mošnov International Airport | Mošnov
OSS	Osh International Airport	Osh	Kyrgyzstan	KG	asia	40.609001	72.793297	35	Asia/Bishkek	UAFO
OST	Ostend-Bruges International Airport	Ostend	Belgium	BE	europe	51.199800	2.874673	35	Europe/Brussels	Ostend-Bruges International Airport | Oostende
OSW	Orsk Airport	Orsk	Russia	RU	europe	51.072498	58.595600	15	Asia/Yekaterinburg	
OSY	Namsos Airport	Namsos	Norway	NO	europe	64.472198	11.578600	5	Europe/Oslo	Namsos lufthavn | Høknesøra
OTH	Southwest Oregon Regional Airport	North Bend	United States	US	americas	43.417099	-124.246002	15	America/Los_Angeles	
OTP	Bucharest Henri Coandă International Airport	Bucharest	Romania	RO	europe	44.571792	26.103285	35	Europe/Bucharest	BUH | Otopeni Airport | RoAF 90th Airlift Base | Otopeni
OTZ	Ralph Wien Memorial Airport	Kotzebue	United States	US	americas	66.884697	-162.598999	15	America/Nome	
OUA	Ouagadougou Thomas Sankara International Airport	Ouagadougou	Burkina Faso	BF	africa	12.353200	-1.512420	35	Africa/Ouagadougou	
OUD	Oujda Angads Airport	Oujda	Morocco	MA	africa	34.789558	-1.926041	30	Africa/Casablanca	Oujda Airfield | Ahl Angad
OUI	Ouessant Airport	Ban Houayxay	France	FR	europe	48.463200	-5.063580	5	Asia/Bangkok	Ushant
OUL	Oulu Airport	Oulu / Oulunsalo	Finland	FI	europe	64.930099	25.354601	30	Europe/Helsinki	
OUZ	Tazadit Airport	Zouerate	Mauritania	MR	africa	22.757345	-12.482228	15	Africa/Nouakchott	Zouérate
OVB	Novosibirsk Tolmachevo Airport	Novosibirsk	Russia	RU	europe	55.019756	82.618675	30	Asia/Novosibirsk	
OVD	Asturias Airport	Ranon	Spain	ES	europe	43.563599	-6.034620	30	Europe/Madrid	Ranón
OVS	Sovetskiy Airport	Sovetskiy	Russia	RU	europe	61.326622	63.601913	15	Asia/Yekaterinburg	Sovyetskiy Airport | Sovyetsky Airport | Sovetsky Airport
OWB	Owensboro Daviess County Airport	Owensboro	United States	US	americas	37.740101	-87.166801	15	America/Chicago	
OXB	Osvaldo Vieira International Airport	Bissau	Guinea-Bissau	GW	africa	11.894262	-15.653596	35	Africa/Bissau	
OYE	Oyem Airport	Oyem	Gabon	GA	africa	1.543110	11.581400	15	Africa/Libreville	
OZC	Labo Airport	Ozamiz City	Philippines	PH	asia	8.178510	123.842003	15	Asia/Manila	Barangay Labo | Ozamiz | Misamis Airfield
OZG	Zagora Airport	Zagora	Morocco	MA	africa	30.265788	-5.860808	30	Africa/Casablanca	
OZZ	Ouarzazate International Airport	Ouarzazate	Morocco	MA	africa	30.939100	-6.909430	35	Africa/Casablanca	
PAB	Bilaspur Airport	Bilaspur	India	IN	asia	21.988400	82.111000	15	Asia/Kolkata	VABI
PAC	Marcos A. Gelabert International Airport	Albrook	Panama	PA	americas	8.973340	-79.555603	20	America/Panama	Balboa. Albrook AFS. MPLB
PAD	Paderborn Lippstadt Airport	Paderborn	Germany	DE	europe	51.612527	8.617459	30	Europe/Berlin	Büren
PAE	Seattle Paine Field International Airport	Everett	United States	US	americas	47.906300	-122.281998	20	America/Los_Angeles	Snohomish County | Snohomish County Airport | Paine Field
PAG	Pagadian Airport	Pagadian City	Philippines	PH	asia	7.825632	123.459635	15	Asia/Manila	Pagadian
PAH	Barkley Regional Airport	Paducah	United States	US	americas	37.060799	-88.773804	15	America/Chicago	
PAP	Toussaint Louverture International Airport	Port-au-Prince	Haiti	HT	americas	18.580023	-72.292596	35	America/Port-au-Prince	
PAS	Paros National Airport	Paros Island	Greece	GR	europe	37.020495	25.113195	5	Europe/Athens	New Paros Airport | Paros
PAT	Jay Prakash Narayan Airport	Patna	India	IN	asia	25.591299	85.087997	15	Asia/Kolkata	Lok Nayah Jayprakash
PAV	Paulo Afonso Airport	Paulo Afonso	Brazil	BR	americas	-9.400880	-38.250599	15	America/Bahia	
PAZ	El Tajín National Airport	Poza Rica	Mexico	MX	americas	20.602699	-97.460800	15	America/Mexico_City	
PBC	Hermanos Serdán International Airport	Puebla	Mexico	MX	americas	19.158465	-98.371582	35	America/Mexico_City	Aeropuerto Internacional Hermanos Serdán | Puebla International Airport
PBD	Porbandar Airport	Porbandar	India	IN	asia	21.649524	69.656405	15	Asia/Kolkata	
PBG	Plattsburgh International Airport	Plattsburgh	United States	US	americas	44.650902	-73.468102	20	America/New_York	Plattsburgh Air Force Base
PBH	Paro International Airport	Paro	Bhutan	BT	asia	27.403200	89.424599	35	Asia/Thimphu	paro gnam thang
PBJ	Tavie Airport	Paama Island	Vanuatu	VU	oceania	-16.431955	168.235511	5	Pacific/Efate	Paama Airport
PBM	Johan Adolf Pengel International Airport	Zandery	Suriname	SR	americas	5.452830	-55.187801	35	America/Paramaribo	Zanderij | JAP International Airport | JAPI Airport | JAPIA | ZY Airport | Paramaribo
PBO	Paraburdoo Airport	Paraburdoo	Australia	AU	oceania	-23.171101	117.745003	15	Australia/Perth	
PBR	Puerto Barrios Airport	Puerto Barrios	Guatemala	GT	americas	15.730900	-88.583801	15	America/Guatemala	
PBU	Putao Airport	Putao	Myanmar	MM	asia	27.329901	97.426300	15	Asia/Yangon	
PCL	Cap FAP David Abenzur Rengifo International Airport	Pucallpa	Peru	PE	americas	-8.378064	-74.574495	35	America/Lima	
PCN	Picton Aerodrome	Picton	New Zealand	NZ	oceania	-41.346100	173.955994	5	Pacific/Auckland	Koromiko
PCP	Principe Airport	Santo Antonio	São Tomé and Principe	ST	africa	1.661155	7.411081	15	Africa/Sao_Tome	São Tomé & Príncipe
PCR	German Olano Airport	Puerto Carreno	Colombia	CO	americas	6.184720	-67.493200	15	America/Bogota	Puerto Carreño Airport | Puerto Carreño
PDA	Obando Cesar Gaviria Trujillo Airport	Puerto Inirida	Colombia	CO	americas	3.853530	-67.906200	15	America/Bogota	Puerto Inírida
PDG	Minangkabau International Airport	Ketaping/Padang-Sumatra Island	Indonesia	ID	asia	-0.785964	100.280384	35	Asia/Jakarta	Padang
PDK	DeKalb Peachtree Airport	Atlanta	United States	US	americas	33.876330	-84.302130	15	America/New_York	
PDL	João Paulo II Airport	Ponta Delgada	Portugal	PT	europe	37.741199	-25.697901	30	Atlantic/Azores	
PDO	Pendopo Airport	Talang Gudang-Sumatra Island	Indonesia	ID	asia	-3.286070	103.879997	15	Asia/Jakarta	
PDP	Capitan Corbeta CA Curbelo International Airport	Punta del Este	Uruguay	UY	americas	-34.855099	-55.094299	20	America/Montevideo	
PDS	Piedras Negras International Airport	Piedras Negras	Mexico	MX	americas	28.627873	-100.535240	20	America/Matamoros	
PDT	Eastern Oregon Regional Airport at Pendleton	Pendleton	United States	US	americas	45.695099	-118.841003	15	America/Los_Angeles	
PDV	Plovdiv International Airport	Plovdiv	Bulgaria	BG	europe	42.067799	24.850800	35	Europe/Sofia	
PDX	Portland International Airport	Portland	United States	US	americas	45.588699	-122.598000	35	America/Los_Angeles	
PED	Pardubice Airport	Pardubice	Czech Republic	CZ	europe	50.015049	15.739810	30	Europe/Prague	Letiště Pardubice
PEE	Perm International Airport	Perm	Russia	RU	europe	57.914501	56.021198	35	Asia/Yekaterinburg	Bolshoye Savino
PEG	Perugia San Francesco d'Assisi – Umbria International Airport	Perugia	Italy	IT	europe	43.095901	12.513200	35	Europe/Rome	Perugia San Francesco d'Assisi | Perugia Sant'Egidio Airport | Umbria International Airport
PEI	Matecaña International Airport	Pereira	Colombia	CO	americas	4.812670	-75.739500	20	America/Bogota	
PEK	Beijing Capital International Airport	Beijing	China	CN	asia	40.077349	116.596702	87	Asia/Shanghai	BJS | Peking
PEM	Padre Aldamiz International Airport	Puerto Maldonado	Peru	PE	americas	-12.613600	-69.228600	20	America/Lima	Puerto Maldonado International Airport
PEN	Penang International Airport	Penang	Malaysia	MY	asia	5.296303	100.276185	35	Asia/Kuala_Lumpur	
PER	Perth International Airport	Perth	Australia	AU	oceania	-31.940300	115.967003	64	Australia/Perth	
PES	Petrozavodsk Airport	Petrozavodsk	Russia	RU	europe	61.885201	34.154701	15	Europe/Moscow	Besovets Airport
PET	João Simões Lopes Neto International Airport	Pelotas	Brazil	BR	americas	-31.717189	-52.327796	20	America/Sao_Paulo	Pelotas Airport
PEU	Puerto Lempira Airport	Puerto Lempira	Honduras	HN	americas	15.262200	-83.781197	5	America/Tegucigalpa	
PEV	Pécs-Pogány International Airport	Pecs-Pogany	Hungary	HU	europe	45.988891	18.242044	35	Europe/Budapest	Pecs South Airport | QPJ | Pécs
PEW	Bacha Khan International Airport	Peshawar	Pakistan	PK	asia	33.993900	71.514603	35	Asia/Karachi	Peshawar International Airport
PEX	Pechora Airport	Pechora	Russia	RU	europe	65.121101	57.130798	15	Europe/Moscow	
PEZ	Penza Airport	Penza	Russia	RU	europe	53.110600	45.021099	15	Europe/Moscow	Penza South
PFB	Lauro Kurtz Airport	Passo Fundo	Brazil	BR	americas	-28.243976	-52.327770	15	America/Sao_Paulo	
PFO	Paphos International Airport	Paphos	Cyprus	CY	asia	34.717999	32.485699	35	Asia/Nicosia	Pafos | Mandria | Kouklia | Pafos International Airport
PFQ	Parsabad-Moghan Airport	Parsabad	Iran	IR	middle_east	39.603600	47.881500	5	Asia/Tehran	
PFR	Ilebo Airport	Ilebo	Democratic Republic of the Congo	CD	africa	-4.329919	20.590124	5	Africa/Lubumbashi	
PGA	Page Municipal Airport	Page	United States	US	americas	36.924234	-111.447716	15	America/Phoenix	
PGD	Punta Gorda Airport	Punta Gorda	United States	US	americas	26.920200	-81.990501	15	America/New_York	Charlotte County | Punta Gorda AAF
PGF	Perpignan-Rivesaltes (Llabanère) Airport	Perpignan/Rivesaltes	France	FR	europe	42.740398	2.870670	15	Europe/Paris	
PGH	Pantnagar Airport	Pantnagar	India	IN	asia	29.033400	79.473701	15	Asia/Kolkata	Panthnagar
PGK	Depati Amir Airport	Pangkal Pinang-Palaubangka Island	Indonesia	ID	asia	-2.162200	106.139000	15	Asia/Jakarta	WIPK | Pangkal Pinang
PGU	Persian Gulf International Airport	Asalouyeh	Iran	IR	middle_east	27.379601	52.737701	20	Asia/Tehran	Khalije Fars | PSEEZ | Bandar Asalouyeh | Pars-Special-Zone | Khiyaroo
PGV	Pitt-Greenville Airport	Greenville	United States	US	americas	35.635535	-77.384262	15	America/New_York	
PGZ	Ponta Grossa Airport - Comandante Antonio Amilton Beraldo	Ponta Grossa	Brazil	BR	americas	-25.184476	-50.143822	15	America/Sao_Paulo	SSZW
PHB	Parnaíba - Prefeito Doutor João Silva Filho International Airport	Parnaiba	Brazil	BR	americas	-2.893750	-41.731998	20	America/Fortaleza	Santos Dumont Airport | Parnaíba
PHC	Port Harcourt International Airport	Port Harcourt	Nigeria	NG	africa	5.015490	6.949590	35	Africa/Lagos	
PHE	Port Hedland International Airport	Port Hedland	Australia	AU	oceania	-20.382787	118.629789	35	Australia/Perth	
PHF	Newport News Williamsburg International Airport	Newport News	United States	US	americas	37.131901	-76.492996	20	America/New_York	
PHG	Port Harcourt City Airport / Port Harcourt Air Force Base	Port Harcourt	Nigeria	NG	africa	4.846111	7.021389	15	Africa/Lagos	Port Harcourt NAF Base
PHH	Pokhara International Airport	Pokhara	Nepal	NP	asia	28.183800	84.014700	35	Asia/Kathmandu	
PHL	Philadelphia International Airport	Philadelphia	United States	US	americas	39.871899	-75.241096	35	America/New_York	
PHO	Point Hope Airport	Point Hope	United States	US	americas	68.348801	-166.798996	5	America/Nome	
PHS	Phitsanulok Airport	Phitsanulok	Thailand	TH	asia	16.782900	100.278999	15	Asia/Bangkok	
PHW	Hendrik Van Eck Airport	Phalaborwa	South Africa	ZA	africa	-23.937201	31.155399	15	Africa/Johannesburg	
PHX	Phoenix Sky Harbor International Airport	Phoenix	United States	US	americas	33.435302	-112.005905	35	America/Phoenix	
PHY	Phetchabun Airport	Phetchabun	Thailand	TH	asia	16.676001	101.195000	15	Asia/Bangkok	
PIA	General Wayne A. Downing Peoria International Airport	Peoria	United States	US	americas	40.663841	-89.692631	20	America/Chicago	Peoria International Airport
PIB	Hattiesburg Laurel Regional Airport	Hattiesburg/Laurel	United States	US	americas	31.467100	-89.337097	15	America/Chicago	Moselle
PIE	St. Petersburg Clearwater International Airport	St Petersburg-Clearwater	United States	US	americas	27.910200	-82.687401	35	America/New_York	Pinellas Park
PIH	Pocatello Regional Airport	Pocatello	United States	US	americas	42.909801	-112.596001	15	America/Boise	
PIK	Glasgow Prestwick Airport	Glasgow	United Kingdom	GB	europe	55.501499	-4.577182	30	Europe/London	Prestwick
PIP	Pilot Point Airport	Pilot Point	United States	US	americas	57.580399	-157.572006	5	America/Anchorage	
PIR	Pierre Regional Airport	Pierre	United States	US	americas	44.382702	-100.286003	15	America/Chicago	
PIS	Poitiers-Biard Airport	Poitiers/Biard	France	FR	europe	46.587700	0.306666	15	Europe/Paris	
PIT	Pittsburgh International Airport	Pittsburgh	United States	US	americas	40.491501	-80.232903	35	America/New_York	
PIU	PAF Captain Guillermo Concha Iberico International Airport	Piura	Peru	PE	americas	-5.205750	-80.616402	20	America/Lima	
PIX	Pico Airport	Pico Island	Portugal	PT	europe	38.554298	-28.441299	15	Atlantic/Azores	
PIZ	Point Lay LRRS Airport	Point Lay	United States	US	americas	69.732903	-163.005005	15	America/Nome	
PJA	Pajala Airport	Pajala	Sweden	SE	europe	67.244569	23.074894	5	Europe/Stockholm	
PJM	Puerto Jimenez Airport	Puerto Jimenez	Costa Rica	CR	americas	8.533330	-83.300003	15	America/Costa_Rica	Corcovado National Park
PKA	Napaskiak Airport	Napaskiak	United States	US	americas	60.702900	-161.778000	5	America/Anchorage	
PKB	Mid Ohio Valley Regional Airport	Parkersburg	United States	US	americas	39.345100	-81.439201	15	America/New_York	
PKC	Yelizovo Airport	Petropavlovsk-Kamchatsky	Russia	RU	europe	53.168716	158.451068	30	Asia/Kamchatka	Elizovo
PKE	Parkes Airport	Parkes	Australia	AU	oceania	-33.131401	148.238998	15	Australia/Sydney	
PKG	Pulau Pangkor Airport	Pangkor Island	Malaysia	MY	asia	4.244720	100.553001	5	Asia/Kuala_Lumpur	
PKN	Iskandar Airport	Pangkalanbun-Borneo Island	Indonesia	ID	asia	-2.705200	111.672997	5	Asia/Pontianak	WRBI | Pangkalanbun
PKR	Pokhara Domestic Airport	Pokhara	Nepal	NP	asia	28.200621	83.981203	15	Asia/Kathmandu	
PKU	Sultan Syarif Kasim II International Airport / Roesmin Nurjadin AFB	Pekanbaru-Sumatra Island	Indonesia	ID	asia	0.458647	101.444321	20	Asia/Jakarta	Simpang Tiga | Pekanbaru
PKV	Princess Olga Pskov International Airport	Pskov	Russia	RU	europe	57.781316	28.393840	20	Europe/Moscow	
PKX	Beijing Daxing International Airport	Beijing	China	CN	asia	39.501289	116.413967	35	Asia/Shanghai	
PKY	Tjilik Riwut Airport	Palangkaraya-Kalimantan Tengah	Indonesia	ID	asia	-2.227146	113.943388	15	Asia/Pontianak	WRBP | WAOP | Palangkaraya
PKZ	Pakse International Airport	Pakse	Laos	LA	asia	15.133973	105.779871	35	Asia/Vientiane	
PLJ	Placencia Airport	Placencia	Belize	BZ	americas	16.536957	-88.361511	15	America/Belize	
PLM	Sultan Mahmud Badaruddin II Airport	Palembang-Sumatra Island	Indonesia	ID	asia	-2.897653	104.698147	15	Asia/Jakarta	Palembang
PLN	Pellston Regional Airport of Emmet County Airport	Pellston	United States	US	americas	45.570900	-84.796700	15	America/Detroit	
PLO	Port Lincoln Airport	Port Lincoln	Australia	AU	oceania	-34.605301	135.880005	15	Australia/Adelaide	
PLQ	Palanga International Airport	Palanga	Lithuania	LT	europe	55.973202	21.093901	35	Europe/Vilnius	
PLS	Providenciales International Airport	Providenciales Island	Turks and Caicos Islands	TC	americas	21.773697	-72.268321	35	America/Grand_Turk	Providenciales
PLW	Mutiara - SIS Al-Jufrie Airport	Palu-Celebes Island	Indonesia	ID	asia	-0.916462	119.908647	15	Asia/Makassar	WAML | Palu
PLX	Semei International Airport	Semey	Kazakhstan	KZ	asia	50.351295	80.234398	35	Asia/Almaty	Semipalatinsk Airport | Semey International Airport
PLZ	Chief Dawid Stuurman International Airport	Port Elizabeth	South Africa	ZA	africa	-33.989715	25.617353	35	Africa/Johannesburg	H. F. Verwoerd Airport | Port Elizabeth International Airport | Walmer Airport | Gqeberha
PMC	El Tepual International Airport	Puerto Montt	Chile	CL	americas	-41.443093	-73.094065	35	America/Santiago	
PMF	Parma Airport	Parma	Italy	IT	europe	44.826351	10.297050	15	Europe/Rome	
PMG	Ponta Porã Airport	Ponta Pora	Brazil	BR	americas	-22.549601	-55.702599	15	America/Asuncion	Ponta Porã
PMI	Palma de Mallorca Airport	Palma De Mallorca	Spain	ES	europe	39.551701	2.738810	30	Europe/Madrid	Son Sant Joan Airport | LESJ
PMK	Palm Island Airport	Palm Island	Australia	AU	oceania	-18.755301	146.580994	5	Australia/Brisbane	
PMO	Falcone–Borsellino Airport	Palermo	Italy	IT	europe	38.175999	13.091000	30	Europe/Rome	Palermo Airport | Punta Raisi Airport
PMQ	Perito Moreno Jalil Hamer Airport	Perito Moreno	Argentina	AR	americas	-46.537899	-70.978699	15	America/Argentina/Rio_Gallegos	
PMR	Palmerston North Airport	Palmerston North	New Zealand	NZ	oceania	-40.320599	175.617004	15	Pacific/Auckland	
PMV	Del Caribe Santiago Mariño International Airport	Isla Margarita	Venezuela	VE	americas	10.912603	-63.966599	35	America/Caracas	
PMW	Brigadeiro Lysias Rodrigues Airport	Palmas	Brazil	BR	americas	-10.291500	-48.356998	15	America/Araguaina	
PMY	El Tehuelche Airport	Puerto Madryn	Argentina	AR	americas	-42.759200	-65.102700	15	America/Argentina/Catamarca	
PNA	Pamplona Airport	Pamplona	Spain	ES	europe	42.770000	-1.646330	15	Europe/Madrid	
PND	Punta Gorda Airport	Punta Gorda	Belize	BZ	americas	16.102400	-88.808296	5	America/Belize	
PNI	Pohnpei International Airport	Pohnpei Island	Micronesia	FM	oceania	6.985082	158.209920	20	Pacific/Pohnpei	Ponape
PNK	Supadio International Airport	Pontianak-Borneo Island	Indonesia	ID	asia	-0.152258	109.404493	35	Asia/Pontianak	Pontianak
PNL	Pantelleria Airport	Pantelleria	Italy	IT	europe	36.816502	11.968900	15	Europe/Rome	I D'Amico
PNP	Girua Airport	Popondetta	Papua New Guinea	PG	oceania	-8.804540	148.309006	15	Pacific/Port_Moresby	
PNQ	Pune International Airport	Pune	India	IN	asia	18.582100	73.919701	35	Asia/Kolkata	Lohegaon Airport | Lohegaon Air Force Station
PNR	Antonio Agostinho-Neto International Airport	Pointe Noire	Republic of the Congo	CG	africa	-4.816030	11.886600	35	Africa/Brazzaville	
PNS	Pensacola International Airport	Pensacola	United States	US	americas	30.472718	-87.186639	35	America/Chicago	
PNT	Lieutenant Julio Gallardo Airport	Puerto Natales	Chile	CL	americas	-51.670670	-72.529078	15	America/Punta_Arenas	
PNY	Pondicherry Airport	Puducherry	India	IN	asia	11.968000	79.812000	15	Asia/Kolkata	
PNZ	Senador Nilo Coelho Airport	Petrolina	Brazil	BR	americas	-9.362422	-40.569098	15	America/Recife	
POA	Porto Alegre-Salgado Filho International Airport	Porto Alegre	Brazil	BR	americas	-29.993984	-51.167482	35	America/Sao_Paulo	
POG	Port Gentil International Airport	Port Gentil	Gabon	GA	africa	-0.711739	8.754380	35	Africa/Libreville	
POL	Pemba Airport	Pemba / Porto Amelia	Mozambique	MZ	africa	-12.993302	40.524867	15	Africa/Maputo	Porto Amelia | Pemba
POM	Port Moresby Jacksons International Airport	Port Moresby	Papua New Guinea	PG	oceania	-9.443380	147.220001	35	Pacific/Port_Moresby	
POP	Gregorio Luperon International Airport	Puerto Plata	Dominican Republic	DO	americas	19.757900	-70.570000	20	America/Santo_Domingo	La Union
POR	Pori Airport	Pori	Finland	FI	europe	61.461700	21.799999	15	Europe/Helsinki	
POS	Piarco International Airport	Port of Spain	Trinidad and Tobago	TT	americas	10.595350	-61.337568	35	America/Port_of_Spain	
POZ	Poznań-Ławica Airport	Poznan	Poland	PL	europe	52.421598	16.823359	30	Europe/Warsaw	Poznań
PPB	Presidente Prudente Airport	Presidente Prudente	Brazil	BR	americas	-22.175100	-51.424599	15	America/Sao_Paulo	
PPE	Mar de Cortés International Airport	Puerto Penasco	Mexico	MX	americas	31.351987	-113.305177	5	America/Hermosillo	Puerto Peñasco
PPG	Pago Pago International Airport	Pago Pago	American Samoa	AS	oceania	-14.331000	-170.710007	35	Pacific/Pago_Pago	
PPK	Petropavl International Airport	Petropavlosk	Kazakhstan	KZ	asia	54.775622	69.187415	35	Asia/Almaty	Petropavl
PPN	Guillermo León Valencia Airport	Popayan	Colombia	CO	americas	2.454359	-76.609253	15	America/Bogota	Popayán
PPP	Proserpine Whitsunday Coast Airport	Proserpine	Australia	AU	oceania	-20.494416	148.553583	15	Australia/Brisbane	
PPS	Puerto Princesa International Airport / PAF Antonio Bautista Air Base	Puerto Princesa City	Philippines	PH	asia	9.742044	118.759110	35	Asia/Manila	Puerto Princesa
PPT	Fa'a'ā International Airport	Papeete	French Polynesia	PF	oceania	-17.553472	-149.606936	40	Pacific/Tahiti	
PPW	Papa Westray Airport	Papa Westray	United Kingdom	GB	europe	59.351012	-2.900353	5	Europe/London	Papay
PQC	Phú Quốc International Airport	Duong Dong	Vietnam	VN	asia	10.169783	103.993530	35	Asia/Ho_Chi_Minh	Phu Quoc Island
PQI	Presque Isle International Airport	Presque Isle	United States	US	americas	46.688999	-68.044800	20	America/New_York	Northern Maine Regional
PQQ	Port Macquarie Airport	Port Macquarie	Australia	AU	oceania	-31.435801	152.863007	15	Australia/Sydney	
PRA	General Urquiza Airport	Parana	Argentina	AR	americas	-31.794800	-60.480400	15	America/Argentina/Cordoba	
PRC	Prescott Regional Airport - Ernest A. Love Field	Prescott	United States	US	americas	34.653502	-112.419883	15	America/Phoenix	
PRG	Václav Havel Airport Prague	Prague	Czech Republic	CZ	europe	50.100874	14.259911	68	Europe/Prague	Letiště Praha-Ruzyně | Ruzyně International Airport | Letiště Václava Havla Praha
PRI	Praslin Island Airport	Praslin Island	Seychelles	SC	africa	-4.319256	55.691561	15	Indian/Mahe	
PRM	Portimão Airport	Portimao	Portugal	PT	europe	37.149300	-8.583960	15	Europe/Lisbon	Portimão
PRN	Priština Adem Jashari International Airport	Prishtina	Kosovo	XK	europe	42.572800	21.035801	35	Europe/Belgrade	LYPR | Pristina | Slatina Air Base
PSA	Pisa International Airport	Pisa	Italy	IT	europe	43.683899	10.392700	35	Europe/Rome	Galileo Galilei Airport | San Giusto Airport
PSC	Tri Cities Airport	Pasco	United States	US	americas	46.264702	-119.119003	15	America/Los_Angeles	
PSD	Port Said International Airport	Port Said	Egypt	EG	africa	31.279285	32.240582	35	Africa/Cairo	El Gamil
PSE	Mercedita International Airport	Ponce	Puerto Rico	PR	americas	18.008301	-66.563004	20	America/Puerto_Rico	
PSG	Petersburg James A Johnson Airport	Petersburg	United States	US	americas	56.801701	-132.945007	15	America/Sitka	
PSM	Portsmouth International Airport at Pease	Portsmouth	United States	US	americas	43.077900	-70.823303	20	America/New_York	
PSO	Antonio Nariño Airport	Pasto	Colombia	CO	americas	1.396722	-77.290930	15	America/Bogota	Chachagüí
PSP	Palm Springs International Airport	Palm Springs	United States	US	americas	33.829700	-116.507004	35	America/Los_Angeles	Palm Springs Air Base
PSR	Abruzzo Airport	Pescara	Italy	IT	europe	42.431079	14.182981	30	Europe/Rome	Abruzzo Pasquale Liberi International
PSS	Libertador Gral D Jose De San Martin Airport	Posadas	Argentina	AR	americas	-27.385800	-55.970700	15	America/Argentina/Cordoba	
PSU	Pangsuma Airport	Putussibau-Borneo Island	Indonesia	ID	asia	0.834579	112.940217	15	Asia/Pontianak	
PSY	Port Stanley Airport	Stanley	Falkland Islands	FK	americas	-51.685699	-57.777599	5	Atlantic/Stanley	
PSZ	Capitán Av. Salvador Ogaya G. airport	Puerto Suarez	Bolivia	BO	americas	-18.975301	-57.820599	15	America/La_Paz	Puerto Suárez
PTA	Port Alsworth Airport	Port Alsworth	United States	US	americas	60.201681	-154.325863	5	America/Anchorage	
PTF	Malolo Lailai Island Airport	Malolo Lailai Island	Fiji	FJ	oceania	-17.778448	177.196996	5	Pacific/Fiji	
PTG	Polokwane International Airport	Potgietersrus	South Africa	ZA	africa	-23.845269	29.458615	35	Africa/Johannesburg	FAPB | AFB Pietersburg | Pietersburg International Airport | Gateway International Airport | Polokwane
PTH	Port Heiden Airport	Port Heiden	United States	US	americas	56.957893	-158.630219	15	America/Anchorage	
PTJ	Portland Airport	Portland	Australia	AU	oceania	-38.318100	141.470993	15	Australia/Melbourne	
PTO	Juvenal Loureiro Cardoso Airport	Pato Branco	Brazil	BR	americas	-26.217184	-52.694463	5	America/Sao_Paulo	SSPB
PTP	Maryse Condé International Airport	Pointe-a-Pitre Le Raizet	Guadeloupe	GP	americas	16.265443	-61.532754	35	America/Guadeloupe	Le Raizet | Les Abymes | Pointe-à-Pitre
PTU	Platinum Airport	Platinum	United States	US	americas	59.017675	-161.827927	15	America/Anchorage	
PTY	Tocumen International Airport	Tocumen	Panama	PA	americas	9.071360	-79.383499	35	America/Panama	La Joya No 1
PUB	Pueblo Memorial Airport	Pueblo	United States	US	americas	38.289101	-104.497002	15	America/Denver	
PUD	Puerto Deseado Airport	Puerto Deseado	Argentina	AR	americas	-47.735300	-65.904100	15	America/Argentina/Rio_Gallegos	
PUF	Pau Pyrénées Airport	Pau/Pyrenees (Uzein)	France	FR	europe	43.380001	-0.418611	15	Europe/Paris	Pau/Pyrénées
PUG	Port Augusta Airport	Port Augusta	Australia	AU	oceania	-32.506901	137.716995	15	Australia/Adelaide	
PUJ	Punta Cana International Airport	Punta Cana	Dominican Republic	DO	americas	18.567093	-68.364558	35	America/Santo_Domingo	
PUQ	President Carlos Ibáñez International Airport	Punta Arenas	Chile	CL	americas	-53.002602	-70.854599	35	America/Punta_Arenas	
PUR	Puerto Rico Airport	Puerto Rico/Manuripi	Bolivia	BO	americas	-11.107663	-67.551155	5	America/La_Paz	
PUS	Gimhae International Airport	Busan	South Korea	KR	asia	35.179501	128.938004	35	Asia/Seoul	Kimhae | Pusan | Busan Airport
PUU	Tres De Mayo Airport	Puerto Asis	Colombia	CO	americas	0.505228	-76.500800	15	America/Bogota	Puerto Asís
PUW	Pullman-Moscow Regional Airport	Pullman/Moscow	United States	US	americas	46.741601	-117.111630	15	America/Los_Angeles	Pullman
PUY	Pula Airport	Pula	Croatia	HR	europe	44.893501	13.922200	30	Europe/Zagreb	
PUZ	Puerto Cabezas Airport	Puerto Cabezas	Nicaragua	NI	americas	14.047200	-83.386703	15	America/Managua	
PVA	El Embrujo Airport	Providencia	Colombia	CO	americas	13.357461	-81.357977	15	America/Bogota	
PVD	Rhode Island T. F. Green International Airport	Providence	United States	US	americas	41.725038	-71.425668	35	America/New_York	Providence/Warwick
PVG	Shanghai Pudong International Airport	Shanghai	China	CN	asia	31.143400	121.805000	90	Asia/Shanghai	
PVH	Governador Jorge Teixeira de Oliveira International Airport	Porto Velho	Brazil	BR	americas	-8.708491	-63.902338	35	America/Porto_Velho	
PVK	Aktion National Airport	Preveza/Lefkada	Greece	GR	europe	38.925499	20.765301	15	Europe/Athens	Preveza | Lefkada
PVR	Puerto Vallarta International Airport	Puerto Vallarta	Mexico	MX	americas	20.679913	-105.254391	35	America/Bahia_Banderas	Licenciado Gustavo Díaz Ordaz
PVU	Provo Municipal Airport	Provo	United States	US	americas	40.218894	-111.722445	15	America/Denver	
PWE	Pevek Airport	Pevek	Russia	RU	europe	69.783302	170.597000	15	Asia/Anadyr	Apapelgino
PWM	Portland International Jetport	Portland	United States	US	americas	43.646198	-70.309303	35	America/New_York	
PWQ	Pavlodar International Airport	Pavlodar	Kazakhstan	KZ	asia	52.194982	77.073088	35	Asia/Almaty	Pavlodar South
PXM	Puerto Escondido International Airport	Puerto Escondido	Mexico	MX	americas	15.876808	-97.089100	20	America/Mexico_City	
PXO	Porto Santo Airport	Vila Baleira	Portugal	PT	europe	33.073399	-16.350000	15	Atlantic/Madeira	
PXR	Surin Airport	Surin	Thailand	TH	asia	14.868300	103.498001	15	Asia/Bangkok	Surin Bhakdi Airport
PXU	Pleiku Airport	Pleiku	Vietnam	VN	asia	14.004500	108.016998	15	Asia/Ho_Chi_Minh	
PYJ	Polyarny Airport	Yakutia	Russia	RU	europe	66.400398	112.029999	15	Asia/Yakutsk	Alrosa | Kimberlite | Diamonds
PYK	Payam International Airport	Karaj	Iran	IR	middle_east	35.776100	50.826698	35	Asia/Tehran	
PZB	Pietermaritzburg Airport	Pietermaritzburg	South Africa	ZA	africa	-29.649000	30.398701	15	Africa/Johannesburg	
PZH	Zhob Airport	Fort Sandeman	Pakistan	PK	asia	31.358400	69.463600	15	Asia/Karachi	
PZI	Panzhihua Bao'anying Airport	Panzhihua	China	CN	asia	26.540000	101.798520	15	Asia/Shanghai	Xining Air Base
PZO	General Manuel Carlos Piar International Airport	Puerto Ordaz-Ciudad Guayana	Venezuela	VE	americas	8.288530	-62.760399	35	America/Caracas	CGU | Guyana City
PZU	Port Sudan New International Airport	Port Sudan	Sudan	SD	africa	19.434558	37.234125	35	Africa/Khartoum	
QBC	Bella Coola Airport	Bella Coola	Canada	CA	americas	52.387501	-126.596001	15	America/Vancouver	YBD
QOW	Sam Mbakwe International Cargo Airport	Owerri	Nigeria	NG	africa	5.427060	7.206030	20	Africa/Lagos	Imo Airport | Imo State Airport
QRO	Querétaro Intercontinental Airport	Queretaro	Mexico	MX	americas	20.618779	-100.186449	30	America/Mexico_City	Querétaro
QRW	Warri Airport	Okpe	Nigeria	NG	africa	5.598210	5.818700	15	Africa/Lagos	Osubi Airport | Shell
QSF	Ain Arnat Airport	Setif	Algeria	DZ	africa	36.178488	5.329909	15	Africa/Algiers	Sétif International Airport | 8 Mai 45 Airport | Sétif
QSR	Salerno Costa d'Amalfi Airport	Salerno	Italy	IT	europe	40.620399	14.911300	15	Europe/Rome	Mario Martucci Airport | Aeroporto di Salerno Costa d'Amalfi | Salerno-Pontecagnano Airport
QSZ	Shache Airport	Shache	China	CN	asia	38.245420	77.056149	15	Asia/Shanghai	Yarkant | Yeerqiang
QUO	Akwa Ibom International Airport	Uyo	Nigeria	NG	africa	4.872500	8.093000	20	Africa/Lagos	
RAB	Tokua Airport	Tokua	Papua New Guinea	PG	oceania	-4.340460	152.380005	15	Pacific/Port_Moresby	Kokopo
RAE	Arar Domestic Airport	Arar	Saudi Arabia	SA	middle_east	30.906601	41.138199	15	Asia/Riyadh	
RAH	Rafha Domestic Airport	Rafha	Saudi Arabia	SA	middle_east	29.626400	43.490601	15	Asia/Riyadh	
RAI	Nelson Mandela International Airport	Praia	Cape Verde	CV	africa	14.941126	-23.484728	35	Atlantic/Cape_Verde	Santiago Island
RAK	Marrakesh Menara Airport	Marrakech	Morocco	MA	africa	31.604807	-8.035788	30	Africa/Casablanca	Marakesh | Marrakesh
RAM	Ramingining Airport	Ramingining	Australia	AU	oceania	-12.356400	134.897995	5	Australia/Darwin	
RAO	Leite Lopes Airport	Ribeirao Preto	Brazil	BR	americas	-21.134314	-47.774053	15	America/Sao_Paulo	Ribeirão Preto
RAP	Rapid City Regional Airport	Rapid City	United States	US	americas	44.045300	-103.056999	15	America/Denver	
RAR	Rarotonga International Airport	Avarua	Cook Islands	CK	oceania	-21.202700	-159.806000	35	Pacific/Rarotonga	
RAS	Sardar-e-Jangal Airport	Rasht	Iran	IR	middle_east	37.323333	49.617778	15	Asia/Tehran	
RBA	Rabat-Salé Airport	Rabat	Morocco	MA	africa	34.051498	-6.751520	30	Africa/Casablanca	
RBB	Borba Airport	Borba	Brazil	BR	americas	-4.406340	-59.602402	5	America/Manaus	
RBQ	Rurrenabaque Airport	Rurenabaque	Bolivia	BO	americas	-14.427900	-67.496803	5	America/La_Paz	Rurrenabaque
RBR	Rio Branco-Plácido de Castro International Airport	Rio Branco	Brazil	BR	americas	-9.869031	-67.893984	35	America/Rio_Branco	
RBV	Ramata Airport	Ramata	Solomon Islands	SB	oceania	-8.168060	157.643005	5	Pacific/Guadalcanal	
RBY	Ruby Airport	Ruby	United States	US	americas	64.727203	-155.470001	15	America/Anchorage	
RCB	Richards Bay Airport	Richards Bay	South Africa	ZA	africa	-28.740999	32.092098	15	Africa/Johannesburg	
RCH	Almirante Padilla Airport	Riohacha	Colombia	CO	americas	11.526200	-72.926000	15	America/Bogota	
RCM	Richmond Airport	Richmond	Australia	AU	oceania	-20.701900	143.115005	5	Australia/Brisbane	RAAF Base Richmond
RDD	Redding Municipal Airport	Redding	United States	US	americas	40.508999	-122.292999	15	America/Los_Angeles	
RDM	Roberts Field	Redmond	United States	US	americas	44.254101	-121.150002	15	America/Los_Angeles	
RDO	Warsaw Radom Airport	Radom	Poland	PL	europe	51.389370	21.214742	15	Europe/Warsaw	Radom Military Air Base | Radom-Sadków Airport | Warszawa-Radom | Heroes of Radom June 1976 Warsaw Radom
RDU	Raleigh-Durham International Airport	Raleigh/Durham	United States	US	americas	35.878659	-78.787300	35	America/New_York	
RDZ	Rodez–Aveyron Airport	Rodez/Marcillac	France	FR	europe	44.407902	2.482670	15	Europe/Paris	
REC	Recife/Guararapes - Gilberto Freyre International Airport	Recife	Brazil	BR	americas	-8.127470	-34.922961	35	America/Recife	Ibura
REG	Reggio Calabria Airport	Reggio Calabria	Italy	IT	europe	38.071201	15.651600	15	Europe/Rome	Tito Minniti
REL	Almirante Marco Andres Zar Airport	Rawson	Argentina	AR	americas	-43.210500	-65.270300	15	America/Argentina/Catamarca	Trelew Airport
REN	Orenburg Central Airport	Orenburg	Russia	RU	europe	51.792668	55.457229	15	Asia/Yekaterinburg	Orenburg Tsentralny Airport
RER	Retalhuleu Airport	Retalhuleu	Guatemala	GT	americas	14.521431	-91.697001	15	America/Guatemala	
RES	Resistencia International Airport	Resistencia	Argentina	AR	americas	-27.449910	-59.056125	35	America/Argentina/Cordoba	
RET	Røst Airport	Rost	Norway	NO	europe	67.526482	12.101575	5	Europe/Oslo	Rost Airport | Røst
REU	Reus Airport	Reus	Spain	ES	europe	41.147509	1.168354	30	Europe/Madrid	
REX	General Lucio Blanco International Airport	Reynosa	Mexico	MX	americas	26.008900	-98.228500	20	America/Matamoros	
RFD	Chicago Rockford International Airport	Chicago/Rockford	United States	US	americas	42.195400	-89.097198	20	America/Chicago	
RFP	Raiatea Airport	Uturoa	French Polynesia	PF	oceania	-16.722900	-151.466003	15	Pacific/Tahiti	
RGA	Gobernador Ramón Trejo Noel International Airport	Rio Grande	Argentina	AR	americas	-53.777700	-67.749400	20	America/Argentina/Ushuaia	Hermes Quijada | Gobernador Ramón Trejo Noel
RGI	Rangiroa Airport	Rangiroa	French Polynesia	PF	oceania	-14.954300	-147.660995	15	Pacific/Tahiti	
RGL	Piloto Civil Norberto Fernández International Airport	Rio Gallegos	Argentina	AR	americas	-51.608791	-69.308948	35	America/Argentina/Rio_Gallegos	Brigadier General D. A. Parodi
RGN	Yangon International Airport	Yangon	Myanmar	MM	asia	16.907301	96.133202	35	Asia/Yangon	Rangoon
RGO	Orang (Chongjin) Airport	Chongjin	North Korea	KP	asia	41.428538	129.647555	15	Asia/Pyongyang	K-33 | Hoemun Airfield | Hoemun-ri
RHD	Termas de Río Hondo international Airport	Rio Hondo	Argentina	AR	americas	-27.496600	-64.935950	20	America/Argentina/Cordoba	Termas de Río Hondo
RHI	Rhinelander Oneida County Airport	Rhinelander	United States	US	americas	45.631199	-89.467499	15	America/Chicago	
RHO	Rhodes International Airport "Diagoras"	Rodes Island	Greece	GR	europe	36.405399	28.086201	35	Europe/Athens	Diagoras International Airport | Rhodes
RHT	Alxa Right Banner Badanjilin Airport	Badanjilin	China	CN	asia	39.225000	101.546000	5	Asia/Shanghai	
RIA	Santa Maria Airport	Santa Maria	Brazil	BR	americas	-29.711399	-53.688202	15	America/Sao_Paulo	
RIB	Capitán Av. Selin Zeitun Lopez Airport	Riberalta	Bolivia	BO	americas	-11.009355	-66.075468	15	America/La_Paz	
RIC	Richmond International Airport	Richmond	United States	US	americas	37.505199	-77.319702	35	America/New_York	
RIH	Scarlett Martinez International Airport	Rio Hato	Panama	PA	americas	8.375880	-80.127899	5	America/Panama	MPRH | Río Hato Army Air Base | Captain Scarlett Martinez | Río Hato
RIS	Rishiri Airport	Rishiri	Japan	JP	asia	45.242001	141.186005	15	Asia/Tokyo	
RIW	Central Wyoming Regional Airport	Riverton	United States	US	americas	43.064201	-108.459999	15	America/Denver	
RIX	Riga International Airport	Riga	Latvia	LV	europe	56.920752	23.970711	35	Europe/Riga	
RIY	Riyan International Airport	Riyan	Yemen	YE	middle_east	14.662241	49.375289	35	Asia/Aden	Riyan Mukalla International Airport | Mukalla
RIZ	Rizhao Shanzihe Airport	Rizhao	China	CN	asia	35.405033	119.324403	15	Asia/Shanghai	
RJA	Rajahmundry Airport	Rajahmundry	India	IN	asia	17.105799	81.813204	15	Asia/Kolkata	Madhurapudi
RJH	Shah Makhdum Airport	Rajshahi	Bangladesh	BD	asia	24.437201	88.616501	15	Asia/Dhaka	
RJK	Rijeka Airport	Rijeka	Croatia	HR	europe	45.216376	14.570850	30	Europe/Zagreb	Reka | Rika | Fiume | Omišalj
RJL	Logroño-Agoncillo Airport	Logrono	Spain	ES	europe	42.460953	-2.322235	15	Europe/Madrid	LELO | Logroño
RJN	Rafsanjan Airport	Rafsanjan	Iran	IR	middle_east	30.298345	56.048979	15	Asia/Tehran	
RKD	Knox County Regional Airport	Rockland	United States	US	americas	44.060101	-69.099197	15	America/New_York	
RKE	Copenhagen Roskilde Airport	Copenhagen	Denmark	DK	europe	55.585602	12.131400	15	Europe/Copenhagen	København | Roskilde
RKS	Southwest Wyoming Regional Airport	Rock Springs	United States	US	americas	41.594200	-109.065001	15	America/Denver	Rock Springs Sweetwater County
RKT	Ras Al Khaimah International Airport	Ras Al Khaimah	United Arab Emirates	AE	middle_east	25.613501	55.938801	35	Asia/Dubai	
RKV	Reykjavík Domestic Airport	Reykjavik	Iceland	IS	europe	64.128732	-21.937590	15	Atlantic/Reykjavik	REK | Reykjavík
RKZ	Xigaze Peace Airport / Shigatse Air Base	Xigazê	China	CN	asia	29.350876	89.299157	30	Asia/Shanghai	
RLG	Rostock-Laage Airport	Rostock	Germany	DE	europe	53.918201	12.278300	15	Europe/Berlin	Laage
RLK	Bayannur Tianjitai Airport	Bayannur	China	CN	asia	40.926358	107.740930	15	Asia/Shanghai	
RMA	Roma Airport	Roma	Australia	AU	oceania	-26.545000	148.774994	15	Australia/Brisbane	
RMF	Marsa Alam International Airport	Marsa Alam	Egypt	EG	africa	25.555548	34.592450	35	Africa/Cairo	marsa alam airport
RMI	Federico Fellini International Airport	Rimini	Italy	IT	europe	44.020024	12.612198	35	Europe/Rome	Rimini Miramare Airport | Rimini San Marino International Airport
RML	Colombo Ratmalana International Airport	Colombo	Sri Lanka	LK	asia	6.821638	79.885859	35	Asia/Colombo	
RMO	Chişinău International Airport	Chisinau	Moldova	MD	europe	46.927740	28.931704	35	Europe/Chisinau	KIV | Chişinău
RMQ	Taichung International Airport / Ching Chuang Kang Air Base	Taichung City	Taiwan	TW	asia	24.264700	120.621002	35	Asia/Taipei	Taichung
RMU	Region of Murcia International Airport	Corvera	Spain	ES	europe	37.802852	-1.124884	35	Europe/Madrid	
RNB	Ronneby Airport	Ronneby	Sweden	SE	europe	56.266701	15.265000	15	Europe/Stockholm	
RNI	Corn Island Airport	Corn Island	Nicaragua	NI	americas	12.174785	-83.059445	5	America/Managua	
RNJ	Yoron Airport	Yoron	Japan	JP	asia	27.043847	128.401648	15	Asia/Tokyo	
RNL	Rennell/Tingoa Airport	Rennell Island	Solomon Islands	SB	oceania	-11.550000	160.062778	5	Pacific/Guadalcanal	
RNN	Bornholm Airport	Ronne	Denmark	DK	europe	55.063301	14.759600	15	Europe/Copenhagen	Roenne | Rønne
RNO	Reno Tahoe International Airport	Reno	United States	US	americas	39.499100	-119.767998	35	America/Los_Angeles	
RNS	Rennes-Saint-Jacques Airport	Rennes/Saint-Jacques	France	FR	europe	48.069500	-1.734790	15	Europe/Paris	Rennes Bretagne | Saint-Jacques-de-la-Lande
ROA	Roanoke–Blacksburg Regional Airport	Roanoke	United States	US	americas	37.325500	-79.975403	15	America/New_York	Woodrum Field
ROB	Roberts International Airport	Monrovia	Liberia	LR	africa	6.233790	-10.362300	35	Africa/Monrovia	
ROC	Frederick Douglass Greater Rochester International Airport	Rochester	United States	US	americas	43.118900	-77.672401	35	America/New_York	
ROI	Roi Et Airport	Roi Et	Thailand	TH	asia	16.116800	103.774002	15	Asia/Bangkok	
ROK	Rockhampton Airport	Rockhampton	Australia	AU	oceania	-23.380019	150.475359	15	Australia/Brisbane	
ROO	Maestro Marinho Franco Airport	Rondonopolis	Brazil	BR	americas	-16.584292	-54.724803	15	America/Cuiaba	SWRD | Rondonópolis Airport | Rondonópolis
ROP	Rota International Airport	Rota Island	Northern Mariana Islands	MP	oceania	14.173267	145.241103	35	Pacific/Saipan	
ROR	Roman Tmetuchl International Airport	Babelthuap Island	Palau	PW	oceania	7.366965	134.544085	35	Pacific/Palau	Babelthuap Airport | Palau International Airport
ROS	Rosario Islas Malvinas International Airport	Rosario	Argentina	AR	americas	-32.903600	-60.785000	35	America/Argentina/Cordoba	Fisherton Airport
ROT	Rotorua Regional Airport	Rotorua	New Zealand	NZ	oceania	-38.109200	176.317001	15	Pacific/Auckland	
ROW	Roswell Air Center Airport	Roswell	United States	US	americas	33.301601	-104.530998	15	America/Denver	Roswell Army Air Field | Walker Air Force Base
RPR	Swami Vivekananda Airport	Raipur	India	IN	asia	21.180401	81.738800	15	Asia/Kolkata	VARP | Mana Airport | Raipur Airport
RQA	Ruoqiang Loulan Airport	Ruoqiang	China	CN	asia	38.974722	88.008333	15	Asia/Shanghai	Ruoqiang Town
RRG	Sir Charles Gaetan Duval Airport	Port Mathurin	Mauritius	MU	africa	-19.757668	63.361030	15	Indian/Mauritius	Plaine Corail
RRR	Raroia Airport	Raroia	French Polynesia	PF	oceania	-16.050485	-142.476568	5	Pacific/Tahiti	
RRS	Røros Airport	Roros	Norway	NO	europe	62.578400	11.342300	15	Europe/Oslo	Røros
RSA	Santa Rosa Airport	Santa Rosa	Argentina	AR	americas	-36.588299	-64.275703	15	America/Argentina/Salta	
RSD	Rock Sound International Airport	Rock Sound	Bahamas	BS	americas	24.891650	-76.177602	20	America/Nassau	
RSH	Russian Mission Airport	Russian Mission	United States	US	americas	61.775071	-161.319466	5	America/Anchorage	
RSI	Red Sea International Airport	Hanak	Saudi Arabia	SA	middle_east	25.627975	37.088914	35	Asia/Riyadh	RSI
RST	Rochester International Airport	Rochester	United States	US	americas	43.908298	-92.500000	20	America/Chicago	
RSU	Yeosu Airport	Yeosu	South Korea	KR	asia	34.842300	127.616997	15	Asia/Seoul	
RSW	Southwest Florida International Airport	Fort Myers	United States	US	americas	26.534685	-81.752816	35	America/New_York	
RTA	Rotuma Airport	Rotuma	Fiji	FJ	oceania	-12.482500	177.070999	5	Pacific/Fiji	Elsee
RTB	Juan Manuel Gálvez International Airport	Roatan Island	Honduras	HN	americas	16.316799	-86.523003	35	America/Tegucigalpa	Roatán | Roatan International | Coxen Hole
RTG	Frans Sales Lega Airport	Satar Tacik-Flores Island	Indonesia	ID	asia	-8.596171	120.478177	5	Asia/Makassar	WRKG | Ruteng | Satar Tacik Airport | Satar Tacik
RTM	Rotterdam The Hague Airport	Rotterdam	Netherlands	NL	europe	51.956902	4.437220	30	Europe/Amsterdam	Vliegveld Zestienhoven
RUA	Arua Airport	Arua	Uganda	UG	africa	3.049152	30.911714	15	Africa/Kampala	
RUH	King Khalid International Airport	Riyadh	Saudi Arabia	SA	middle_east	24.957600	46.698799	73	Asia/Riyadh	Riyad
RUL	Maavaarulaa Airport	Gadhdhoo	Maldives	MV	asia	0.338085	73.512869	5	Indian/Maldives	Maavaarulu
RUN	Roland Garros Airport	St Denis	Réunion	RE	africa	-20.890087	55.518894	30	Indian/Reunion	Gillot Airport | Sainte-Marie
RUR	Rurutu Airport	Moerai	French Polynesia	PF	oceania	-22.434099	-151.360992	15	Pacific/Tahiti	
RUS	Marau Airport	Marau	Solomon Islands	SB	oceania	-9.861670	160.824997	5	Pacific/Guadalcanal	
RUT	Rutland - Southern Vermont Regional Airport	Rutland	United States	US	americas	43.529400	-72.949600	15	America/New_York	
RVE	Los Colonizadores Airport	Saravena	Colombia	CO	americas	6.951868	-71.857179	5	America/Bogota	El Eden Airport
RVK	Rørvik Airport, Ryum	Rorvik	Norway	NO	europe	64.838303	11.146100	15	Europe/Oslo	Rørvik
RVN	Rovaniemi Airport	Rovaniemi	Finland	FI	europe	66.563327	25.829751	30	Europe/Helsinki	
RVY	Pres. Gral. Óscar D. Gestido Binational Airport	Rivera	Uruguay	UY	americas	-30.974600	-55.476200	15	America/Montevideo	Santana do Livramento | Cerro Chapeu International Airport | Rivera/Santana do Livramento
RXS	Roxas Airport	Roxas City	Philippines	PH	asia	11.597700	122.751999	15	Asia/Manila	
RYK	Shaikh Zaid Airport	Rahim Yar Khan	Pakistan	PK	asia	28.383900	70.279602	15	Asia/Karachi	Rahim Yar Khan Airport
RYO	28 de Noviembre Airport	El Turbio	Argentina	AR	americas	-51.605000	-72.220300	5	America/Argentina/Rio_Gallegos	Rio Turbio
RZE	Rzeszów-Jasionka Airport	Rzeszow	Poland	PL	europe	50.109791	22.024155	30	Europe/Warsaw	Jasionka
RZR	Ramsar Airport	Ramsar	Iran	IR	middle_east	36.907010	50.687316	15	Asia/Tehran	
RZV	Rize–Artvin Airport	Rize	Turkey	TR	europe	41.179766	40.848802	15	Europe/Istanbul	
SAB	Juancho E. Yrausquin Airport	Saba	Caribbean Netherlands	BQ	americas	17.645330	-63.220514	15	America/Kralendijk	The Bottom | Zion's Hill
SAF	Santa Fe Municipal Airport	Santa Fe	United States	US	americas	35.617100	-106.088997	15	America/Denver	
SAG	Shirdi International Airport	Kakadi	India	IN	asia	19.689211	74.373655	35	Asia/Kolkata	Ahmednagar | Saibaba
SAH	Sanaa International Airport	Sana'a	Yemen	YE	middle_east	15.476300	44.219700	35	Asia/Aden	Sanaa
SAI	Siem Reap-Angkor International Airport	Siem Reap	Cambodia	KH	asia	13.369740	104.223831	35	Asia/Phnom_Penh	
SAL	El Salvador International Airport Saint Óscar Arnulfo Romero y Galdámez	Santa Clara	El Salvador	SV	americas	13.444470	-89.055784	35	America/El_Salvador	Comalapa International Airport | San Salvador
SAN	San Diego International Airport	San Diego	United States	US	americas	32.733601	-117.190002	35	America/Los_Angeles	Lindbergh Field
SAP	Ramón Villeda Morales International Airport	La Mesa	Honduras	HN	americas	15.452600	-87.923599	35	America/Tegucigalpa	San Pedro Sula
SAQ	San Andros Airport	Andros Island	Bahamas	BS	americas	25.053801	-78.049004	15	America/Nassau	
SAT	San Antonio International Airport	San Antonio	United States	US	americas	29.533701	-98.469803	35	America/Chicago	
SAV	Savannah Hilton Head International Airport	Savannah	United States	US	americas	32.126591	-81.199980	35	America/New_York	
SAW	Istanbul Sabiha Gökçen International Airport	Istanbul	Turkey	TR	europe	40.898602	29.309200	35	Europe/Istanbul	Sabiha Gökçen Havalimanı | Pendik
SBA	Santa Barbara Municipal Airport	Santa Barbara	United States	US	americas	34.426201	-119.839996	15	America/Los_Angeles	
SBD	San Bernardino International Airport	San Bernardino	United States	US	americas	34.096717	-117.236596	35	America/Los_Angeles	Norton AFB | San Bernardino Air Depot
SBH	St. Jean Airport	Gustavia	Saint Barthélemy	BL	americas	17.904398	-62.843333	15	America/St_Barthelemy	Gustaf III Rémy de Haenen | Saint Barthélemy Airport | Saint-Jean | Aérodrome de St Jean | Saint Barth | St. Barts
SBN	South Bend International Airport	South Bend	United States	US	americas	41.708304	-86.316922	20	America/Indiana/Indianapolis	
SBP	San Luis County Regional Airport	San Luis Obispo	United States	US	americas	35.236801	-120.641998	15	America/Los_Angeles	SLO Airport
SBR	Saibai Island Airport	Saibai Island	Australia	AU	oceania	-9.378330	142.625000	5	Australia/Brisbane	
SBT	Sabetta International Airport	Sabetta	Russia	RU	europe	71.219167	72.052222	20	Asia/Yekaterinburg	Oil & Gas | Yamal LNG project | Sabetta terminal port | NOVATEK
SBW	Sibu Airport	Sibu	Malaysia	MY	asia	2.261600	111.985001	15	Asia/Kuching	
SBY	Salisbury Ocean City Wicomico Regional Airport	Salisbury	United States	US	americas	38.340500	-75.510300	15	America/New_York	
SBZ	Sibiu International Airport	Sibiu	Romania	RO	europe	45.785841	24.086666	35	Europe/Bucharest	
SCC	Deadhorse Airport	Deadhorse	United States	US	americas	70.194702	-148.464996	15	America/Anchorage	
SCE	State College Regional Airport	State College	United States	US	americas	40.849374	-77.848520	15	America/New_York	University Park
SCK	Stockton Metropolitan Airport	Stockton	United States	US	americas	37.893279	-121.238079	15	America/Los_Angeles	
SCL	Comodoro Arturo Merino Benítez International Airport	Santiago	Chile	CL	americas	-33.393002	-70.785797	35	America/Santiago	
SCM	Scammon Bay Airport	Scammon Bay	United States	US	americas	61.844710	-165.575209	5	America/Nome	
SCN	Saarbrücken Airport	Saarbrucken	Germany	DE	europe	49.214545	7.109735	15	Europe/Berlin	Saarbrücken
SCO	Aktau International Airport	Aktau	Kazakhstan	KZ	asia	43.860093	51.090860	35	Asia/Aqtau	Akshukyr
SCQ	Santiago-Rosalía de Castro Airport	Santiago de Compostela	Spain	ES	europe	42.896301	-8.415140	30	Europe/Madrid	
SCR	Scandinavian Mountains Airport	Sälen	Sweden	SE	europe	61.165080	12.833520	30	Europe/Stockholm	Sälens Flygplats | Trysil | Sälen Trysil Airport | Sälen/Scandinavian Mountains Airport | Malung-Sälen
SCT	Socotra Airport	Socotra Islands	Yemen	YE	middle_east	12.632093	53.906173	15	Asia/Aden	Hadibu | Mori
SCU	Antonio Maceo International Airport	Santiago	Cuba	CU	americas	19.974740	-75.835504	35	America/Havana	
SCV	Suceava Ștefan cel Mare International Airport	Suceava	Romania	RO	europe	47.687500	26.354099	35	Europe/Bucharest	
SCW	Syktyvkar Airport	Syktyvkar	Russia	RU	europe	61.646999	50.845100	15	Europe/Moscow	
SCY	San Cristóbal Airport	San Cristobal	Ecuador	EC	americas	-0.910206	-89.617401	5	Pacific/Galapagos	Puerto Baquerizo Moreno
SCZ	Santa Cruz/Graciosa Bay/Luova Airport	Santa Cruz/Graciosa Bay/Luova	Solomon Islands	SB	oceania	-10.720300	165.794998	5	Pacific/Guadalcanal	
SDD	Lubango Mukanka International Airport	Lubango	Angola	AO	africa	-14.924839	13.576653	20	Africa/Luanda	
SDE	Vicecomodoro Angel D. La Paz Aragonés Airport	Santiago del Estero	Argentina	AR	americas	-27.765556	-64.309998	15	America/Argentina/Cordoba	
SDF	Louisville Muhammad Ali International Airport	Louisville	United States	US	americas	38.170600	-85.735076	35	America/Kentucky/Louisville	Louisville International | Standiford Field
SDG	Sanandaj Airport	Sanandaj	Iran	IR	middle_east	35.245899	47.009201	15	Asia/Tehran	
SDJ	Sendai Airport	Sendai	Japan	JP	asia	38.139702	140.917007	30	Asia/Tokyo	Natori
SDK	Sandakan Airport	Sandakan	Malaysia	MY	asia	5.900900	118.058998	15	Asia/Kuching	
SDL	Sundsvall-Härnösand Airport	Sundsvall/ Harnosand	Sweden	SE	europe	62.528099	17.443899	15	Europe/Stockholm	Sundsvall/ Härnösand
SDN	Sandane Airport, Anda	Sandane	Norway	NO	europe	61.830002	6.105830	5	Europe/Oslo	
SDP	Sand Point Airport	Sand Point	United States	US	americas	55.313908	-160.522099	15	America/Anchorage	
SDQ	Las Américas International Airport	Santo Domingo	Dominican Republic	DO	americas	18.429701	-69.668900	35	America/Santo_Domingo	Aeropuerto Internacional de Las Américas | José Francisco Peña Gómez Intl
SDR	Seve Ballesteros-Santander Airport	Santander	Spain	ES	europe	43.427101	-3.820010	15	Europe/Madrid	
SDS	Sado Airport	Sado	Japan	JP	asia	38.060200	138.414001	15	Asia/Tokyo	
SDU	Santos Dumont Airport	Rio De Janeiro	Brazil	BR	americas	-22.910397	-43.162820	30	America/Sao_Paulo	RIO
SDY	Sidney - Richland Regional Airport	Sidney	United States	US	americas	47.705141	-104.194422	15	America/Denver	
SEA	Seattle–Tacoma International Airport	Seattle	United States	US	americas	47.447943	-122.310276	74	America/Los_Angeles	Sea-Tac Airport | SeaTac Airport
SEB	Sabha Airport	Sabha	Libya	LY	africa	26.992452	14.466162	15	Africa/Tripoli	Sebha
SEN	London Southend Airport	Southend	United Kingdom	GB	europe	51.570562	0.693627	15	Europe/London	RAF Rochford | Southend-on-Sea
SEU	Seronera Airport	Seronera	Tanzania	TZ	africa	-2.458060	34.822498	5	Africa/Dar_es_Salaam	
SEZ	Seychelles International Airport	Mahe Island	Seychelles	SC	africa	-4.674340	55.521801	35	Indian/Mahe	Aéroport de la Pointe Larue | Point La Rue | Point Larue | Mahé Island | Victoria
SFA	Sfax Thyna International Airport	Sfax	Tunisia	TN	africa	34.717999	10.691000	20	Africa/Tunis	
SFB	Orlando Sanford International Airport	Orlando	United States	US	americas	28.774277	-81.234626	35	America/New_York	
SFC	St-François Airport	St-Francois	Guadeloupe	GP	americas	16.257799	-61.262501	5	America/Guadeloupe	St-François
SFG	Grand Case-l'Espérance Airport	Grand Case	Saint Martin	MF	americas	18.100057	-63.047444	15	America/Lower_Princes	Aérodrome de Grand-Case Espérance | CCE | Saint-Martin
SFJ	Kangerlussuaq International Airport	Kangerlussuaq	Greenland	GL	americas	67.010446	-50.715294	20	America/Nuuk	Bluie West 8 | Sondrestrom Air Base | Sondrestromfjord Air Base
SFL	São Filipe Airport	Sao Filipe	Cape Verde	CV	africa	14.885000	-24.480000	5	Atlantic/Cape_Verde	Fogo Island | São Filipe
SFN	Sauce Viejo Airport	Santa Fe	Argentina	AR	americas	-31.711700	-60.811700	15	America/Argentina/Cordoba	
SFO	San Francisco International Airport	San Francisco	United States	US	americas	37.619806	-122.374821	89	America/Los_Angeles	QSF | QBA
SFS	Subic Bay International Airport / Naval Air Station Cubi Point	Olongapo City	Philippines	PH	asia	14.794833	120.271883	35	Asia/Manila	Paliparang Pandaigdig ng Look ng Subic | Naval Air Station Cubi Point | Olongapo
SFT	Skellefteå Airport	Skelleftea	Sweden	SE	europe	64.624802	21.076900	15	Europe/Stockholm	Skellefteå
SGC	Surgut International Airport	Surgut	Russia	RU	europe	61.340501	73.405782	35	Asia/Yekaterinburg	
SGD	Sønderborg Airport	Sonderborg	Denmark	DK	europe	54.964401	9.791730	15	Europe/Copenhagen	Soenderborg | Sønderborg
SGF	Springfield Branson National Airport	Springfield	United States	US	americas	37.245047	-93.388596	15	America/Chicago	
SGN	Tan Son Nhat International Airport	Ho Chi Minh City	Vietnam	VN	asia	10.818800	106.652000	35	Asia/Ho_Chi_Minh	Tansonnhat | Sài Gòn | Saigon | Tan Son Nhut Air Base | Tan Son Nhut Airfield
SGO	St George Airport	St George	Australia	AU	oceania	-28.049700	148.595001	5	Australia/Brisbane	
SGU	St George Regional Airport	St George	United States	US	americas	37.036389	-113.510306	15	America/Denver	DXZ
SGY	Skagway Airport	Skagway	United States	US	americas	59.460343	-135.316651	5	America/Juneau	
SHA	Shanghai Hongqiao International Airport	Shanghai	China	CN	asia	31.198104	121.334260	35	Asia/Shanghai	
SHB	Nakashibetsu Airport	Nakashibetsu	Japan	JP	asia	43.577499	144.960007	15	Asia/Tokyo	
SHC	Shire Inda Selassie Airport	Shire	Ethiopia	ET	africa	14.075699	38.273592	5	Africa/Addis_Ababa	Indaselassie | Indasilase | Shire Inda Selassie
SHD	Shenandoah Valley Regional Airport	Staunton/Waynesboro/Harrisonburg	United States	US	americas	38.263802	-78.896400	15	America/New_York	Harrisonburg | Staunton | Waynesboro | Weyers Cave
SHE	Shenyang Taoxian International Airport	Shenyang	China	CN	asia	41.639800	123.483668	35	Asia/Shanghai	
SHF	Shihezi Huayuan Airport	Shihezi	China	CN	asia	44.242100	85.890500	5	Asia/Shanghai	
SHG	Shungnak Airport	Shungnak	United States	US	americas	66.888100	-157.162003	5	America/Anchorage	
SHH	Shishmaref Airport	Shishmaref	United States	US	americas	66.249604	-166.089112	5	America/Nome	K09
SHI	Shimojishima Airport	Miyakojima	Japan	JP	asia	24.826700	125.144997	15	Asia/Tokyo	Miyako | Shimoji | Shimojijima
SHJ	Sharjah International Airport	Sharjah	United Arab Emirates	AE	middle_east	25.328600	55.517200	35	Asia/Dubai	
SHL	Shillong Airport	Shillong	India	IN	asia	25.703600	91.978699	15	Asia/Kolkata	Barapani Airport | Barapani Air Force Station | Umroi Airport
SHM	Nanki Shirahama Airport	Shirahama	Japan	JP	asia	33.662201	135.363998	15	Asia/Tokyo	
SHO	King Mswati III International Airport	Manzini	Eswatini	SZ	africa	-26.358611	31.716944	35	Africa/Mbabane	Sikhuphe International Airport | Mpaka
SHR	Sheridan County Airport	Sheridan	United States	US	americas	44.769199	-106.980003	15	America/Denver	
SHS	Jingzhou Shashi Airport	Shashi	China	CN	asia	30.292810	112.448540	15	Asia/Shanghai	Jingzhou
SHV	Shreveport Regional Airport	Shreveport	United States	US	americas	32.444747	-93.826741	15	America/Chicago	
SHW	Sharurah Domestic Airport	Sharurah	Saudi Arabia	SA	middle_east	17.466900	47.121399	15	Asia/Riyadh	
SHY	Shinyanga Airport	Shinyanga	Tanzania	TZ	africa	-3.609300	33.503500	5	Africa/Dar_es_Salaam	
SID	Amílcar Cabral International Airport	Espargos	Cape Verde	CV	africa	16.741400	-22.949400	35	Atlantic/Cape_Verde	Sal Island
SIF	Simara Airport	Simara	Nepal	NP	asia	27.159803	84.980021	5	Asia/Kathmandu	
SIG	Fernando Luis Ribas Dominicci Airport	San Juan	Puerto Rico	PR	americas	18.456800	-66.098099	15	America/Puerto_Rico	Isla Grande
SIH	Silgadi Doti Airport	Silgadi Doti	Nepal	NP	asia	29.262226	80.935968	5	Asia/Kathmandu	
SIN	Singapore Changi Airport	Singapore	Singapore	SG	asia	1.350190	103.994003	90	Asia/Singapore	RAF Changi
SIS	Sishen Airport	Sishen	South Africa	ZA	africa	-27.648600	22.999300	15	Africa/Johannesburg	
SIT	Sitka Rocky Gutierrez Airport	Sitka	United States	US	americas	57.047100	-135.362000	15	America/Sitka	
SJC	Mineta San Jose International Airport	San Jose	United States	US	americas	37.362452	-121.929188	35	America/Los_Angeles	
SJD	Los Cabos International Airport	San Jose del Cabo	Mexico	MX	americas	23.151919	-109.720731	35	America/Mazatlan	San José del Cabo
SJE	Jorge E. Gonzalez Torres Airport	San Jose Del Guaviare	Colombia	CO	americas	2.579690	-72.639400	15	America/Bogota	San José Del Guaviare
SJI	San Jose Airport	San Jose	Philippines	PH	asia	12.361500	121.046997	15	Asia/Manila	McGuire Field
SJJ	Sarajevo International Airport	Sarajevo	Bosnia and Herzegovina	BA	europe	43.824600	18.331499	35	Europe/Sarajevo	
SJK	Professor Urbano Ernesto Stumpf Airport	Sao Jose Dos Campos	Brazil	BR	americas	-23.229200	-45.861500	15	America/Sao_Paulo	São José Dos Campos
SJL	São Gabriel da Cachoeira Airport	Sao Gabriel Da Cachoeira	Brazil	BR	americas	-0.148350	-66.985500	15	America/Manaus	Uaupés | São Gabriel da Cachoeira
SJO	Juan Santamaría International Airport	San Jose	Costa Rica	CR	americas	9.993860	-84.208801	35	America/Costa_Rica	San José
SJP	Prof. Eribelto Manoel Reino State Airport	Sao Jose Do Rio Preto	Brazil	BR	americas	-20.817113	-49.406963	15	America/Sao_Paulo	São José do Rio Preto Airport | São José do Rio Preto
SJT	San Angelo Regional Mathis Field	San Angelo	United States	US	americas	31.357700	-100.496002	15	America/Chicago	
SJU	Luis Munoz Marin International Airport	San Juan	Puerto Rico	PR	americas	18.439400	-66.001801	35	America/Puerto_Rico	Isla Verde
SJW	Shijiazhuang Zhengding International Airport	Shijiazhuang	China	CN	asia	38.280701	114.696999	35	Asia/Shanghai	Daguocun
SJZ	São Jorge Airport	Velas	Portugal	PT	europe	38.665501	-28.175800	15	Atlantic/Azores	
SKB	Robert L. Bradshaw International Airport	Basseterre	Saint Kitts and Nevis	KN	americas	17.310845	-62.719117	35	America/St_Kitts	
SKD	Samarkand International Airport	Samarkand	Uzbekistan	UZ	asia	39.701842	66.981467	35	Asia/Samarkand	UTSS
SKG	Thessaloniki Macedonia International Airport	Thessaloniki	Greece	GR	europe	40.519280	22.970009	35	Europe/Athens	Makedonia. Macedonia. Salonica
SKH	Surkhet Airport	Surkhet	Nepal	NP	asia	28.586000	81.636002	5	Asia/Kathmandu	
SKK	Shaktoolik Airport	Shaktoolik	United States	US	americas	64.371101	-161.223999	5	America/Anchorage	
SKN	Stokmarknes Airport, Skagen	Hadsel	Norway	NO	europe	68.578827	15.033417	15	Europe/Oslo	Stokmarknes lufthavn | Skagen
SKO	Sadiq Abubakar III International Airport	Sokoto	Nigeria	NG	africa	12.915729	5.207547	35	Africa/Lagos	Sultan Saddik Abubakar Airport
SKP	Skopje International Airport	Skopje	North Macedonia	MK	europe	41.958087	21.622581	35	Europe/Skopje	Petrovec | Ilinden
SKT	Sialkot International Airport	Sialkot	Pakistan	PK	asia	32.535941	74.364623	35	Asia/Karachi	
SKU	Skiros Airport	Skiros Island	Greece	GR	europe	38.967602	24.487200	5	Europe/Athens	
SKX	Saransk International Airport	Saransk	Russia	RU	europe	54.125130	45.212257	35	Europe/Moscow	
SKZ	Begum Nusrat Bhutto International Airport Sukkur	Mirpur Khas	Pakistan	PK	asia	27.722000	68.791702	20	Asia/Karachi	Sukkur Airport | Sukkur
SLA	Martín Miguel de Güemes International Airport	Salta	Argentina	AR	americas	-24.856001	-65.486198	35	America/Argentina/Salta	
SLC	Salt Lake City International Airport	Salt Lake City	United States	US	americas	40.788860	-111.979866	35	America/Denver	
SLD	Sliač Airport	Sliac	Slovakia	SK	europe	48.637798	19.134100	15	Europe/Bratislava	Sliač
SLE	Salem-Willamette Valley Airport/McNary Field	Salem	United States	US	americas	44.909500	-123.002998	15	America/Los_Angeles	4OR1
SLH	Sola Airport	Sola	Vanuatu	VU	oceania	-13.851700	167.537003	5	Pacific/Efate	Vanua Lava Airport
SLI	Solwesi Airport	Solwesi	Zambia	ZM	africa	-12.173700	26.365101	5	Africa/Lusaka	Solwezi Airport
SLK	Adirondack Regional Airport	Saranac Lake	United States	US	americas	44.386910	-74.204629	15	America/New_York	
SLL	Salalah International Airport	Salalah	Oman	OM	middle_east	17.038700	54.091301	35	Asia/Muscat	
SLM	Salamanca Airport	Salamanca	Spain	ES	europe	40.952099	-5.501990	15	Europe/Madrid	
SLN	Salina Municipal Airport	Salina	United States	US	americas	38.791000	-97.652199	15	America/Chicago	
SLP	Ponciano Arriaga International Airport	San Luis Potosi	Mexico	MX	americas	22.262026	-100.935692	20	America/Mexico_City	Estafeta | San Luis Potosí
SLQ	Sleetmute Airport	Sleetmute	United States	US	americas	61.700500	-157.166000	5	America/Anchorage	
SLU	George F. L. Charles Airport	Castries	Saint Lucia	LC	americas	14.020200	-60.992901	15	America/St_Lucia	Vigie Airport
SLW	Plan de Guadalupe International Airport	Saltillo	Mexico	MX	americas	25.537860	-100.928346	20	America/Monterrey	Saltillo International Airport
SLX	Salt Cay Airport	Salt Cay	Turks and Caicos Islands	TC	americas	21.333000	-71.199997	5	America/Grand_Turk	
SLY	Salekhard Airport	Salekhard	Russia	RU	europe	66.590797	66.611000	15	Asia/Yekaterinburg	
SLZ	Marechal Cunha Machado International Airport	Sao Luis	Brazil	BR	americas	-2.586386	-44.235008	35	America/Fortaleza	São Luís
SMA	Santa Maria Airport	Vila do Porto	Portugal	PT	europe	36.971401	-25.170601	15	Atlantic/Azores	
SMF	Sacramento International Airport	Sacramento	United States	US	americas	38.695400	-121.591003	35	America/Los_Angeles	
SMI	Samos Airport	Samos Island	Greece	GR	europe	37.689999	26.911699	15	Europe/Athens	
SMK	St Michael Airport	St Michael	United States	US	americas	63.490101	-162.110001	5	America/Nome	5S8
SML	Stella Maris Airport	Stella Maris	Bahamas	BS	americas	23.582317	-75.268621	15	America/Nassau	
SMN	Lemhi County Airport	Salmon	United States	US	americas	45.122233	-113.881960	15	America/Boise	
SMQ	Sampit (H.Asan) Airport	Sampit-Borneo Island	Indonesia	ID	asia	-2.499198	112.974987	5	Asia/Pontianak	WRBS | WAOS | Sampit
SMR	Simón Bolívar International Airport	Santa Marta	Colombia	CO	americas	11.119600	-74.230600	20	America/Bogota	
SMS	Sainte Marie Airport	Sainte Marie	Madagascar	MG	africa	-17.093901	49.815800	15	Indian/Antananarivo	Vohilava
SMW	Smara Airport	Smara	Western Sahara (disputed territory)	EH	africa	26.731987	-11.683655	15	Africa/El_Aaiun	GSMA | Semara | Semara Airport
SMX	Santa Maria Public Airport Captain G Allan Hancock Field	Santa Maria	United States	US	americas	34.898899	-120.457001	15	America/Los_Angeles	
SNA	John Wayne Orange County International Airport	Santa Ana	United States	US	americas	33.675063	-117.869281	35	America/Los_Angeles	Disney | Disneyland | Orange County
SNB	Snake Bay Airport	Milikapiti	Australia	AU	oceania	-11.417674	130.648481	15	Australia/Darwin	YSNB | Austin Strip | RAAF Melville Island
SNC	General Ulpiano Paez International Airport	Salinas	Ecuador	EC	americas	-2.210057	-80.985067	35	America/Guayaquil	Salinas/La Libertad
SNE	Preguiça Airport	Preguica	Cape Verde	CV	africa	16.588852	-24.284132	15	Atlantic/Cape_Verde	Sao Nicolau Island | Preguiça
SNN	Shannon Airport	Shannon	Ireland	IE	europe	52.702000	-8.924820	30	Europe/Dublin	
SNO	Sakon Nakhon Airport	Sakon Nakhon	Thailand	TH	asia	17.195101	104.119003	15	Asia/Bangkok	
SNP	St Paul Island Airport	St Paul Island	United States	US	americas	57.166311	-170.222555	15	America/Nome	Pribilof
SNU	Abel Santamaria International Airport	Santa Clara	Cuba	CU	americas	22.492215	-79.943119	35	America/Havana	
SNV	Santa Elena de Uairén Airport	Santa Elena de Uairen	Venezuela	VE	americas	4.554699	-61.145234	15	America/Caracas	Santa Elena de Uairén
SNW	Thandwe Airport	Thandwe	Myanmar	MM	asia	18.460699	94.300102	15	Asia/Yangon	
SNX	Semnan Municipal Airport	Semnan	Iran	IR	middle_east	35.591099	53.495098	5	Asia/Tehran	
SOB	Hévíz–Balaton Airport	Sarmellek	Hungary	HU	europe	46.686391	17.159084	15	Europe/Budapest	Sármellék International | FlyBatalon Airport | Batalon Airport | Sármellék Nemzetközi Repülőtér | Sármellék
SOC	Adisoemarmo International Airport	Sukarata(Solo)-Java Island	Indonesia	ID	asia	-7.516044	110.757492	35	Asia/Jakarta	WRSQ | WARQ | Adi Soemarmo | Adi Sumarmo | Surakarta
SOD	Sorocaba Airport	Sorocaba	Brazil	BR	americas	-23.478001	-47.490002	5	America/Sao_Paulo	
SOF	Sofia Airport	Sofia	Bulgaria	BG	europe	42.696357	23.417671	30	Europe/Sofia	Sofia International Airport | Vrazhdebna Air Base
SOG	Sogndal Airport, Haukåsen	Sogndal	Norway	NO	europe	61.156101	7.137780	5	Europe/Oslo	Haukåsen
SOJ	Sørkjosen Airport	Sorkjosen	Norway	NO	europe	69.786797	20.959400	15	Europe/Oslo	Sørkjosen
SOM	San Tomé Airport	El Tigre	Venezuela	VE	americas	8.945147	-64.151085	15	America/Caracas	Don Edmundo Barrios | San José de Guanipa
SON	Santo Pekoa International Airport	Luganville	Vanuatu	VU	oceania	-15.505000	167.220001	20	Pacific/Efate	
SOQ	Domine Eduard Osok Airport	Sorong-Papua Island	Indonesia	ID	asia	-0.894000	131.287000	15	Asia/Jayapura	WAXX | Sorong
SOU	Southampton Airport	Southampton	United Kingdom	GB	europe	50.950298	-1.356800	15	Europe/London	RAF Eastleigh | RAF Southampton
SOV	Seldovia Airport	Seldovia	United States	US	americas	59.442981	-151.705227	5	America/Anchorage	
SOW	Show Low Regional Airport	Show Low	United States	US	americas	34.264062	-110.007091	15	America/Phoenix	
SOY	Stronsay Airport	Stronsay	United Kingdom	GB	europe	59.155300	-2.641390	5	Europe/London	
SPC	La Palma Airport	Sta Cruz de la Palma	Spain	ES	europe	28.626499	-17.755600	15	Atlantic/Canary	
SPD	Saidpur Airport	Saidpur	Bangladesh	BD	asia	25.759199	88.908897	15	Asia/Dhaka	
SPI	Abraham Lincoln Capital Airport	Springfield	United States	US	americas	39.844101	-89.677902	15	America/Chicago	
SPN	Saipan International Airport	Saipan Island	Northern Mariana Islands	MP	oceania	15.119384	145.728848	20	Pacific/Saipan	Francisco C. Ada | I Fadang
SPP	Menongue Airport	Menongue	Angola	AO	africa	-14.657600	17.719801	15	Africa/Luanda	
SPR	John Greif II Airport	San Pedro	Belize	BZ	americas	17.913900	-87.971100	15	America/Belize	
SPS	Wichita Falls Municipal Airport / Sheppard Air Force Base	Wichita Falls	United States	US	americas	33.988800	-98.491898	15	America/Chicago	Sheppard Air Force Base
SPU	Split Saint Jerome Airport	Split	Croatia	HR	europe	43.538898	16.298000	30	Europe/Zagreb	
SPX	Sphinx International Airport	Giza	Egypt	EG	africa	30.108179	30.895728	35	Africa/Cairo	Al Jiza
SPY	San Pedro Airport	San-Pedro	Côte d'Ivoire	CI	africa	4.746720	-6.660820	15	Africa/Abidjan	
SQD	Shangrao Sanqingshan Airport	San Francisco de Yeso	China	CN	asia	28.379700	117.964300	15	America/Lima	Shangrao
SQG	Tebelian Airport	Sintang-Borneo Island	Indonesia	ID	asia	-0.045214	111.458049	15	Asia/Pontianak	Sintang
SQJ	Sanming Shaxian Airport	Sanming	China	CN	asia	26.426300	117.833600	15	Asia/Shanghai	
SQL	San Carlos Airport	San Carlos	United States	US	americas	37.513130	-122.250838	15	America/Los_Angeles	San Carlos-Belmont Airport | San Mateo Country Airport
SRA	Luis Alberto Lehr Airport	Santa Rosa	Brazil	BR	americas	-27.906580	-54.520628	5	America/Sao_Paulo	
SRE	Alcantarí International Airport	Sucre	Bolivia	BO	americas	-19.246835	-65.149611	35	America/La_Paz	Yamparaez
SRG	Jenderal Ahmad Yani Airport	Semarang-Java Island	Indonesia	ID	asia	-6.970732	110.373244	30	Asia/Jakarta	WIIS | WARS | Semarang
SRP	Stord Airport, Sørstokken	Leirvik	Norway	NO	europe	59.791901	5.340850	15	Europe/Oslo	Sorstokken | Sørstokken
SRQ	Sarasota Bradenton International Airport	Sarasota/Bradenton	United States	US	americas	27.394631	-82.554359	35	America/New_York	
SRT	Soroti Airport	Soroti	Uganda	UG	africa	1.727690	33.622799	15	Africa/Kampala	
SRY	Sari Dasht-e Naz International Airport	Sari	Iran	IR	middle_east	36.644408	53.188761	20	Asia/Tehran	
SRZ	El Trompillo Airport	Santa Cruz	Bolivia	BO	americas	-17.811600	-63.171501	15	America/La_Paz	
SSA	Deputado Luiz Eduardo Magalhães International Airport	Salvador	Brazil	BR	americas	-12.908611	-38.322498	35	America/Bahia	Dois de Julho
SSG	Malabo International Airport	Malabo	Equatorial Guinea	GQ	africa	3.755270	8.708720	35	Africa/Malabo	Fernando Poo
SSH	Sharm El Sheikh International Airport	Sharm el-Sheikh	Egypt	EG	africa	27.977272	34.394717	35	Africa/Cairo	Sharm El Sheikh
SSJ	Sandnessjøen Airport, Stokka	Alstahaug	Norway	NO	europe	65.956802	12.468900	15	Europe/Oslo	
SSR	Sara Airport	Pentecost Island	Vanuatu	VU	oceania	-15.470800	168.151993	5	Pacific/Efate	
SST	Santa Teresita Airport	Santa Teresita	Argentina	AR	americas	-36.542300	-56.721800	15	America/Argentina/Buenos_Aires	
SSY	Mbanza Congo Airport	Mbanza Congo	Angola	AO	africa	-6.269900	14.247000	15	Africa/Luanda	
STC	Saint Cloud Regional Airport	St Cloud	United States	US	americas	45.546600	-94.059898	15	America/Chicago	Saint Cloud
STD	Mayor Buenaventura Vivas International Airport	Santo Domingo	Venezuela	VE	americas	7.565380	-72.035103	20	America/Caracas	
STG	St George Airport	St George	United States	US	americas	56.577345	-169.663823	15	America/Nome	A8L
STI	Cibao International Airport	Santiago	Dominican Republic	DO	americas	19.404060	-70.604431	35	America/Santo_Domingo	
STL	St. Louis Lambert International Airport	St Louis	United States	US	americas	38.748697	-90.370003	35	America/Chicago	Lambert St Louis
STM	Santarém - Maestro Wilson Fonseca International Airport	Santarem	Brazil	BR	americas	-2.422423	-54.793060	20	America/Santarem	Santarém
STN	London Stansted Airport	London	United Kingdom	GB	europe	51.884998	0.235000	60	Europe/London	LON
STR	Stuttgart Airport	Stuttgart	Germany	DE	europe	48.689899	9.221960	30	Europe/Berlin	
STS	Charles M. Schulz Sonoma County Airport	Santa Rosa	United States	US	americas	38.508999	-122.813003	15	America/Los_Angeles	
STT	Cyril E. King Airport	Charlotte Amalie	U.S. Virgin Islands	VI	americas	18.337091	-64.977251	30	America/St_Thomas	Harry S. Truman Airport
STV	Surat International Airport	Surat	India	IN	asia	21.115531	72.743251	35	Asia/Kolkata	
STW	Stavropol Shpakovskoye Airport	Stavropol	Russia	RU	europe	45.109200	42.112801	15	Europe/Moscow	
STX	Henry E. Rohlsen Airport	Christiansted	U.S. Virgin Islands	VI	americas	17.701413	-64.802608	15	America/St_Thomas	St Croix
SUB	Juanda International Airport	Surabaya	Indonesia	ID	asia	-7.379830	112.787003	35	Asia/Jakarta	WRSJ | Sedati | Sidoarjo
SUF	Lamezia Terme Sant'Eufemia International Airport	Lamezia Terme	Italy	IT	europe	38.906214	16.246007	35	Europe/Rome	
SUG	Surigao Airport	Surigao City	Philippines	PH	asia	9.755838	125.480947	15	Asia/Manila	
SUI	Vladislav Ardzinba Sukhum International Airport	Sukhumi	Georgia	GE	asia	42.858200	41.128101	35	Asia/Tbilisi	Babushara Airport | Sukhumi Dranda | UG29 | URAS | Sukhumi Babushara
SUJ	Satu Mare International Airport	Satu Mare	Romania	RO	europe	47.703300	22.885700	20	Europe/Bucharest	
SUN	Friedman Memorial Airport	Hailey	United States	US	americas	43.504398	-114.295998	15	America/Boise	
SUR	Summer Beaver Airport	Summer Beaver	Canada	CA	americas	52.708599	-88.541901	5	America/Toronto	JV7
SUV	Nausori International Airport	Nausori	Fiji	FJ	oceania	-18.044226	178.561486	35	Pacific/Fiji	
SUX	Sioux Gateway Airport / Brigadier General Bud Day Field	Sioux City	United States	US	americas	42.397605	-96.382237	15	America/Chicago	Col. Bud Day | Sioux City AB | Sioux City AAB
SUY	Suntar Airport	Suntar	Russia	RU	europe	62.185001	117.635002	5	Asia/Yakutsk	
SVA	Savoonga Airport	Savoonga	United States	US	americas	63.686401	-170.492996	15	America/Nome	
SVB	Sambava Airport	Sambava	Madagascar	MG	africa	-14.278600	50.174702	15	Indian/Antananarivo	
SVC	Grant County Airport	Silver City	United States	US	americas	32.636701	-108.154736	15	America/Denver	
SVD	Argyle International Airport	Argyle	Saint Vincent and the Grenadines	VC	americas	13.159725	-61.148801	35	America/St_Vincent	Kingstown
SVG	Stavanger Airport, Sola	Stavanger	Norway	NO	europe	58.876701	5.637780	30	Europe/Oslo	Sola Air Station | Stavanger lufthavn | Sola
SVI	Eduardo Falla Solano Airport	San Vicente Del Caguan	Colombia	CO	americas	2.152170	-74.766300	15	America/Bogota	San Vicente Del Caguán
SVJ	Svolvær Airport, Helle	Svolvaer	Norway	NO	europe	68.243301	14.669200	15	Europe/Oslo	Svolvær lufthavn | Helle | Svolvær
SVL	Savonlinna Airport	Savonlinna	Finland	FI	europe	61.943100	28.945101	15	Europe/Helsinki	
SVO	Sheremetyevo International Airport	Moscow	Russia	RU	europe	55.977486	37.386677	35	Europe/Moscow	MOW | Alexander S. Pushkin
SVQ	Seville Airport	Sevilla	Spain	ES	europe	37.417999	-5.893110	30	Europe/Madrid	Sevilla Airport | Seville
SVU	Savusavu Airport	Savusavu	Fiji	FJ	oceania	-16.803394	179.340587	5	Pacific/Fiji	
SVX	Koltsovo Airport	Yekaterinburg	Russia	RU	europe	56.743099	60.802700	30	Asia/Yekaterinburg	
SVZ	Juan Vicente Gómez International Airport	San Antonio del Tachira	Venezuela	VE	americas	7.840809	-72.439878	20	America/Bogota	
SWA	Jieyang Chaoshan International Airport	Shantou	China	CN	asia	23.552000	116.503300	35	Asia/Shanghai	Jieyang
SWF	New York Stewart International Airport	Newburgh	United States	US	americas	41.504210	-74.108901	20	America/New_York	
SWL	San Vicente Airport	San Vicente	Philippines	PH	asia	10.524298	119.272899	5	Asia/Manila	
SWO	Stillwater Regional Airport	Stillwater	United States	US	americas	36.162132	-97.085581	15	America/Chicago	
SWQ	Sultan Muhammad Kaharuddin III Airport	Sumbawa Island	Indonesia	ID	asia	-8.489040	117.412003	5	Asia/Makassar	WRRS | Brang Bidji | Sumbawa | Sumbawa Besar
SWX	Shakawe Airport	Shakawe	Botswana	BW	africa	-18.373899	21.832600	5	Africa/Gaborone	
SXB	Strasbourg Airport	Strasbourg	France	FR	europe	48.538300	7.628230	30	Europe/Paris	BA 124
SXK	Mathilda Batlayeri Airport	Saumlaki-Yamdena Island	Indonesia	ID	asia	-7.848354	131.337068	5	Asia/Jayapura	
SXM	Princess Juliana International Airport	Saint Martin	Sint Maarten	SX	americas	18.041000	-63.108898	35	America/Lower_Princes	Maho Beach | Simpson Bay | Sint Maarten
SXR	Srinagar International Airport	Srinagar	India	IN	asia	33.987099	74.774200	35	Asia/Kolkata	Srinagar Air Force Station
SYD	Sydney Kingsford Smith International Airport	Sydney	Australia	AU	oceania	-33.946098	151.177002	88	Australia/Sydney	Kingsford Smith | Mascot | RAAF Station Mascot
SYM	Pu'er Simao Airport	Simao	China	CN	asia	22.793301	100.959000	5	Asia/Shanghai	Pu'er
SYO	Shonai Airport	Shonai	Japan	JP	asia	38.812199	139.787003	15	Asia/Tokyo	
SYQ	Tobías Bolaños International Airport	San Jose	Costa Rica	CR	americas	9.957050	-84.139801	20	America/Costa_Rica	
SYR	Syracuse Hancock International Airport	Syracuse	United States	US	americas	43.111198	-76.106300	35	America/New_York	
SYS	Saskylakh Airport	Saskylakh	Russia	RU	europe	71.927902	114.080002	15	Asia/Yakutsk	
SYU	Warraber Island Airport	Sue Islet	Australia	AU	oceania	-10.208300	142.824997	5	Australia/Brisbane	
SYX	Sanya Phoenix International Airport	Sanya	China	CN	asia	18.302900	109.412003	35	Asia/Shanghai	
SYY	Stornoway Airport	Stornoway	United Kingdom	GB	europe	58.215599	-6.331110	15	Europe/London	Lewis
SYZ	Shiraz Shahid Dastghaib International Airport	Shiraz	Iran	IR	middle_east	29.539200	52.589802	35	Asia/Tehran	
SZA	Soyo Airport	Soyo	Angola	AO	africa	-6.141090	12.371800	15	Africa/Luanda	
SZB	Sultan Abdul Aziz Shah International Airport	Subang	Malaysia	MY	asia	3.130580	101.549004	35	Asia/Kuala_Lumpur	Subang SkyPark | Subang Airport | Subang International Airport
SZE	Semera Airport	Semera	Ethiopia	ET	africa	11.787500	40.991500	5	Africa/Addis_Ababa	Samara | Sultan Alimirah Hanfare
SZF	Samsun-Çarşamba Airport	Samsun	Turkey	TR	europe	41.253988	36.567546	15	Europe/Istanbul	
SZG	Salzburg Airport	Salzburg	Austria	AT	europe	47.793301	13.004300	30	Europe/Berlin	Christophorus 6
SZH	Shuozhou Zirun Airport	Shuozhou	China	CN	asia	39.273241	112.691552	15	Asia/Shanghai	
SZK	Skukuza Airport	Skukuza	South Africa	ZA	africa	-24.960850	31.588587	15	Africa/Johannesburg	
SZX	Shenzhen Bao'an International Airport	Shenzhen	China	CN	asia	22.639474	113.803262	35	Asia/Shanghai	Baoan | Huangtian Airport
SZY	Olsztyn-Mazury Airport	Szymany	Poland	PL	europe	53.481899	20.937700	15	Europe/Warsaw	
SZZ	Solidarity Szczecin–Goleniów Airport	Goleniow	Poland	PL	europe	53.584702	14.902200	30	Europe/Warsaw	Solidarność | Glewice | Szczecin
TAB	A.N.R. Robinson International Airport	Scarborough	Trinidad and Tobago	TT	americas	11.149571	-60.831298	35	America/Port_of_Spain	Tobago-Crown Point Airport
TAC	Daniel Z. Romualdez Airport	Tacloban City	Philippines	PH	asia	11.227761	125.027783	15	Asia/Manila	Tacloban | Daniel Z. Romualdez | Naval Station Dioscoro Papa
TAE	Daegu International Airport	Daegu	South Korea	KR	asia	35.894394	128.656989	35	Asia/Seoul	
TAG	Bohol-Panglao International Airport	Panglao	Philippines	PH	asia	9.573045	123.770143	35	Asia/Manila	
TAH	Whitegrass Airport	Tanna	Vanuatu	VU	oceania	-19.455099	169.223999	15	Pacific/Efate	Tanna Island
TAI	Taiz International Airport	Ta'izz	Yemen	YE	middle_east	13.686000	44.139099	20	Asia/Aden	Ganed Airport | Taiz
TAK	Takamatsu Airport	Takamatsu	Japan	JP	asia	34.214963	134.015454	30	Asia/Tokyo	
TAL	Ralph M Calhoun Memorial Airport	Tanana	United States	US	americas	65.174400	-152.108994	5	America/Anchorage	
TAM	General Francisco Javier Mina International Airport	Tampico	Mexico	MX	americas	22.292622	-97.867058	20	America/Monterrey	Ciudad Madero
TAO	Qingdao Jiaodong International Airport	Qingdao	China	CN	asia	36.361953	120.088171	35	Asia/Shanghai	
TAP	Tapachula International Airport	Tapachula	Mexico	MX	americas	14.794549	-92.369871	20	America/Mexico_City	Aeropuerto Internacional de Tapachula
TAS	Tashkent International Airport	Tashkent	Uzbekistan	UZ	asia	41.257900	69.281197	35	Asia/Tashkent	UTTT
TAT	Poprad-Tatry Airport	Poprad	Slovakia	SK	europe	49.070994	20.241394	15	Europe/Bratislava	
TAY	Tartu Airport	Tartu	Estonia	EE	europe	58.307438	26.686473	15	Europe/Tallinn	Reola | Ülenurme Airport
TAZ	Dashoguz International Airport	Dashoguz	Turkmenistan	TM	asia	41.759853	59.836149	35	Asia/Ashgabat	Tashauz Airport | Dashkhovuz | Dashhowuz | Daşoguz | Dasoguz
TBB	Dong Tac Airport	Tuy Hoa	Vietnam	VN	asia	13.049600	109.334000	15	Asia/Ho_Chi_Minh	
TBG	Tabubil Airport	Tabubil	Papua New Guinea	PG	oceania	-5.280471	141.227576	5	Pacific/Port_Moresby	
TBH	Tugdan Airport	Romblon	Philippines	PH	asia	12.311000	122.084999	15	Asia/Manila	Romblon Airport | Alcantara | Barangay Tugdan | Tablas Airport | Tablas Island
TBI	New Bight Airport	Cat Island	Bahamas	BS	americas	24.315300	-75.452301	15	America/Nassau	
TBJ	Tabarka-Aïn Draham International Airport	Tabarka	Tunisia	TN	africa	36.980000	8.876940	20	Africa/Tunis	Tabarka 7 Novembre Airport
TBN	Waynesville-St. Robert Regional Airport-Forney Field	Fort Leonard Wood	United States	US	americas	37.741600	-92.140701	15	America/Chicago	
TBO	Tabora Airport	Tabora	Tanzania	TZ	africa	-5.076390	32.833302	5	Africa/Dar_es_Salaam	
TBP	Captain Pedro Canga Rodríguez International Airport	Tumbes	Peru	PE	americas	-3.552074	-80.381086	20	America/Lima	Capitan FAP Pedro Canga Rodriguez
TBS	Tbilisi International Airport	Tbilisi	Georgia	GE	asia	41.669201	44.954700	35	Asia/Tbilisi	
TBT	Tabatinga International Airport	Tabatinga	Brazil	BR	americas	-4.255670	-69.935799	20	America/Bogota	
TBU	Fua'amotu International Airport	Nuku'alofa	Tonga	TO	oceania	-21.241438	-175.149164	35	Pacific/Tongatapu	
TBZ	Tabriz International Airport	Tabriz	Iran	IR	middle_east	38.133900	46.235001	35	Asia/Tehran	IRIAF
TCA	Tennant Creek Airport	Tennant Creek	Australia	AU	oceania	-19.634399	134.182999	15	Australia/Darwin	
TCB	Treasure Cay Airport	Treasure Cay	Bahamas	BS	americas	26.745300	-77.391296	15	America/Nassau	
TCD	Tarapacá Airport	Tarapacá	Colombia	CO	americas	-2.895802	-69.749762	5	America/Bogota	
TCG	Tacheng Qianquan Airport	Tacheng	China	CN	asia	46.672501	83.340797	5	Asia/Shanghai	
TCO	La Florida Airport	Tumaco	Colombia	CO	americas	1.814420	-78.749200	15	America/Bogota	
TCP	Taba International Airport	Taba	Egypt	EG	africa	29.594496	34.775752	20	Africa/Cairo	
TCQ	Coronel FAP Carlos Ciriani Santa Rosa International Airport	Tacna	Peru	PE	americas	-18.053301	-70.275803	20	America/Lima	
TCR	Tuticorin Airport	Thoothukkudi	India	IN	asia	8.724241	78.025803	5	Asia/Kolkata	VO80 | Tuticorin Southwest Airport | Thoothukudi | Vagaikulam
TCZ	Tengchong Tuofeng Airport	Tengchong	China	CN	asia	24.938056	98.485833	15	Asia/Shanghai	Baoshan
TDD	Teniente Av. Jorge Henrich Arauz Airport	Trinidad	Bolivia	BO	americas	-14.818700	-64.917999	15	America/La_Paz	
TDK	Taldykorgan Airport	Taldy Kurgan	Kazakhstan	KZ	asia	45.122550	78.442758	15	Asia/Almaty	Taldy Kurgan Airport | Taldy Kurgan Northeast Airport | Taldykorgan
TDS	Sasereme Airport	Sasereme	Papua New Guinea	PG	oceania	-7.621700	142.868000	5	Pacific/Port_Moresby	
TDX	Trat Airport	Trat	Thailand	TH	asia	12.274600	102.319000	15	Asia/Bangkok	Laem Ngop
TEB	Teterboro Airport	Teterboro	United States	US	americas	40.850101	-74.060799	15	America/New_York	Manhattan | New York City | NYC
TEE	Cheikh Larbi Tébessi Airport	Tebessi	Algeria	DZ	africa	35.431599	8.120720	15	Africa/Algiers	Tébessi
TEN	Tongren Fenghuang Airport	Tongren	China	CN	asia	27.883333	109.308889	15	Asia/Shanghai	
TEQ	Tekirdağ Çorlu Airport	Corlu	Turkey	TR	europe	41.138199	27.919100	15	Europe/Istanbul	Çorlu
TER	Lajes Airport	Lajes	Portugal	PT	europe	38.761799	-27.090799	15	Atlantic/Azores	Terceira Island | Praia da Vitória
TET	Tete Airport	Tete	Mozambique	MZ	africa	-16.104799	33.640202	30	Africa/Maputo	Chingozi Airport | Matundo Airport
TEX	Telluride Regional Airport	Telluride	United States	US	americas	37.953800	-107.907997	15	America/Denver	
TEZ	Tezpur Airport	Tezpur	India	IN	asia	26.709101	92.784698	15	Asia/Kolkata	Salonibari Airport | Tezpur Air Force Station
TFF	Tefé Airport	Tefe	Brazil	BR	americas	-3.382940	-64.724098	15	America/Manaus	Tefé
TFI	Tufi Airport	Tufi	Papua New Guinea	PG	oceania	-9.075954	149.319839	5	Pacific/Port_Moresby	
TFN	Tenerife Norte-Ciudad de La Laguna Airport	Tenerife Island	Spain	ES	europe	28.482752	-16.341707	30	Atlantic/Canary	Canary Islands | Los Rodeos | TCI | Terenife | Tenerife
TFS	Tenerife Sur Airport	Tenerife Island	Spain	ES	europe	28.044500	-16.572500	30	Atlantic/Canary	Reina Sofía | TCI | Tenerife South | Tenerife
TFU	Chengdu Tianfu International Airport	Chengdu	China	CN	asia	30.312520	104.441284	35	Asia/Shanghai	
TGD	Podgorica Airport / Podgorica Golubovci Airbase	Podgorica	Montenegro	ME	europe	42.359402	19.251900	30	Europe/Podgorica	Podgorica Airbase | Golubovci Airbase | Aerodrom Podgorica
TGG	Sultan Mahmud Airport	Kuala Terengganu	Malaysia	MY	asia	5.382640	103.102997	15	Asia/Kuala_Lumpur	
TGH	Tongoa Airport	Tongoa Island	Vanuatu	VU	oceania	-16.891100	168.550995	5	Pacific/Efate	
TGJ	Tiga Airport	Tiga	New Caledonia	NC	oceania	-21.096407	167.803790	15	Pacific/Noumea	
TGM	Târgu Mureş Transilvania International Airport	Targu Mures	Romania	RO	europe	46.467701	24.412500	20	Europe/Bucharest	Vidrasau | Vidrasău | Recea
TGO	Tongliao Airport	Tongliao	China	CN	asia	43.556702	122.199997	15	Asia/Shanghai	
TGQ	Tangará da Serra Airport	Tangara Da Serra	Brazil	BR	americas	-14.662000	-57.443744	5	America/Cuiaba	Tangará da Serra
TGR	Touggourt Sidi Madhi Airport	Touggourt	Algeria	DZ	africa	33.067799	6.088670	15	Africa/Algiers	
TGT	Tanga Airport	Tanga	Tanzania	TZ	africa	-5.092360	39.071201	15	Africa/Dar_es_Salaam	
TGU	Toncontín Airport	Tegucigalpa	Honduras	HN	americas	14.060900	-87.217201	15	America/Tegucigalpa	
TGZ	Angel Albino Corzo International Airport	Tuxtla Gutierrez	Mexico	MX	americas	16.561611	-93.025731	20	America/Mexico_City	Tuxtla Gutiérrez International Airport | Tuxtla Gutiérrez
THD	Tho Xuan Airport	Thanh Hóa	Vietnam	VN	asia	19.901667	105.467778	5	Asia/Bangkok	Bai Thuong
THE	Senador Petrônio Portela Airport	Teresina	Brazil	BR	americas	-5.060250	-42.823712	15	America/Fortaleza	
THG	Thangool Airport	Biloela	Australia	AU	oceania	-24.494863	150.577967	15	Australia/Brisbane	
THL	Tachileik Airport	Tachileik	Myanmar	MM	asia	20.483801	99.935402	15	Asia/Yangon	
THN	Trollhättan-Vänersborg Airport	Trollhattan	Sweden	SE	europe	58.318100	12.345000	15	Europe/Stockholm	Trollhättan
THO	Þórshöfn Airport	Thorshofn	Iceland	IS	europe	66.218459	-15.334739	5	Atlantic/Reykjavik	Þórshöfn
THQ	Tianshui Maijishan Airport	Tianshui	China	CN	asia	34.560100	105.860343	15	Asia/Shanghai	Tianshui Air Base | ZBEE
THR	Mehrabad International Airport	Tehran	Iran	IR	middle_east	35.689175	51.314392	35	Asia/Tehran	
THS	Sukhothai Airport	Sukhothai	Thailand	TH	asia	17.238001	99.818199	15	Asia/Bangkok	
THX	Turukhansk Airport	Turukhansk	Russia	RU	europe	65.797203	87.935303	5	Asia/Krasnoyarsk	
TIA	Tirana International Airport Mother Teresa	Tirana	Albania	AL	europe	41.414700	19.720600	35	Europe/Tirane	Rinas International Airport | Aeroporti Nënë Tereza | Rinas
TIE	Tippi Airport	Tippi	Ethiopia	ET	africa	7.202400	35.415000	5	Africa/Addis_Ababa	
TIF	Taif International Airport	Taif	Saudi Arabia	SA	middle_east	21.484739	40.544074	35	Asia/Riyadh	Taif Airport | Ta'if Airport | Taif Regional Airport
TIH	Tikehau Airport	Tuherahera	French Polynesia	PF	oceania	-15.119600	-148.231003	15	Pacific/Tahiti	Palliser Islands
TIJ	General Abelardo L. Rodriguez International Airport	Tijuana	Mexico	MX	americas	32.541043	-116.969976	35	America/Los_Angeles	
TIM	Mozes Kilangin Airport	Timika-Papua Island	Indonesia	ID	asia	-4.529780	136.887388	15	Asia/Jayapura	WABP | Tembagapura | Timika
TIN	Tindouf Airport	Tindouf	Algeria	DZ	africa	27.700399	-8.167100	15	Africa/Algiers	
TIQ	Francisco Manglona Borja / Tinian International Airport	Tinian Island	Northern Mariana Islands	MP	oceania	14.999207	145.619355	20	Pacific/Saipan	
TIR	Tirupati International Airport	Tirupati	India	IN	asia	13.631988	79.539869	35	Asia/Kolkata	
TIU	Timaru Airport	Timaru	New Zealand	NZ	oceania	-44.302799	171.225006	15	Pacific/Auckland	
TIV	Tivat Airport	Tivat	Montenegro	ME	europe	42.404701	18.723301	15	Europe/Podgorica	Aerodrom Tivat | Zračna luka Tivat
TIW	Tacoma Narrows Airport	Tacoma	United States	US	americas	47.267407	-122.577295	15	America/Los_Angeles	
TIZ	Tari Airport	Tari	Papua New Guinea	PG	oceania	-5.845000	142.947998	5	Pacific/Port_Moresby	
TJA	Capitan Oriel Lea Plaza Airport	Tarija	Bolivia	BO	americas	-21.555700	-64.701302	15	America/La_Paz	
TJG	Warukin Airport	Tanta-Tabalong-Borneo Island	Indonesia	ID	asia	-2.216560	115.435997	15	Asia/Makassar	WRBN | Tanta-Tabalong
TJH	Konotori Tajima Airport	Tajima	Japan	JP	asia	35.512798	134.787003	15	Asia/Tokyo	toyooka | Toyooka
TJK	Tokat Airport	Tokat	Turkey	TR	europe	40.324720	36.390560	15	Europe/Istanbul	
TJL	Plínio Alarcom Airport	Tres Lagoas	Brazil	BR	americas	-20.752643	-51.682026	5	America/Campo_Grande	SSTL | Três Lagoas Airport | Três Lagoas
TJM	Roshchino International Airport	Tyumen	Russia	RU	europe	57.178984	65.327696	35	Asia/Yekaterinburg	D. I. Mendeleev
TJQ	H A S Hanandjoeddin International Airport	Tanjung Pandan-Belitung Island	Indonesia	ID	asia	-2.744109	107.754535	5	Asia/Jakarta	Buluh Tumbang Airport | WIKD | WIOD | Tanjung Pandan
TJS	Tanjung Harapan Airport	Tanjung Selor-Borneo Island	Indonesia	ID	asia	2.838139	117.374584	5	Asia/Makassar	
TJU	Kulob International Airport	Kulyab	Tajikistan	TJ	asia	37.988098	69.805000	35	Asia/Dushanbe	Kuylab | Kulob
TKD	Takoradi Airport	Sekondi-Takoradi	Ghana	GH	africa	4.896060	-1.774760	15	Africa/Accra	
TKF	Truckee Tahoe Airport	Truckee	United States	US	americas	39.318628	-120.140562	15	America/Los_Angeles	
TKG	Radin Inten II International Airport	Bandar Lampung-Sumatra Island	Indonesia	ID	asia	-5.246803	105.182531	20	Asia/Jakarta	WIIT | WICT | Bandar Lampung
TKJ	Tok Junction Airport	Tok	United States	US	americas	63.329498	-142.953995	5	America/Anchorage	
TKK	Chuuk International Airport	Weno Island	Micronesia	FM	oceania	7.461870	151.843002	35	Pacific/Chuuk	Erhart Aten International Airport
TKN	Tokunoshima Airport	Tokunoshima	Japan	JP	asia	27.836382	128.881356	15	Asia/Tokyo	Amagi
TKQ	Kigoma Airport	Kigoma	Tanzania	TZ	africa	-4.886200	29.670900	5	Africa/Dar_es_Salaam	
TKS	Tokushima Awaodori Airport / JMSDF Tokushima Air Base	Tokushima	Japan	JP	asia	34.132559	134.607816	30	Asia/Tokyo	
TKU	Turku Airport	Turku	Finland	FI	europe	60.514099	22.262800	30	Europe/Helsinki	
TKV	Tatakoto Airport	Tatakoto	French Polynesia	PF	oceania	-17.355226	-138.447340	5	Pacific/Tahiti	
TKX	Takaroa Airport	Takaroa	French Polynesia	PF	oceania	-14.455800	-145.024994	15	Pacific/Tahiti	
TLA	Teller Airport	Teller	United States	US	americas	65.240402	-166.339005	5	America/Nome	AK54 | K54
TLC	Adolfo López Mateos International Airport	Toluca	Mexico	MX	americas	19.336900	-99.565830	35	America/Mexico_City	
TLE	Toliara Airport	Toliara	Madagascar	MG	africa	-23.383400	43.728500	15	Indian/Antananarivo	
TLH	Tallahassee International Airport	Tallahassee	United States	US	americas	30.401209	-84.354330	20	America/New_York	
TLI	Sultan Bantilan Airport	Toli Toli-Celebes Island	Indonesia	ID	asia	1.123428	120.793658	5	Asia/Makassar	WAMI | Toli-Toli | Tolitoli | Lalos Airport
TLL	Lennart Meri Tallinn Airport	Tallinn	Estonia	EE	europe	59.413246	24.832640	30	Europe/Tallinn	Tallinna Lennujaam
TLM	Zenata – Messali El Hadj Airport	Tlemcen	Algeria	DZ	africa	35.012732	-1.457117	30	Africa/Algiers	Zenata
TLN	Toulon-Hyères Airport	Toulon/Hyeres/Le Palyvestre	France	FR	europe	43.097301	6.146030	15	Europe/Paris	La Palyvestre | Toulon | Hyères
TLQ	Turpan Jiaohe Airport	Turpan	China	CN	asia	43.030800	89.098700	15	Asia/Shanghai	
TLS	Toulouse-Blagnac Airport	Toulouse/Blagnac	France	FR	europe	43.629101	1.363820	30	Europe/Paris	Airbus
TLU	Golfo de Morrosquillo Airport	Tolu	Colombia	CO	americas	9.509450	-75.585400	5	America/Bogota	Santiago de Tolú
TLV	Ben Gurion International Airport	Tel Aviv	Israel	IL	middle_east	32.011398	34.886700	80	Asia/Jerusalem	
TLY	Plastun Airport	Plastun	Russia	RU	europe	44.814999	136.292007	5	Asia/Vladivostok	
TMC	Tambolaka Airport	Waikabubak-Sumba Island	Indonesia	ID	asia	-9.409224	119.242558	5	Asia/Makassar	WRRT | WADT | Radamata
TME	Gustavo Vargas Airport	Tame	Colombia	CO	americas	6.451080	-71.760300	15	America/Bogota	
TMF	Thimarafushi Airport	Thimarafushi	Maldives	MV	asia	2.211000	73.153300	5	Indian/Maldives	
TMG	Tomanggong Airport	Tomanggong	Malaysia	MY	asia	5.402570	118.657630	5	Asia/Kuching	
TMH	Tanah Merah Airport	Tanah Merah-Papua Island	Indonesia	ID	asia	-6.096690	140.303521	15	Asia/Jayapura	Tanah Merah
TMI	Tumling Tar Airport	Tumling Tar	Nepal	NP	asia	27.315001	87.193298	5	Asia/Kathmandu	
TMJ	Termez Airport	Termez	Uzbekistan	UZ	asia	37.287261	67.311869	15	Asia/Samarkand	UTST
TML	Yakubu Tali International Airport	Tamale	Ghana	GH	africa	9.553909	-0.866060	35	Africa/Accra	Tamale International Airport
TMM	Toamasina Ambalamanasy Airport	Toamasina	Madagascar	MG	africa	-18.113537	49.392262	30	Indian/Antananarivo	
TMP	Tampere-Pirkkala Airport	Tampere / Pirkkala	Finland	FI	europe	61.414101	23.604401	30	Europe/Helsinki	
TMR	Aguenar – Hadj Bey Akhamok Airport	Tamanrasset	Algeria	DZ	africa	22.810992	5.450832	30	Africa/Algiers	
TMS	São Tomé International Airport	Sao Tome	São Tomé and Principe	ST	africa	0.378175	6.712150	35	Africa/Sao_Tome	São Tomé
TMT	Trombetas Airport	Oriximina	Brazil	BR	americas	-1.489600	-56.396801	15	America/Santarem	Porto Trombetas | Oriximiná
TMW	Tamworth Airport	Tamworth	Australia	AU	oceania	-31.077898	150.845484	15	Australia/Sydney	
TMX	Timimoun Airport	Timimoun	Algeria	DZ	africa	29.237101	0.276033	15	Africa/Algiers	
TNA	Jinan Yaoqiang International Airport	Jinan	China	CN	asia	36.857201	117.216003	35	Asia/Shanghai	
TNC	Tin City Long Range Radar Station Airport	Tin City	United States	US	americas	65.563103	-167.921997	5	America/Nome	
TND	Alberto Delgado Airport	Trinidad	Cuba	CU	americas	21.788300	-79.997200	15	America/Havana	
TNE	New Tanegashima Airport	Nakatane	Japan	JP	asia	30.605101	130.990997	15	Asia/Tokyo	Tanegashima
TNG	Tangier Ibn Battuta Airport	Tangier	Morocco	MA	africa	35.731741	-5.921459	30	Africa/Casablanca	Tanger-Boukhalef Airport | Aéroport de Tanger-Ibn Battouta
TNH	Tonghua Sanyuanpu Airport	Tonghua	China	CN	asia	42.048435	125.733963	15	Asia/Shanghai	Tonghua Liuhe Airport
TNJ	Raja Haji Fisabilillah International Airport	Tanjung Pinang-Bintan Island	Indonesia	ID	asia	0.923970	104.533410	20	Asia/Jakarta	WIKN
TNN	Tainan International Airport / Tainan Air Base	Tainan City	Taiwan	TW	asia	22.950399	120.206001	35	Asia/Taipei	Tainan
TNR	Ivato International Airport	Antananarivo	Madagascar	MG	africa	-18.796900	47.478802	35	Indian/Antananarivo	
TOD	Tioman Airport	Pulau Tioman	Malaysia	MY	asia	2.818180	104.160004	15	Asia/Kuala_Lumpur	Kampung Tekek | Sultan Ahmad Shah | Tioman Island
TOE	Tozeur Nefta International Airport	Tozeur	Tunisia	TN	africa	33.939701	8.110560	20	Africa/Tunis	
TOF	Tomsk Kamov Airport	Tomsk	Russia	RU	europe	56.380299	85.208298	30	Asia/Tomsk	Bogashevo Airport
TOG	Togiak Airport	Togiak Village	United States	US	americas	59.052799	-160.397003	5	America/Anchorage	
TOL	Eugene F. Kranz Toledo Express Airport	Toledo	United States	US	americas	41.586800	-83.807800	15	America/New_York	
TOM	Tombouktou Airport	Timbuktu	Mali	ML	africa	16.730499	-3.007580	30	Africa/Bamako	Timbuctoo Airport | Tombouctou Airport | Tumbutu Airport | Tombouktou Airport
TOS	Tromsø Airport	Tromso	Norway	NO	europe	69.683296	18.918900	30	Europe/Oslo	Langnes | Tromsøya | Tromsø
TOU	Touho Airport	Touho	New Caledonia	NC	oceania	-20.790127	165.259524	15	Pacific/Noumea	
TOW	Toledo - Luiz Dalcanale Filho Municipal Airport	Toledo	Brazil	BR	americas	-24.686300	-53.697498	5	America/Sao_Paulo	
TOY	Toyama Kitokito Airport	Toyama	Japan	JP	asia	36.648416	137.187359	15	Asia/Tokyo	
TPA	Tampa International Airport	Tampa	United States	US	americas	27.975500	-82.533203	35	America/New_York	
TPE	Taiwan Taoyuan International Airport	Taipei	Taiwan	TW	asia	25.077700	121.233002	35	Asia/Taipei	Taoyuan County | Taoyuan
TPI	Tapini Airport	Tapini	Papua New Guinea	PG	oceania	-8.356667	146.989167	5	Pacific/Port_Moresby	
TPJ	Taplejung Airport	Taplejung	Nepal	NP	asia	27.350900	87.695250	15	Asia/Kathmandu	Suketar Airport
TPP	Cadete FAP Guillermo Del Castillo Paredes Airport	Tarapoto	Peru	PE	americas	-6.508740	-76.373199	15	America/Lima	
TPQ	Amado Nervo National Airport	Tepic	Mexico	MX	americas	21.419833	-104.842472	15	America/Mazatlan	Tepic Airport
TPS	Vincenzo Florio Airport Trapani-Birgi	Trapani	Italy	IT	europe	37.911400	12.488000	15	Europe/Rome	Vincenzo Florio Airport | Trapani Airport
TQO	Felipe Carrillo Puerto International Airport Tulum	Tulum	Mexico	MX	americas	20.172098	-87.660272	35	America/Cancun	
TRA	Tarama Airport	Tarama	Japan	JP	asia	24.653793	124.675453	15	Asia/Tokyo	
TRC	Francisco Sarabia Tinoco International Airport	Torreon	Mexico	MX	americas	25.562265	-103.404608	20	America/Monterrey	Torreón
TRD	Trondheim Airport, Værnes	Trondheim	Norway	NO	europe	63.457802	10.924000	30	Europe/Oslo	
TRE	Tiree Airport	Balemartine	United Kingdom	GB	europe	56.499199	-6.869170	15	Europe/London	Inner Hebrides
TRF	Sandefjord Airport, Torp	Torp	Norway	NO	europe	59.186699	10.258600	30	Europe/Oslo	Sandefjord
TRG	Tauranga Airport	Tauranga	New Zealand	NZ	oceania	-37.671902	176.195999	15	Pacific/Auckland	
TRI	Tri-Cities Regional TN/VA Airport	Bristol/Johnson/Kingsport	United States	US	americas	36.475201	-82.407401	15	America/New_York	Blountville
TRK	Juwata International Airport / Suharnoko Harbani AFB	Tarakan Island	Indonesia	ID	asia	3.325145	117.564169	20	Asia/Makassar	WRLR | WALR | WAQQ | TRK | JUWATA | TARAKAN | Tarakan
TRN	Turin Airport	Torino	Italy	IT	europe	45.200802	7.649630	30	Europe/Rome	Torino-Caselle Airport | Sandro Pertini Airport | Turin-Caselle Airport | Caselle Torinese
TRR	China Bay Airport	Trincomalee	Sri Lanka	LK	asia	8.539159	81.181280	15	Asia/Colombo	SLAF China Bay | RAF China Bay | Trincomalee Airport
TRS	Trieste Airport	Trieste	Italy	IT	europe	45.827862	13.466672	30	Europe/Rome	Ronchi Dei Legionari Airport | Trieste-Ronchi dei Legionari Airport | Ronchi dei Legionari/Trieste
TRU	Capitán FAP Carlos Martínez de Pinillos International Airport	Trujillo	Peru	PE	americas	-8.082382	-79.108821	35	America/Lima	
TRV	Thiruvananthapuram International Airport	Trivandrum	India	IN	asia	8.481889	76.920029	35	Asia/Kolkata	Thiruvananthapuram International Airport | Trivandrum Air Force Station | Thiruvananthapuram
TRW	Bonriki International Airport	Tarawa	Kiribati	KI	oceania	1.381640	173.147003	35	Pacific/Tarawa	Bonriki | Mullinix | South Tarawa
TRZ	Tiruchirappalli International Airport	Tiruchirappally	India	IN	asia	10.762915	78.717741	35	Asia/Kolkata	Trichy | Trichinopoly | RAF Kajamalai | Tiruchirappalli
TSA	Taipei Songshan International Airport	Taipei City	Taiwan	TW	asia	25.067244	121.552822	35	Asia/Taipei	Sungshan Airport | Taipei
TSF	Treviso Airport	Treviso	Italy	IT	europe	45.648399	12.194400	30	Europe/Rome	Venice-Treviso | Treviso-Sant'Angelo | Treviso Antonio Canova Airport
TSJ	Tsushima Airport	Tsushima	Japan	JP	asia	34.284901	129.330994	15	Asia/Tokyo	
TSM	Taos Regional Airport	Taos	United States	US	americas	36.452494	-105.677490	15	America/Denver	
TSN	Tianjin Binhai International Airport	Tianjin	China	CN	asia	39.124401	117.346001	35	Asia/Shanghai	
TSR	Timișoara Traian Vuia International Airport	Timisoara	Romania	RO	europe	45.809898	21.337900	35	Europe/Bucharest	RoAF 93rd Air Base | Giarmata Airport | Temesvár | Temeschburg | Temeswar | Temeschwar | Temišvar | Banat | Timişoara
TST	Trang Airport	Trang	Thailand	TH	asia	7.508740	99.616600	15	Asia/Bangkok	
TSV	Townsville Airport / RAAF Base Townsville	Townsville	Australia	AU	oceania	-19.252904	146.766512	15	Australia/Brisbane	RAAF Base Garbutt | RAAF Base Townsville
TTA	Tan Tan Airport	Tan Tan	Morocco	MA	africa	28.447563	-11.161749	15	Africa/Casablanca	Plage Blanche Airport
TTE	Sultan Babullah Airport	Sango-Ternate Island	Indonesia	ID	asia	0.831012	127.381611	15	Asia/Jayapura	Sango | Tafure | Ternate
TTJ	Tottori Sand Dunes Conan Airport	Tottori	Japan	JP	asia	35.530058	134.165023	15	Asia/Tokyo	Tottori Airport
TTN	Trenton Mercer Airport	Trenton	United States	US	americas	40.276699	-74.813499	15	America/New_York	Ewing Township
TTS	Tsaratanana Airport	Tsaratanana	Madagascar	MG	africa	-16.751064	47.619016	5	Indian/Antananarivo	
TTT	Taitung Airport	Taitung City	Taiwan	TW	asia	22.754856	121.101794	15	Asia/Taipei	Fengnian Airport
TTU	Sania Ramel Airport	Tetouan	Morocco	MA	africa	35.594299	-5.320020	30	Africa/Casablanca	Saniat R'mel | Saniet R'mel | Tétouan
TUA	Lieutenant Colonel Luis A. Mantilla International Airport	Tulcan	Ecuador	EC	americas	0.809506	-77.708099	20	America/Guayaquil	Teniente Coronel Luis A. Mantilla | Tulcán
TUC	Teniente Benjamín Matienzo International Airport	San Miguel de Tucuman	Argentina	AR	americas	-26.837397	-65.104195	35	America/Argentina/Tucuman	San Miguel de Tucumán
TUF	Tours Val de Loire Airport	Tours/Val de Loire (Loire Valley)	France	FR	europe	47.432201	0.727606	15	Europe/Paris	Aéroport Tours-Val de Loire | Loire Valley | Tours
TUG	Tuguegarao Airport	Tuguegarao City	Philippines	PH	asia	17.643368	121.733150	15	Asia/Manila	Tugegarao
TUI	Turaif Domestic Airport	Turaif	Saudi Arabia	SA	middle_east	31.692188	38.731544	15	Asia/Riyadh	
TUK	Turbat International Airport	Turbat	Pakistan	PK	asia	25.984767	63.028856	35	Asia/Karachi	
TUL	Tulsa International Airport	Tulsa	United States	US	americas	36.197084	-95.886225	35	America/Chicago	
TUN	Tunis Carthage International Airport	Tunis	Tunisia	TN	africa	36.851002	10.227200	35	Africa/Tunis	Aéroport international de Tunis-Carthage
TUO	Taupo Airport	Taupo	New Zealand	NZ	oceania	-38.739700	176.084000	15	Pacific/Auckland	
TUP	Tupelo Regional Airport	Tupelo	United States	US	americas	34.268101	-88.769897	15	America/Chicago	
TUR	Tucuruí Airport	Tucurui	Brazil	BR	americas	-3.786010	-49.720299	15	America/Belem	Tucuruí
TUS	Tucson International Airport	Tucson	United States	US	americas	32.115004	-110.938053	35	America/Phoenix	Morris Air National Guard Base
TUU	Prince Sultan bin Abdulaziz International Airport	Tabuk	Saudi Arabia	SA	middle_east	28.371100	36.624865	35	Asia/Riyadh	Tabuk Airport | Tabuk Regional Airport
TVC	Cherry Capital Airport	Traverse City	United States	US	americas	44.741402	-85.582199	15	America/Detroit	
TVF	Thief River Falls Regional Airport	Thief River Falls	United States	US	americas	48.065701	-96.184998	15	America/Chicago	
TVS	Tangshan Sannühe Airport	Tangshan	China	CN	asia	39.717800	118.002625	5	Asia/Shanghai	Tangshan Air Base
TVU	Matei Airport	Matei	Fiji	FJ	oceania	-16.690599	-179.876999	5	Pacific/Fiji	Taveuni
TVY	Dawei Airport	Dawei	Myanmar	MM	asia	14.103900	98.203598	15	Asia/Yangon	Tavoy | Tavoy Airport
TWC	Tumxuk Tangwangcheng Airport	Tumxuk	China	CN	asia	39.886663	79.233408	5	Asia/Shanghai	
TWF	Joslin Field Magic Valley Regional Airport	Twin Falls	United States	US	americas	42.481800	-114.487999	15	America/Boise	
TWT	Sanga Sanga Airport	Bongao	Philippines	PH	asia	5.048196	119.743338	15	Asia/Manila	SGS
TWU	Tawau Airport	Tawau	Malaysia	MY	asia	4.313380	118.121520	15	Asia/Kuching	
TXK	Texarkana Regional Airport (Webb Field)	Texarkana	United States	US	americas	33.453701	-93.990997	15	America/Chicago	
TXN	Huangshan Tunxi International Airport	Huangshan	China	CN	asia	29.733299	118.255997	35	Asia/Shanghai	
TYF	Torsby Airport	Torsby	Sweden	SE	europe	60.157600	12.991300	15	Europe/Stockholm	
TYL	Captain Victor Montes Arias International Airport	Talara	Peru	PE	americas	-4.576640	-81.254097	20	America/Lima	Capitan FAP Victor Montes Arias
TYN	Taiyuan Wusu International Airport	Taiyuan	China	CN	asia	37.746899	112.627998	35	Asia/Shanghai	
TYR	Tyler Pounds Regional Airport	Tyler	United States	US	americas	32.354099	-95.402397	15	America/Chicago	
TYS	McGhee Tyson Airport	Knoxville	United States	US	americas	35.811001	-83.994003	30	America/New_York	Knoxville/Maryville
TZA	Sir Barry Bowen Municipal Airport	Belize City	Belize	BZ	americas	17.517239	-88.195775	15	America/Belize	Belize City Municipal
TZL	Tuzla International Airport	Tuzla	Bosnia and Herzegovina	BA	europe	44.459858	18.723627	35	Europe/Sarajevo	Dubrave Gornje
TZN	Congo Town Airport	Andros	Bahamas	BS	americas	24.158701	-77.589798	15	America/Nassau	Congotown Airport | South Andros Airport
TZX	Trabzon International Airport	Trabzon	Turkey	TR	europe	40.995098	39.789700	20	Europe/Istanbul	
UAH	Ua Huka Airport	Ua Huka	French Polynesia	PF	oceania	-8.936228	-139.554062	5	Pacific/Marquesas	
UAI	Commander in Chief of FALINTIL, Kay Rala Xanana Gusmão, International Airport	Suai	Timor-Leste	TL	asia	-9.301856	125.286302	20	Asia/Dili	Covalima Airport | Suai Airport | Xanana Gusmao International Airport
UAP	Ua Pou Airport	Ua Pou	French Polynesia	PF	oceania	-9.351670	-140.078003	5	Pacific/Marquesas	
UAQ	Domingo Faustino Sarmiento Airport	San Juan	Argentina	AR	americas	-31.571501	-68.418198	15	America/Argentina/San_Juan	
UAR	Bouarfa Airport	Bouarfa	Morocco	MA	africa	32.514306	-1.983056	15	Africa/Casablanca	
UBA	Mário de Almeida Franco Airport	Uberaba	Brazil	BR	americas	-19.765036	-47.964805	15	America/Sao_Paulo	
UBB	Mabuiag Island Airport	Mabuiag Island	Australia	AU	oceania	-9.950168	142.195230	5	Australia/Brisbane	
UBJ	Yamaguchi Ube Airport	Ube	Japan	JP	asia	33.930000	131.279007	15	Asia/Tokyo	
UBN	Ulaanbaatar Chinggis Khaan International Airport	Ulaanbaatar	Mongolia	MN	asia	47.646916	106.819833	35	Asia/Ulaanbaatar	Khöshig Valley
UBP	Ubon Ratchathani Airport	Ubon Ratchathani	Thailand	TH	asia	15.251300	104.870003	15	Asia/Bangkok	
UCB	Ulanqab Jining Airport	Ulanqab	China	CN	asia	41.130266	113.107274	15	Asia/Shanghai	
UCT	Ukhta Airport	Ukhta	Russia	RU	europe	63.566898	53.804699	15	Europe/Moscow	
UDI	Ten. Cel. Aviador César Bombonato Airport	Uberlandia	Brazil	BR	americas	-18.883579	-48.225936	15	America/Sao_Paulo	Uberlândia
UDR	Maharana Pratap Airport	Udaipur	India	IN	asia	24.617701	73.896103	15	Asia/Kolkata	Dabok Airport
UEL	Quelimane Airport	Quelimane	Mozambique	MZ	africa	-17.855499	36.869099	15	Africa/Maputo	
UEO	Kumejima Airport	Kumejima	Japan	JP	asia	26.363445	126.713840	15	Asia/Tokyo	
UET	Quetta International Airport	Quetta	Pakistan	PK	asia	30.251400	66.937798	35	Asia/Karachi	
UFA	Ufa International Airport	Ufa	Russia	RU	europe	54.557499	55.874401	35	Asia/Yekaterinburg	
UGA	Bulgan Airport	Bulgan	Mongolia	MN	asia	48.855000	103.475998	15	Asia/Ulaanbaatar	
UGC	Urgench International Airport	Urgench	Uzbekistan	UZ	asia	41.582740	60.643380	35	Asia/Samarkand	UTNU
UIB	El Caraño Airport	Quibdo	Colombia	CO	americas	5.690760	-76.641200	15	America/Bogota	Quibdó
UIH	Phu Cat Airport	Quy Nohn	Vietnam	VN	asia	13.955000	109.042000	15	Asia/Ho_Chi_Minh	Phucat
UII	Utila Airport	Utila Island	Honduras	HN	americas	16.113100	-86.880302	5	America/Tegucigalpa	
UIN	Quincy Regional Airport Baldwin Field	Quincy	United States	US	americas	39.942699	-91.194603	15	America/Chicago	
UIO	Mariscal Sucre International Airport	Quito	Ecuador	EC	americas	-0.125399	-78.354306	35	America/Guayaquil	
UJE	Ujae Atoll Airport	Ujae Atoll	Marshall Islands	MH	oceania	8.928060	165.761993	5	Pacific/Majuro	
UKB	Kobe Airport	Kobe	Japan	JP	asia	34.632801	135.223999	30	Asia/Tokyo	
UKG	Ust-Kuyga Airport	Ust-Kuyga	Russia	RU	europe	70.011002	135.645004	5	Asia/Vladivostok	
UKK	Oskemen International Airport	Ust Kamenogorsk	Kazakhstan	KZ	asia	50.035033	82.496057	35	Asia/Almaty	Ust-Kamennogorsk Airport | Ust-Kamenogorsk
UKX	Ust-Kut Airport	Ust-Kut	Russia	RU	europe	56.856701	105.730003	15	Asia/Irkutsk	
ULG	Ölgii Mongolei International Airport	Olgii	Mongolia	MN	asia	48.993301	89.922501	20	Asia/Hovd	Ulgii Mongolei | Ölgii
ULH	Al-Ula International Airport	Al-'Ula	Saudi Arabia	SA	middle_east	26.483634	38.117048	35	Asia/Riyadh	Al-Ula
ULK	Lensk Airport	Lensk	Russia	RU	europe	60.723594	114.825319	15	Asia/Yakutsk	
ULO	Ulaangom Airport	Ulaangom	Mongolia	MN	asia	50.066588	91.938273	15	Asia/Hovd	
ULP	Quilpie Airport	Quilpie	Australia	AU	oceania	-26.609176	144.253746	15	Australia/Brisbane	
ULU	Gulu Airport	Gulu	Uganda	UG	africa	2.805560	32.271801	15	Africa/Kampala	
ULV	Ulyanovsk Baratayevka Airport	Ulyanovsk	Russia	RU	europe	54.270160	48.225569	15	Europe/Ulyanovsk	
ULY	Ulyanovsk Vostochny Airport	Ulyanovsk	Russia	RU	europe	54.401001	48.802700	15	Europe/Ulyanovsk	Ulyanovsk Vostochny Airport | Cherdakly
UME	Umeå Airport	Umea	Sweden	SE	europe	63.791801	20.282801	30	Europe/Stockholm	Umeå
UMS	Ust-Maya Airport	Ust-Maya	Russia	RU	europe	60.357437	134.437310	5	Asia/Khandyga	
UMU	Orlando de Carvalho Airport	Umuarama	Brazil	BR	americas	-23.798700	-53.313801	5	America/Sao_Paulo	
UNA	Una-Comandatuba Airport	Una	Brazil	BR	americas	-15.354358	-38.998729	5	America/Bahia	Hotel Transamérica
UNG	Kiunga Airport	Kiunga	Papua New Guinea	PG	oceania	-6.125710	141.281998	5	Pacific/Port_Moresby	
UNI	Union Island International Airport	Union Island	Saint Vincent and the Grenadines	VC	americas	12.600135	-61.411945	20	America/St_Vincent	
UNK	Unalakleet Airport	Unalakleet	United States	US	americas	63.888401	-160.798996	15	America/Anchorage	
UNN	Ranong Airport	Ranong	Thailand	TH	asia	9.777620	98.585503	15	Asia/Bangkok	
UOL	Buol - Pogogul Airport	Buol-Celebes Island	Indonesia	ID	asia	1.102318	121.413358	5	Asia/Makassar	WAMY | Pangtiku Airport | Buol
UPG	Sultan Hasanuddin International Airport	Ujung Pandang-Celebes Island	Indonesia	ID	asia	-5.075539	119.553702	35	Asia/Makassar	Makassar
UPN	Uruapan - Licenciado y General Ignacio Lopez Rayon International Airport	Uruapan	Mexico	MX	americas	19.396700	-102.039001	20	America/Mexico_City	
URA	Manshuk Mametova International Airport	Uralsk	Kazakhstan	KZ	asia	51.151976	51.543652	35	Asia/Oral	Podstepnyy | Uralsk International Airport | Oral Ak Zhol Airport
URC	Ürümqi Tianshan International Airport	Urumqi	China	CN	asia	43.913584	87.479372	35	Asia/Shanghai	Urumqi Diwopu Airport | Diwopu | Ürümqi
URE	Kuressaare Airport	Kuressaare	Estonia	EE	europe	58.229900	22.509501	15	Europe/Tallinn	
URG	Rubem Berta Airport	Uruguaiana	Brazil	BR	americas	-29.782200	-57.038200	15	America/Sao_Paulo	Ruben Berta
URJ	Uray Airport	Uray	Russia	RU	europe	60.103298	64.826698	15	Asia/Yekaterinburg	Urai
URT	Surat Thani Airport	Surat Thani	Thailand	TH	asia	9.132600	99.135597	15	Asia/Bangkok	
URY	Gurayat Domestic Airport	Gurayat	Saudi Arabia	SA	middle_east	31.412413	37.278898	15	Asia/Riyadh	Guriat Airport
USA	Concord-Padgett Regional Airport	Concord	United States	US	americas	35.387798	-80.709099	15	America/New_York	3N8 | "NASCAR's Airport"
USH	Ushuaia - Malvinas Argentinas International Airport	Ushuahia	Argentina	AR	americas	-54.843300	-68.295800	20	America/Argentina/Ushuaia	Ushuaia
USJ	Usharal Airport	Usharal	Kazakhstan	KZ	asia	46.190767	80.830922	5	Asia/Almaty	Enbekshi Airport
USK	Usinsk Airport	Usinsk	Russia	RU	europe	66.004700	57.367199	15	Europe/Moscow	
USM	Samui International Airport	Na Thon (Ko Samui Island)	Thailand	TH	asia	9.547790	100.061996	35	Asia/Bangkok	Na Thon
USN	Ulsan Airport	Ulsan	South Korea	KR	asia	35.593498	129.352005	15	Asia/Seoul	
USR	Ust-Nera Airport	Ust-Nera	Russia	RU	europe	64.550003	143.115005	15	Asia/Ust-Nera	
UST	Northeast Florida Regional Airport	St Augustine	United States	US	americas	29.959200	-81.339798	15	America/New_York	St Augustine Airport | NAAS St. Augustine
USU	Francisco B. Reyes (Busuanga) Airport	Coron	Philippines	PH	asia	12.121865	120.100801	15	Asia/Manila	Busuanga Airport
UTH	Udon Thani International Airport	Udon Thani	Thailand	TH	asia	17.386186	102.788577	35	Asia/Bangkok	
UTN	Upington Airport	Upington	South Africa	ZA	africa	-28.400246	21.263592	15	Africa/Johannesburg	Pierre van Ryneveld
UTO	Indian Mountain LRRS Airport	Utopia Creek	United States	US	americas	65.992798	-153.703995	15	America/Anchorage	
UTP	U-Tapao–Rayong–Pattaya International Airport	Rayong	Thailand	TH	asia	12.679900	101.004997	35	Asia/Bangkok	Utapao | U-Taphao | U-Tapao Royal Thai Navy Airfield
UTT	K. D. Matanzima Airport	Mthatha	South Africa	ZA	africa	-31.546363	28.673355	15	Africa/Johannesburg	Umtata
UUA	Bugulma Airport	Bugulma	Russia	RU	europe	54.641184	52.800229	15	Europe/Moscow	
UUD	Baikal International Airport	Ulan Ude	Russia	RU	europe	51.808614	107.439652	35	Asia/Irkutsk	Mukhino Airport | Ulan-Ude Airport
UUS	Yuzhno-Sakhalinsk International Airport	Yuzhno-Sakhalinsk	Russia	RU	europe	46.885461	142.717466	35	Asia/Sakhalin	Khomutovo | Khomutovo International Airport
UVE	Ouvéa Airport	Ouvea	New Caledonia	NC	oceania	-20.640932	166.573024	15	Pacific/Noumea	Ouvéa
UVF	Hewanorra International Airport	Vieux Fort	Saint Lucia	LC	americas	13.733200	-60.952599	35	America/St_Lucia	
UYL	Nyala Airport	Nyala	Sudan	SD	africa	12.053500	24.956200	15	Africa/Khartoum	
UYN	Yulin Yuyang Airport	Yulin	China	CN	asia	38.359710	109.590927	15	Asia/Shanghai	
UYU	Joya Andina International Airport	Quijarro	Bolivia	BO	americas	-20.441304	-66.857553	35	America/La_Paz	
VAA	Vaasa Airport	Vaasa	Finland	FI	europe	63.050230	21.762543	30	Europe/Helsinki	
VAI	Vanimo Airport	Vanimo	Papua New Guinea	PG	oceania	-2.692600	141.302800	15	Pacific/Port_Moresby	
VAK	Chevak Airport	Chevak	United States	US	americas	61.540900	-165.600500	5	America/Nome	
VAL	Valença Airport	Valenca	Brazil	BR	americas	-13.296500	-38.992401	5	America/Bahia	Valença
VAM	Villa International Airport Maamigili	Maamigili	Maldives	MV	asia	3.471751	72.832633	20	Indian/Maldives	
VAN	Van Ferit Melen Airport	Van	Turkey	TR	europe	38.468201	43.332298	15	Europe/Istanbul	
VAO	Suavanao Airport	Suavanao	Solomon Islands	SB	oceania	-7.585560	158.731003	5	Pacific/Guadalcanal	
VAR	Varna Airport	Varna	Bulgaria	BG	europe	43.232101	27.825100	30	Europe/Sofia	Aksakovo
VAS	Sivas Nuri Demirağ Airport	Sivas	Turkey	TR	europe	39.813801	36.903500	15	Europe/Istanbul	
VAV	Vava'u International Airport	Vava'u Island	Tonga	TO	oceania	-18.585300	-173.962006	35	Pacific/Tongatapu	Vavau | Lupepau'u
VAW	Vardø Airport, Svartnes	Vardo	Norway	NO	europe	70.355400	31.044901	15	Europe/Oslo	Vardø
VBS	Brescia Gabriele d'Annunzio Airport	Brescia	Italy	IT	europe	45.428902	10.330600	15	Europe/Rome	Brescia-Montichiari | Montichiari
VBV	Vanua Balavu Airport	Vanua Balavu	Fiji	FJ	oceania	-17.268999	-178.975998	5	Pacific/Fiji	Vanuabalavu
VBY	Visby Airport	Visby	Sweden	SE	europe	57.662800	18.346201	30	Europe/Stockholm	
VCA	Can Tho International Airport	Can Tho	Vietnam	VN	asia	10.083397	105.709371	35	Asia/Ho_Chi_Minh	Binh Thuy Air Base | Trà Nóc Airport
VCE	Venice Marco Polo Airport	Venezia	Italy	IT	europe	45.505299	12.351900	30	Europe/Rome	Venezia-Tessera | Venice-Tessera
VCL	Chu Lai Airport	Dung Quat Bay	Vietnam	VN	asia	15.403300	108.706001	5	Asia/Ho_Chi_Minh	chu lai air base | Tam Nghĩa
VCP	Viracopos International Airport	Campinas	Brazil	BR	americas	-23.007404	-47.134502	35	America/Sao_Paulo	
VCS	Con Dao Airport	Con Ong	Vietnam	VN	asia	8.731830	106.633003	15	Asia/Ho_Chi_Minh	Conson Airport | Con Dao
VCT	Victoria Regional Airport	Victoria	United States	US	americas	28.852600	-96.918503	15	America/Chicago	
VDC	Glauber de Andrade Rocha Airport	Vitória da Conquista	Brazil	BR	americas	-14.907885	-40.914804	15	America/Bahia	SSVC
VDE	El Hierro Airport	El Hierro Island	Spain	ES	europe	27.814800	-17.887100	15	Atlantic/Canary	Hierro | El Hierro
VDH	Dong Hoi Airport	Dong Hoi	Vietnam	VN	asia	17.515000	106.590556	15	Asia/Bangkok	
VDM	Gobernador Castello Airport	Viedma / Carmen de Patagones	Argentina	AR	americas	-40.869200	-63.000400	15	America/Argentina/Salta	
VDO	Van Don International Airport	Vân Đồn	Vietnam	VN	asia	21.120693	107.415390	20	Asia/Bangkok	Van Don
VDS	Vadsø Airport	Vadso	Norway	NO	europe	70.065300	29.844700	15	Europe/Oslo	Vadsø
VDZ	Valdez Pioneer Field	Valdez	United States	US	americas	61.132712	-146.246567	15	America/Anchorage	Valdez Number 2
VEE	Venetie Airport	Venetie	United States	US	americas	67.008698	-146.365997	5	America/Anchorage	
VEL	Vernal Regional Airport	Vernal	United States	US	americas	40.436214	-109.511661	15	America/Denver	
VER	General Heriberto Jara International Airport	Veracruz	Mexico	MX	americas	19.139589	-96.188602	35	America/Mexico_City	
VFA	Victoria Falls International Airport	Victoria Falls	Zimbabwe	ZW	africa	-18.097437	25.836867	35	Africa/Harare	
VGA	Vijayawada International Airport	Vijayawada	India	IN	asia	16.530011	80.804888	35	Asia/Kolkata	
VGO	Vigo Airport	Vigo	Spain	ES	europe	42.231800	-8.626770	15	Europe/Madrid	
VHM	Vilhelmina South Lapland Airport	Vilhelmina	Sweden	SE	europe	64.579102	16.833599	15	Europe/Stockholm	
VHV	Verkhnevilyuisk Airport	Verkhnevilyuisk	Russia	RU	europe	63.458057	120.269165	5	Asia/Yakutsk	Verkhneviluisk Airport | Verhnevilyuisk Airport | Verhneviluisk Airport
VIE	Vienna International Airport	Vienna	Austria	AT	europe	48.110298	16.569700	74	Europe/Vienna	
VIG	Juan Pablo Pérez Alfonso Airport	El Vigia	Venezuela	VE	americas	8.624139	-71.672668	15	America/Caracas	El Vigía
VII	Vinh Airport	Vinh	Vietnam	VN	asia	18.737600	105.670998	15	Asia/Bangkok	
VIJ	Virgin Gorda Airport	Spanish Town	British Virgin Islands	VG	americas	18.446634	-64.427932	15	America/Tortola	
VIL	Dakhla Airport	Dakhla	Western Sahara (disputed territory)	EH	africa	23.718300	-15.932000	30	Africa/El_Aaiun	GSVO | Villa Cisneros | Dajla | Oued Ed-Dahab
VIT	Vitoria Airport	Alava	Spain	ES	europe	42.882801	-2.724470	15	Europe/Madrid	Vitoria | Foronda
VIX	Eurico de Aguiar Salles International Airport	Vitoria	Brazil	BR	americas	-20.258000	-40.285000	35	America/Sao_Paulo	Goiabeiras Airport | Vitória
VJB	Xai-Xai Chongoene Airport	Xai-Xai	Mozambique	MZ	africa	-24.892909	33.753024	5	Africa/Maputo	
VKG	Rach Gia Airport	Rach Gia	Vietnam	VN	asia	9.958030	105.132380	15	Asia/Ho_Chi_Minh	
VKO	Vnukovo International Airport	Moscow	Russia	RU	europe	55.591499	37.261501	35	Europe/Moscow	MOW
VKT	Vorkuta Airport	Vorkuta	Russia	RU	europe	67.488602	63.993099	15	Europe/Moscow	
VLC	Valencia Airport	Valencia	Spain	ES	europe	39.489162	-0.480961	30	Europe/Madrid	
VLD	Valdosta Regional Airport	Valdosta	United States	US	americas	30.782499	-83.276703	15	America/New_York	
VLI	Bauerfield International Airport	Port Vila	Vanuatu	VU	oceania	-17.699301	168.320007	35	Pacific/Efate	Efate Field | Vila Field | McDonald Field | Bauer Field
VLL	Valladolid Airport	Valladolid	Spain	ES	europe	41.706100	-4.851940	15	Europe/Madrid	
VLN	Arturo Michelena International Airport	Valencia	Venezuela	VE	americas	10.149733	-67.928398	35	America/Caracas	
VLS	Valesdir Airport	Valesdir	Vanuatu	VU	oceania	-16.796101	168.177002	5	Pacific/Efate	Epi Island
VLV	Dr. Antonio Nicolás Briceño Airport	Valera	Venezuela	VE	americas	9.340478	-70.584061	15	America/Caracas	
VMU	Baimuru Airport	Baimuru	Papua New Guinea	PG	oceania	-7.496955	144.821756	15	Pacific/Port_Moresby	
VNO	Vilnius International Airport	Vilnius	Lithuania	LT	europe	54.634102	25.285801	35	Europe/Vilnius	
VNS	Lal Bahadur Shastri International Airport	Varanasi	India	IN	asia	25.452171	82.862549	35	Asia/Kolkata	VIBN | Babatpur Airport | Varanasi Airport
VNX	Vilankulo Airport	Vilanculo	Mozambique	MZ	africa	-22.018400	35.313301	15	Africa/Maputo	Vilanculos Airport
VOG	Volgograd International Airport	Volgograd	Russia	RU	europe	48.781340	44.339194	35	Europe/Volgograd	Gumrak Airport
VOL	Nea Anchialos National Airport	Nea Anchialos	Greece	GR	europe	39.219601	22.794300	15	Europe/Athens	Volos Central Greece Airport
VOZ	Voronezh International Airport	Voronezh	Russia	RU	europe	51.814324	39.230948	20	Europe/Moscow	Chertovitskoye Airport | Chertovitskoe Airport
VPE	Ngjiva Pereira Airport	Ngiva	Angola	AO	africa	-17.043501	15.683800	15	Africa/Luanda	Ngiva Airport | NGV | Ondjiva | 11 de Novembro
VPN	Vopnafjörður Airport	Vopnafjordur	Iceland	IS	europe	65.720596	-14.850600	15	Atlantic/Reykjavik	Vopnafjörður
VPS	Destin-Fort Walton Beach Airport	Valparaiso	United States	US	americas	30.481315	-86.515839	15	America/Chicago	Eglin AFB
VPY	Chimoio Airport	Chimoio	Mozambique	MZ	africa	-19.151300	33.429001	15	Africa/Maputo	
VQS	Antonio Rivera Rodriguez Airport	Vieques Island	Puerto Rico	PR	americas	18.134800	-65.493599	15	America/Puerto_Rico	Vieques
VRA	Juan Gualberto Gomez International Airport	Varadero	Cuba	CU	americas	23.034401	-81.435303	35	America/Havana	Matanzas
VRB	Vero Beach Regional Airport	Vero Beach	United States	US	americas	27.655600	-80.417901	15	America/New_York	Vero Beach Municipal
VRC	Virac Airport	Virac	Philippines	PH	asia	13.576400	124.206001	15	Asia/Manila	
VRL	Vila Real Airport	Vila Real	Portugal	PT	europe	41.274300	-7.720470	15	Europe/Lisbon	
VRN	Verona Villafranca Valerio Catullo Airport	Verona	Italy	IT	europe	45.394955	10.887303	30	Europe/Rome	Valerio Catullo | Villafranca International Airport | Valerio Catullo Airport | Villafranca Airport | Caselle
VSA	Carlos Rovirosa Pérez International Airport	Villahermosa	Mexico	MX	americas	17.994283	-92.818199	35	America/Mexico_City	Villahermosa International Airport
VSE	Aerodromo Goncalves Lobato (Viseu Airport)	Viseu	Portugal	PT	europe	40.725498	-7.888990	15	Europe/Lisbon	
VST	Stockholm Västerås Airport	Stockholm / Vasteras	Sweden	SE	europe	59.589401	16.633600	30	Europe/Stockholm	Stockholm / Västerås
VSV	Shravasti Airport	Shravasti	India	IN	asia	27.499732	82.032927	5	Asia/Kolkata	
VTE	Wattay International Airport	Vientiane	Laos	LA	asia	17.985052	102.566692	35	Asia/Vientiane	
VTU	Hermanos Ameijeiras Airport	Las Tunas	Cuba	CU	americas	20.987600	-76.935799	15	America/Havana	
VTZ	Alluri Sitarama Raju International Airport (Vizag)	Visakhapatnam	India	IN	asia	17.971512	83.503617	35	Asia/Kolkata	Vizag
VUP	Alfonso López Pumarejo Airport	Valledupar	Colombia	CO	americas	10.435000	-73.249500	15	America/Bogota	
VUS	Velikiy Ustyug Airport	Velikiy Ustyug	Russia	RU	europe	60.788300	46.259998	15	Europe/Moscow	
VVC	Vanguardia Airport	Villavicencio	Colombia	CO	americas	4.167870	-73.613800	15	America/Bogota	
VVI	Viru Viru International Airport	Santa Cruz	Bolivia	BO	americas	-17.644800	-63.135399	35	America/La_Paz	
VVO	Vladivostok International Airport	Vladivostok	Russia	RU	europe	43.396256	132.148155	35	Asia/Vladivostok	Vladivostok-Knevichi Airport | Artyom
VVZ	Illizi Takhamalt Airport	Illizi	Algeria	DZ	africa	26.723499	8.622650	15	Africa/Algiers	
VXC	Lichinga Airport	Lichinga	Mozambique	MZ	africa	-13.274000	35.266300	15	Africa/Maputo	
VXE	Cesaria Evora International Airport	Sao Pedro	Cape Verde	CV	africa	16.833363	-25.055308	35	Atlantic/Cape_Verde	São Vicente Island | São Pedro
VXO	Växjö Kronoberg Airport	Vaxjo	Sweden	SE	europe	56.929100	14.728000	15	Europe/Stockholm	Växjö
VYI	Vilyuisk Airport	Vilyuisk	Russia	RU	europe	63.756668	121.693336	15	Asia/Yakutsk	
WAA	Wales Airport	Wales	United States	US	americas	65.622593	-168.095000	5	America/Nome	
WAE	Wadi Al Dawasir Domestic Airport	Wadi al-Dawasir	Saudi Arabia	SA	middle_east	20.504299	45.199600	15	Asia/Riyadh	Wadi Al Dawasir
WAG	Wanganui Airport	Wanganui	New Zealand	NZ	oceania	-39.963467	175.024440	15	Pacific/Auckland	
WAW	Warsaw Chopin Airport	Warsaw	Poland	PL	europe	52.165699	20.967100	64	Europe/Warsaw	Okęcie | Warszawa
WBM	Wapenamanda Airport	Wapenamanda	Papua New Guinea	PG	oceania	-5.635293	143.892231	15	Pacific/Port_Moresby	
WBQ	Beaver Airport	Beaver	United States	US	americas	66.362198	-147.406998	5	America/Anchorage	
WDH	Hosea Kutako International Airport	Windhoek	Namibia	NA	africa	-22.479900	17.470900	35	Africa/Windhoek	J.G. Strijdom Airport
WDS	Shiyan Wudangshan Airport	Shiyan	China	CN	asia	32.592889	110.906296	15	Asia/Shanghai	
WEF	Weifang Nanyuan Airport	Weifang	China	CN	asia	36.646702	119.119003	15	Asia/Shanghai	
WEH	Weihai Dashuibo Airport	Weihai	China	CN	asia	37.187099	122.228996	15	Asia/Shanghai	Dashuipo | Yancheng Air Base
WEI	Weipa Airport	Weipa	Australia	AU	oceania	-12.677493	141.922618	15	Australia/Brisbane	
WGA	Wagga Wagga Airport	Wagga Wagga	Australia	AU	oceania	-35.163484	147.468320	15	Australia/Sydney	RAAF Base Wagga | Forest Hill
WGE	Walgett Airport	Walgett	Australia	AU	oceania	-30.032801	148.126007	15	Australia/Sydney	
WGN	Shaoyang Wugang Airport	Shaoyang	China	CN	asia	26.806123	110.641042	15	Asia/Shanghai	
WGP	Umbu Mehang Kunda Airport	Waingapu-Sumba Island	Indonesia	ID	asia	-9.669220	120.302002	5	Asia/Makassar	WRRW | WADW | Mau Hau Airport | Waingapu Airport
WHA	Wuhu Xuanzhou Airport	Wuhu	China	CN	asia	31.104500	118.666870	15	Asia/Shanghai	
WHK	Whakatāne Airport	Whakatane	New Zealand	NZ	oceania	-37.922224	176.916960	15	Pacific/Auckland	Whakatāne
WIC	Wick John O'Groats Airport	Wick	United Kingdom	GB	europe	58.458900	-3.093060	15	Europe/London	
WIL	Nairobi Wilson Airport	Nairobi	Kenya	KE	africa	-1.321720	36.814800	15	Africa/Nairobi	WLN
WIN	Winton Airport	Winton	Australia	AU	oceania	-22.363600	143.085999	15	Australia/Brisbane	
WJR	Wajir Airport	Wajir	Kenya	KE	africa	1.733240	40.091599	15	Africa/Nairobi	
WJU	Wonju Airport / Hoengseong Air Base (K-38/K-46)	Wonju	South Korea	KR	asia	37.437113	127.960051	15	Asia/Seoul	Hoengseong Air Base | K-38 | K-46 | WJU | RKNW | RKNH
WKA	Wanaka Airport	Wanaka	New Zealand	NZ	oceania	-44.722091	169.246287	15	Pacific/Auckland	Luggate Airport
WKJ	Wakkanai Airport	Wakkanai	Japan	JP	asia	45.404202	141.800995	15	Asia/Tokyo	
WLG	Wellington International Airport	Wellington	New Zealand	NZ	oceania	-41.326839	174.806862	35	Pacific/Auckland	
WLH	Walaha Airport	Walaha	Vanuatu	VU	oceania	-15.412000	167.690994	5	Pacific/Efate	
WLK	Selawik Airport	Selawik	United States	US	americas	66.600098	-159.985992	5	America/Anchorage	
WLS	Hihifo Airport	Wallis Island	Wallis and Futuna	WF	oceania	-13.239445	-176.198650	30	Pacific/Wallis	
WMI	Warsaw Modlin Airport	Warsaw	Poland	PL	europe	52.451099	20.651800	30	Europe/Warsaw	Warszawa | Nowy Dwór Mazowiecki
WMN	Maroantsetra Airport	Maroantsetra	Madagascar	MG	africa	-15.437742	49.689081	15	Indian/Antananarivo	
WMO	White Mountain Airport	White Mountain	United States	US	americas	64.689201	-163.412994	5	America/Nome	
WMT	Zunyi Maotai Airport	Zunyi	China	CN	asia	27.961837	106.435416	15	Asia/Shanghai	
WMX	Wamena Airport	Wamena-Papua Island	Indonesia	ID	asia	-4.097324	138.952417	15	Asia/Jayapura	WAJW | Wamena
WNA	Napakiak Airport	Napakiak	United States	US	americas	60.690300	-161.979004	5	America/Anchorage	
WNH	Wenshan Puzhehei Airport	Wenshan	China	CN	asia	23.558300	104.325500	5	Asia/Shanghai	
WNN	Wunnumin Lake Airport	Wunnumin Lake	Canada	CA	americas	52.893902	-89.289200	5	America/Winnipeg	
WNP	Naga Airport	Naga	Philippines	PH	asia	13.584900	123.269997	15	Asia/Manila	
WNR	Windorah Airport	Windorah	Australia	AU	oceania	-25.410641	142.668428	15	Australia/Brisbane	
WNS	Shaheed Benazirabad Airport	Nawabash	Pakistan	PK	asia	26.219400	68.390099	15	Asia/Karachi	Nawabashah
WNZ	Wenzhou Longwan International Airport	Wenzhou	China	CN	asia	27.910572	120.853465	35	Asia/Shanghai	Wenzhou Yongqiang Airport
WOS	Wonsan Kalma Airport	Wonsan	North Korea	KP	asia	39.165219	127.487931	15	Asia/Pyongyang	
WRE	Whangarei Airport	Whangarei	New Zealand	NZ	oceania	-35.769253	174.363713	15	Pacific/Auckland	
WRG	Wrangell Airport	Wrangell	United States	US	americas	56.484299	-132.369995	15	America/Sitka	
WRO	Copernicus Wrocław Airport	Wroclaw	Poland	PL	europe	51.103719	16.882096	30	Europe/Warsaw	Strachowice | Breslau | Wrocław
WRY	Westray Airport	Westray	United Kingdom	GB	europe	59.350475	-2.950062	5	Europe/London	
WSK	Chongqing Wushan Airport	Wushan	China	CN	asia	31.068960	109.708958	5	Asia/Shanghai	
WSN	South Naknek Number 2 Airport	South Naknek	United States	US	americas	58.702362	-157.005444	5	America/Anchorage	
WST	Westerly State Airport	Westerly	United States	US	americas	41.349602	-71.803398	15	America/New_York	
WSZ	Westport Airport	Westport	New Zealand	NZ	oceania	-41.737111	171.579033	15	Pacific/Auckland	
WTA	Tambohorano Airport	Tambohorano	Madagascar	MG	africa	-17.476101	43.972801	5	Indian/Antananarivo	
WTB	Toowoomba Wellcamp Airport	Wellcamp	Australia	AU	oceania	-27.558332	151.793335	30	Australia/Brisbane	Brisbane West Wellcamp | Toowoomba
WTK	Noatak Airport	Noatak	United States	US	americas	67.561241	-162.980461	5	America/Nome	
WUA	Wuhai Airport	Wuhai	China	CN	asia	39.793400	106.799300	15	Asia/Shanghai	
WUH	Wuhan Tianhe International Airport	Wuhan	China	CN	asia	30.774798	114.213723	35	Asia/Shanghai	
WUN	Wiluna Airport	Wiluna	Australia	AU	oceania	-26.632691	120.221906	15	Australia/Perth	
WUS	Nanping Wuyishan Airport	Wuyishan	China	CN	asia	27.701900	118.000999	15	Asia/Shanghai	
WUT	Xinzhou Wutaishan Airport	Xinzhou	China	CN	asia	38.597456	112.969173	5	Asia/Shanghai	
WUU	Wau Airport	Wau	South Sudan	SS	africa	7.725830	27.975000	15	Africa/Juba	
WUX	Sunan Shuofang International Airport	Wuxi	China	CN	asia	31.496952	120.430380	35	Asia/Shanghai	Wuxi Airport
WUZ	Wuzhou Xijiang Airport	Wuzhou	China	CN	asia	23.403160	111.093310	15	Asia/Shanghai	Tangbu
WVB	Walvis Bay International Airport	Walvis Bay	Namibia	NA	africa	-22.979332	14.647102	35	Africa/Windhoek	SAAFB Rooikop
WWK	Wewak International Airport	Wewak	Papua New Guinea	PG	oceania	-3.583830	143.669006	20	Pacific/Port_Moresby	
WWT	Mertarvik Airport	Newtok	United States	US	americas	60.810370	-164.499511	5	America/Nome	Mertarvik
WXN	Wanzhou Wuqiao Airport	Wanxian	China	CN	asia	30.801700	108.433000	5	Asia/Shanghai	Wanzhou
WYA	Whyalla Airport	Whyalla	Australia	AU	oceania	-33.058899	137.514008	15	Australia/Adelaide	
WYS	Yellowstone Airport	West Yellowstone	United States	US	americas	44.688400	-111.117996	15	America/Denver	
XAI	Xinyang Minggang Airport	Xinyang	China	CN	asia	32.540819	114.079141	15	Asia/Shanghai	Queshan Air Base
XAP	Serafin Enoss Bertaso Airport	Chapeco	Brazil	BR	americas	-27.134199	-52.656601	15	America/Sao_Paulo	Chapecó Airport | Chapecó
XBE	Bearskin Lake Airport	Bearskin Lake	Canada	CA	americas	53.965599	-91.027199	5	America/Winnipeg	NE3
XBJ	Birjand International Airport	Birjand	Iran	IR	middle_east	32.896525	59.281258	35	Asia/Tehran	
XCH	Christmas Island International Airport	Christmas Island	Christmas Island	CX	asia	-10.450387	105.691100	20	Indian/Christmas	Flying Fish Cove
XCR	Chalons Vatry airport	Chalons/Vatry	France	FR	europe	48.773330	4.206110	15	Europe/Paris	Paris-Châlons | Paris-Vatry | Paris-Vatry (Disney) | Vatry Europort | Chalons en Champagne
XFN	Xiangyang Liuji Airport	Xiangfan	China	CN	asia	32.152222	112.291666	15	Asia/Shanghai	Xiangyang
XGR	Kangiqsualujjuaq (Georges River) Airport	Kangiqsualujjuaq	Canada	CA	americas	58.711399	-65.992798	5	America/Toronto	YLU
XIC	Xichang Qingshan Airport	Xichang	China	CN	asia	27.989100	102.183998	15	Asia/Shanghai	Liangshan
XIL	Xilinhot Airport	Xilinhot	China	CN	asia	43.915600	115.963997	15	Asia/Shanghai	
XIY	Xi'an Xianyang International Airport	Xianyang	China	CN	asia	34.442207	108.762385	35	Asia/Shanghai	Xian | Xi'an
XKH	Xieng Khouang Airport	Xieng Khouang	Laos	LA	asia	19.450001	103.157997	5	Asia/Vientiane	
XKS	Kasabonika Airport	Kasabonika	Canada	CA	americas	53.524700	-88.642799	15	America/Winnipeg	YAQ
XMN	Xiamen Gaoqi International Airport	Xiamen	China	CN	asia	24.543889	118.127454	35	Asia/Shanghai	
XMS	Coronel E Carvajal Airport	Macas	Ecuador	EC	americas	-2.299170	-78.120796	15	America/Guayaquil	
XMY	Yam Island Airport	Yam Island	Australia	AU	oceania	-9.899187	142.774265	5	Australia/Brisbane	
XNA	Northwest Arkansas National Airport	Fayetteville/Springdale/	United States	US	americas	36.281898	-94.306801	15	America/Chicago	Bentonville | Rogers | Fayetteville/Springdale/Rogers
XNN	Xining Caojiabao International Airport	Xining	China	CN	asia	36.527750	102.040215	35	Asia/Shanghai	Caojiabu | Caojiapu | Haidong
XPL	Palmerola International Airport	Comayagua	Honduras	HN	americas	14.382400	-87.621201	35	America/Tegucigalpa	Comayagua International | MHSC | Soto Cano | Palmerola Air Base | José Enrique Soto Cano Air Base | Tegucigalpa | Palmerola
XQP	Quepos Managua Airport	Quepos	Costa Rica	CR	americas	9.443160	-84.129799	15	America/Costa_Rica	
XRY	Jerez Airport	Jerez de la Forntera	Spain	ES	europe	36.744598	-6.060110	15	Europe/Madrid	Jerez de la Frontera
XSC	South Caicos Airport	South Caicos	Turks and Caicos Islands	TC	americas	21.515699	-71.528503	15	America/Grand_Turk	
XSI	South Indian Lake Airport	South Indian Lake	Canada	CA	americas	56.792801	-98.907204	5	America/Winnipeg	
XSP	Seletar Airport	Seletar	Singapore	SG	asia	1.415550	103.866730	15	Asia/Kuala_Lumpur	
XTG	Thargomindah Airport	Thargomindah	Australia	AU	oceania	-27.986368	143.812065	15	Australia/Brisbane	
XTL	Tadoule Lake Airport	Tadoule Lake	Canada	CA	americas	58.706308	-98.511057	5	America/Winnipeg	YBQ
XUZ	Xuzhou Guanyin International Airport	Xuzhou	China	CN	asia	34.059056	117.555278	20	Asia/Shanghai	
XWA	Williston Basin International Airport	Williston	United States	US	americas	48.260863	-103.751160	20	America/Chicago	
XYA	Yandina Airport	Yandina	Solomon Islands	SB	oceania	-9.092816	159.218410	5	Pacific/Guadalcanal	
YAA	Anahim Lake Airport	Anahim Lake	Canada	CA	americas	52.451501	-125.303776	15	America/Vancouver	AJ4
YAB	Arctic Bay Airport	Arctic Bay	Canada	CA	americas	73.006101	-85.046160	5	America/Rankin_Inlet	CJX7
YAC	Cat Lake Airport	Cat Lake	Canada	CA	americas	51.727200	-91.824402	5	America/Winnipeg	
YAG	Fort Frances Municipal Airport	Fort Frances	Canada	CA	americas	48.655749	-93.443490	15	America/Winnipeg	
YAK	Yakutat Airport	Yakutat	United States	US	americas	59.508717	-139.660435	15	America/Yakutat	
YAL	Alert Bay Airport	Alert Bay	Canada	CA	americas	50.582199	-126.916000	5	America/Vancouver	
YAM	Sault Ste Marie Airport	Sault Ste Marie	Canada	CA	americas	46.483216	-84.508467	15	America/Detroit	
YAP	Yap International Airport	Yap Island	Micronesia	FM	oceania	9.498910	138.082993	35	Pacific/Chuuk	
YAS	Yasawa Island Airport	Yasawa Island	Fiji	FJ	oceania	-16.758900	177.544998	5	Pacific/Fiji	
YAT	Attawapiskat Airport	Attawapiskat	Canada	CA	americas	52.927502	-82.431900	5	America/Toronto	
YAX	Wapekeka Airport	Angling Lake	Canada	CA	americas	53.849201	-89.579399	5	America/Winnipeg	KB6
YAY	St. Anthony Airport	St. Anthony	Canada	CA	americas	51.391909	-56.083210	15	America/St_Johns	
YAZ	Tofino / Long Beach Airport	Tofino	Canada	CA	americas	49.079833	-125.775583	15	America/Vancouver	
YBB	Kugaaruk Airport	Kugaaruk	Canada	CA	americas	68.535711	-89.805508	5	America/Cambridge_Bay	YBB | Pelly Bay Townsite Airport
YBC	Baie-Comeau Airport	Baie-Comeau	Canada	CA	americas	49.132500	-68.204399	15	America/Toronto	
YBE	Uranium City Airport	Uranium City	Canada	CA	americas	59.561401	-108.481003	5	America/Swift_Current	
YBG	Saguenay-Bagotville Airport	Bagotville	Canada	CA	americas	48.330123	-70.992012	15	America/Toronto	Bagotville Airport | Saguenay
YBI	Black Tickle Airport	Black Tickle	Canada	CA	americas	53.469836	-55.787501	5	America/St_Johns	CE4
YBK	Baker Lake Airport	Baker Lake	Canada	CA	americas	64.298897	-96.077797	15	America/Rankin_Inlet	
YBL	Campbell River Airport	Campbell River	Canada	CA	americas	49.950802	-125.271004	15	America/Vancouver	
YBP	Yibin Wuliangye Airport	Yibin	China	CN	asia	28.858431	104.526157	15	Asia/Shanghai	
YBR	Brandon Municipal Airport	Brandon	Canada	CA	americas	49.910000	-99.951897	15	America/Winnipeg	
YBT	Brochet Airport	Brochet	Canada	CA	americas	57.889400	-101.679001	5	America/Winnipeg	
YBV	Berens River Airport	Berens River	Canada	CA	americas	52.358898	-97.018303	5	America/Winnipeg	
YBX	Lourdes-de-Blanc-Sablon Airport	Lourdes-De-Blanc-Sablon	Canada	CA	americas	51.443600	-57.185299	15	America/Blanc-Sablon	Blanc-Sablon
YBY	Bonnyville Airport	Bonnyville	Canada	CA	americas	54.304199	-110.744003	15	America/Edmonton	YBF
YCB	Cambridge Bay Airport	Cambridge Bay	Canada	CA	americas	69.108101	-105.138000	15	America/Cambridge_Bay	
YCD	Nanaimo Airport	Nanaimo	Canada	CA	americas	49.054970	-123.869863	15	America/Vancouver	
YCG	Castlegar/West Kootenay Regional Airport	Castlegar	Canada	CA	americas	49.296398	-117.632004	15	America/Vancouver	
YCK	Tommy Kochon Airport	Colville Lake	Canada	CA	americas	67.020150	-126.128364	5	America/Inuvik	
YCM	Niagara District Airport	St Catharines	Canada	CA	americas	43.191598	-79.171686	15	America/Toronto	YSN | Saint Catharines | Niagara-on-the-Lake
YCO	Kugluktuk Airport	Kugluktuk	Canada	CA	americas	67.816408	-115.143070	5	America/Cambridge_Bay	Copper Mine Airport
YCR	Cross Lake (Charlie Sinclair Memorial) Airport	Cross Lake	Canada	CA	americas	54.609758	-97.762442	5	America/Winnipeg	
YCS	Chesterfield Inlet Airport	Chesterfield Inlet	Canada	CA	americas	63.346901	-90.731102	5	America/Rankin_Inlet	
YCU	Yuncheng Yanhu International Airport	Yuncheng	China	CN	asia	35.117823	111.034023	35	Asia/Shanghai	Yuncheng Guangong Airport
YCY	Clyde River Airport	Clyde River	Canada	CA	americas	70.486099	-68.516701	5	America/Iqaluit	
YDA	Dawson City Airport	Dawson City	Canada	CA	americas	64.043098	-139.128006	15	America/Dawson	
YDF	Deer Lake Airport	Deer Lake	Canada	CA	americas	49.208159	-57.396147	15	America/St_Johns	
YDL	Dease Lake Airport	Dease Lake	Canada	CA	americas	58.422199	-130.031998	5	America/Vancouver	YDL
YDN	Dauphin Barker Airport	Dauphin	Canada	CA	americas	51.100800	-100.052002	15	America/Winnipeg	
YDP	Nain Airport	Nain	Canada	CA	americas	56.550778	-61.682224	5	America/Goose_Bay	
YDV	Bloodvein River Airport	Bloodvein River	Canada	CA	americas	51.784568	-96.692305	5	America/Winnipeg	ZTA
YEG	Edmonton International Airport	Edmonton	Canada	CA	americas	53.309700	-113.580002	35	America/Edmonton	
YEI	Bursa Yenişehir Airport	Bursa	Turkey	TR	europe	40.255199	29.562599	15	Europe/Istanbul	Yenişehir
YEK	Arviat Airport	Arviat	Canada	CA	americas	61.094200	-94.070801	5	America/Rankin_Inlet	
YER	Fort Severn Airport	Fort Severn	Canada	CA	americas	56.018902	-87.676102	5	America/Toronto	
YEV	Inuvik Mike Zubko Airport	Inuvik	Canada	CA	americas	68.304199	-133.483002	15	America/Inuvik	
YFA	Fort Albany Airport	Fort Albany	Canada	CA	americas	52.203451	-81.695194	5	America/Toronto	
YFB	Iqaluit Airport	Iqaluit	Canada	CA	americas	63.756402	-68.555801	15	America/Iqaluit	Frobisher Bay Air Base
YFC	Fredericton International Airport	Fredericton	Canada	CA	americas	45.868697	-66.529891	20	America/Moncton	
YFH	Fort Hope Airport	Fort Hope	Canada	CA	americas	51.561901	-87.907799	5	America/Toronto	
YFJ	Wekweètì Airport	Wekweeti	Canada	CA	americas	64.190804	-114.077002	5	America/Edmonton	Wekweti | Snare Lake | Wekweètì
YFO	Flin Flon Airport	Flin Flon	Canada	CA	americas	54.678101	-101.681999	5	America/Winnipeg	
YFS	Fort Simpson Airport	Fort Simpson	Canada	CA	americas	61.760201	-121.237000	15	America/Inuvik	
YFX	St. Lewis (Fox Harbour) Airport	St. Lewis	Canada	CA	americas	52.372799	-55.673901	5	America/St_Johns	CK4
YGH	Fort Good Hope Airport	Fort Good Hope	Canada	CA	americas	66.240658	-128.647757	5	America/Inuvik	
YGJ	Yonago Kitaro Airport / JASDF Miho Air Base	Yonago	Japan	JP	asia	35.492199	133.235992	15	Asia/Tokyo	miho
YGL	La Grande Rivière Airport	La Grande Riviere	Canada	CA	americas	53.625301	-77.704201	15	America/Toronto	La Grande Rivière
YGO	Gods Lake Narrows Airport	Gods Lake Narrows	Canada	CA	americas	54.557680	-94.490061	5	America/Winnipeg	
YGP	Michel-Pouliot Gaspé Airport	Gaspe	Canada	CA	americas	48.774915	-64.481893	15	America/Toronto	Gaspé
YGR	Îles-de-la-Madeleine Airport	Iles-de-la-Madeleine	Canada	CA	americas	47.425242	-61.778612	15	America/Halifax	Les Îles-de-la-Madeleine
YGT	Igloolik Airport	Igloolik	Canada	CA	americas	69.364700	-81.816101	5	America/Iqaluit	
YGV	Havre-Saint-Pierre Airport	Havre St-Pierre	Canada	CA	americas	50.281898	-63.611401	15	America/Toronto	Havre-Saint-Pierre
YGW	Kuujjuarapik Airport	Kuujjuarapik	Canada	CA	americas	55.281898	-77.765297	15	America/Iqaluit	
YGX	Gillam Airport	Gillam	Canada	CA	americas	56.357120	-94.711504	5	America/Winnipeg	
YGZ	Grise Fiord Airport	Grise Fiord	Canada	CA	americas	76.425823	-82.908583	5	America/Iqaluit	
YHA	Port Hope Simpson Airport	Port Hope Simpson	Canada	CA	americas	52.528099	-56.286098	5	America/St_Johns	CP4
YHI	Ulukhaktok Holman Airport	Ulukhaktok	Canada	CA	americas	70.762802	-117.806000	5	America/Edmonton	
YHK	Gjoa Haven Airport	Gjoa Haven	Canada	CA	americas	68.635597	-95.849701	5	America/Cambridge_Bay	
YHM	John C. Munro Hamilton International Airport	Hamilton	Canada	CA	americas	43.171308	-79.929416	35	America/Toronto	Mount Hope Airport
YHO	Hopedale Airport	Hopedale	Canada	CA	americas	55.448757	-60.228124	5	America/Goose_Bay	CC5
YHP	Poplar Hill Airport	Poplar Hill	Canada	CA	americas	52.113300	-94.255600	5	America/Winnipeg	
YHR	Chevery Airport	Chevery	Canada	CA	americas	50.468322	-59.637823	5	America/Blanc-Sablon	
YHU	Montréal / Saint-Hubert Metropolitan Airport	Montreal	Canada	CA	americas	45.517502	-73.416901	15	America/Toronto	Montréal
YHY	Hay River / Merlyn Carter Airport	Hay River	Canada	CA	americas	60.839699	-115.782997	15	America/Edmonton	
YHZ	Halifax / Stanfield International Airport	Halifax	Canada	CA	americas	44.880798	-63.508598	35	America/Halifax	
YIA	Yogyakarta International Airport	Yogyakarta	Indonesia	ID	asia	-7.905338	110.057264	35	Asia/Jakarta	Kulon Progo
YIC	Yichun Mingyueshan Airport	Yichun	China	CN	asia	27.802500	114.306200	15	Asia/Shanghai	
YIE	Arxan Yi'ershi Airport	Arxan	China	CN	asia	47.310600	119.911700	15	Asia/Shanghai	
YIF	St Augustin Airport	St-Augustin	Canada	CA	americas	51.211700	-58.658298	15	America/Blanc-Sablon	Pakuashipi Airport
YIH	Yichang Sanxia Airport	Yichang	China	CN	asia	30.554132	111.482563	15	Asia/Shanghai	
YIK	Ivujivik Airport	Ivujivik	Canada	CA	americas	62.417301	-77.925301	5	America/Iqaluit	
YIN	Ili Yining International Airport	Yining	China	CN	asia	43.955799	81.330299	20	Asia/Shanghai	Ghulja | Ili
YIO	Pond Inlet Airport	Pond Inlet	Canada	CA	americas	72.689494	-77.968941	5	America/Iqaluit	
YIV	Island Lake Airport	Island Lake	Canada	CA	americas	53.857201	-94.653603	15	America/Winnipeg	
YIW	Yiwu Airport	Yiwu	China	CN	asia	29.342095	120.031160	30	Asia/Shanghai	Jinhua | Yiwu/Jinhua
YKA	Kamloops John Moose Fulton Field Regional Airport	Kamloops	Canada	CA	americas	50.703038	-120.448641	15	America/Vancouver	Fulton
YKF	Region of Waterloo International Airport	Kitchener	Canada	CA	americas	43.460800	-80.378601	20	America/Toronto	Breslau | Waterloo | Cambridge | YKF
YKG	Kangirsuk Airport	Kangirsuk	Canada	CA	americas	60.027199	-69.999199	5	America/Toronto	YAS
YKH	Yingkou Lanqi Airport	Yingkou	China	CN	asia	40.542524	122.358600	15	Asia/Shanghai	
YKL	Schefferville Airport	Schefferville	Canada	CA	americas	54.805302	-66.805298	15	America/Toronto	
YKM	Yakima Air Terminal McAllister Field	Yakima	United States	US	americas	46.568199	-120.543999	15	America/Los_Angeles	
YKO	Hakkari Yüksekova Airport	Yuksekova	Turkey	TR	europe	37.549700	44.238100	15	Europe/Istanbul	Hakkari
YKQ	Waskaganish Airport	Waskaganish	Canada	CA	americas	51.473301	-78.758301	5	America/Iqaluit	
YKS	Platon Oyunsky Yakutsk International Airport	Yakutsk	Russia	RU	europe	62.093300	129.770996	35	Asia/Yakutsk	
YKU	Chisasibi Airport	Chisasibi	Canada	CA	americas	53.805599	-78.916901	5	America/Toronto	SU2
YLC	Kimmirut Airport	Kimmirut	Canada	CA	americas	62.848253	-69.877853	5	America/Iqaluit	Lake Harbour
YLE	Whatì Airport	Whati	Canada	CA	americas	63.131699	-117.246002	5	America/Edmonton	EM3 | Lac la Martre | Wha Ti | Whatì
YLH	Lansdowne House Airport	Lansdowne House	Canada	CA	americas	52.195599	-87.934196	5	America/Toronto	
YLK	Barrie-Lake Simcoe Regional Airport	Barrie-Orillia	Canada	CA	americas	44.485056	-79.554663	15	America/Toronto	NB9 | CNB9 | Oro Station | Barrie
YLL	Lloydminster Airport	Lloydminster	Canada	CA	americas	53.309200	-110.072998	15	America/Edmonton	
YLW	Kelowna International Airport	Kelowna	Canada	CA	americas	49.956100	-119.377998	35	America/Vancouver	Okanagan
YLX	Yulin Fumian Airport	Yulin	China	CN	asia	22.433042	110.119996	15	Asia/Shanghai	
YMH	Mary's Harbour Airport	Mary's Harbour	Canada	CA	americas	52.302837	-55.847433	5	America/St_Johns	
YMM	Fort McMurray International Airport	Fort McMurray	Canada	CA	americas	56.653301	-111.222000	20	America/Edmonton	
YMN	Makkovik Airport	Makkovik	Canada	CA	americas	55.077335	-59.187942	5	America/Goose_Bay	YFT
YMO	Moosonee Airport	Moosonee	Canada	CA	americas	51.291100	-80.607803	15	America/Toronto	
YMS	Moises Benzaquen Rengifo Airport	Yurimaguas	Peru	PE	americas	-5.893770	-76.118202	15	America/Lima	
YMT	Chapais Airport	Chibougamau	Canada	CA	americas	49.771900	-74.528099	15	America/Toronto	
YMX	Montreal Mirabel International Airport	Montreal	Canada	CA	americas	45.679501	-74.038696	20	America/Toronto	YMQ | Montréal
YNA	Natashquan Airport	Natashquan	Canada	CA	americas	50.190114	-61.788980	15	America/Blanc-Sablon	
YNB	Prince Abdulmohsen Bin Abdulaziz International Airport	Yanbu	Saudi Arabia	SA	middle_east	24.144199	38.063400	35	Asia/Riyadh	Yenbo | Yanbu Airport
YNC	Wemindji Airport	Wemindji	Canada	CA	americas	53.010601	-78.831100	5	America/Iqaluit	
YND	Ottawa / Gatineau Airport	Gatineau	Canada	CA	americas	45.521702	-75.563599	15	America/Toronto	YND
YNE	Norway House Airport	Norway House	Canada	CA	americas	53.958302	-97.844200	5	America/Winnipeg	
YNJ	Yanji Chaoyangchuan Airport	Yanji	China	CN	asia	42.882801	129.451004	15	Asia/Shanghai	
YNL	Points North Landing Airport	Points North Landing	Canada	CA	americas	58.276699	-104.082001	15	America/Regina	
YNO	North Spirit Lake Airport	North Spirit Lake	Canada	CA	americas	52.490002	-92.971100	5	America/Winnipeg	KQ3
YNS	Nemiscau Airport	Nemiscau	Canada	CA	americas	51.691101	-76.135597	5	America/Toronto	YHH
YNT	Yantai Penglai International Airport	Yantai	China	CN	asia	37.659724	120.978124	35	Asia/Shanghai	
YNY	Yangyang International Airport	Sokcho / Gangneung	South Korea	KR	asia	38.060481	128.669822	35	Asia/Seoul	RKNY | YNY | Yangyang | Gonghang | Gonghang-ro
YNZ	Yancheng Nanyang International Airport	Yancheng	China	CN	asia	33.428317	120.205450	35	Asia/Shanghai	
YOC	Old Crow Airport	Old Crow	Canada	CA	americas	67.570602	-139.839005	5	America/Dawson	
YOG	Ogoki Post Airport	Ogoki Post	Canada	CA	americas	51.658600	-85.901703	5	America/Toronto	NT3
YOH	Oxford House Airport	Oxford House	Canada	CA	americas	54.933300	-95.278900	5	America/Winnipeg	
YOJ	High Level Airport	High Level	Canada	CA	americas	58.621399	-117.165001	15	America/Edmonton	
YOL	Yola Airport	Yola	Nigeria	NG	africa	9.257550	12.430400	15	Africa/Lagos	
YON	Yongphulla Airport	Yongphulla	Bhutan	BT	asia	27.256270	91.514633	5	Asia/Thimphu	Yonphula Airport | VQ10
YOW	Ottawa Macdonald-Cartier International Airport	Ottawa	Canada	CA	americas	45.322498	-75.669197	35	America/Toronto	Uplands | UUP | CUUP
YPA	Prince Albert Glass Field	Prince Albert	Canada	CA	americas	53.214199	-105.672997	15	America/Regina	
YPC	Paulatuk (Nora Aliqatchialuk Ruben) Airport	Paulatuk	Canada	CA	americas	69.360838	-124.075470	5	America/Inuvik	
YPE	Peace River Airport	Peace River	Canada	CA	americas	56.226898	-117.446999	15	America/Edmonton	
YPH	Inukjuak Airport	Inukjuak	Canada	CA	americas	58.471901	-78.076897	5	America/Toronto	
YPJ	Aupaluk Airport	Aupaluk	Canada	CA	americas	59.296700	-69.599701	5	America/Toronto	YLA
YPL	Pickle Lake Airport	Pickle Lake	Canada	CA	americas	51.446400	-90.214203	15	America/Atikokan	
YPM	Pikangikum Airport	Pikangikum	Canada	CA	americas	51.819698	-93.973297	5	America/Winnipeg	
YPN	Port-Menier Airport	Port-Menier	Canada	CA	americas	49.836399	-64.288597	15	America/Toronto	Anticosti
YPO	Peawanuck Airport	Peawanuck	Canada	CA	americas	54.987932	-85.442648	5	America/Toronto	
YPQ	Peterborough Regional Airport	Peterborough	Canada	CA	americas	44.232251	-78.362053	15	America/Toronto	
YPR	Prince Rupert Airport	Prince Rupert	Canada	CA	americas	54.286098	-130.445007	15	America/Vancouver	
YPW	Powell River Airport	Powell River	Canada	CA	americas	49.834202	-124.500000	15	America/Vancouver	
YPX	Puvirnituq Airport	Puvirnituq	Canada	CA	americas	60.050598	-77.286903	15	America/Iqaluit	
YPY	Fort Chipewyan Airport	Fort Chipewyan	Canada	CA	americas	58.767200	-111.116997	15	America/Edmonton	
YPZ	Burns Lake Airport	Burns Lake	Canada	CA	americas	54.376400	-125.950996	15	America/Vancouver	YPZ
YQA	Muskoka Airport	Muskoka	Canada	CA	americas	44.975376	-79.306546	15	America/Toronto	Gravenhurst
YQB	Quebec Jean Lesage International Airport	Quebec	Canada	CA	americas	46.791100	-71.393303	35	America/Toronto	Quebec City
YQC	Quaqtaq Airport	Quaqtaq	Canada	CA	americas	61.046398	-69.617798	5	America/Iqaluit	YHA
YQD	The Pas Airport	The Pas	Canada	CA	americas	53.971401	-101.091003	15	America/Winnipeg	
YQG	Windsor International Airport	Windsor	Canada	CA	americas	42.275600	-82.955597	35	America/Toronto	
YQH	Watson Lake Airport	Watson Lake	Canada	CA	americas	60.116839	-128.821993	15	America/Whitehorse	
YQK	Kenora Airport	Kenora	Canada	CA	americas	49.788300	-94.363098	15	America/Winnipeg	
YQL	Lethbridge County Airport	Lethbridge	Canada	CA	americas	49.630299	-112.800003	15	America/Edmonton	Kenyon Field
YQM	Greater Moncton Roméo LeBlanc International Airport	Moncton	Canada	CA	americas	46.113189	-64.677190	20	America/Moncton	CYQM | YQM
YQN	Nakina Airport	Nakina	Canada	CA	americas	50.182800	-86.696404	15	America/Toronto	
YQQ	Comox Valley International Airport / CFB Comox	Comox	Canada	CA	americas	49.710800	-124.887001	20	America/Vancouver	CFB Comox
YQR	Regina International Airport	Regina	Canada	CA	americas	50.431938	-104.660906	20	America/Regina	YQR | Roland J. Groome International
YQT	Thunder Bay International Airport	Thunder Bay	Canada	CA	americas	48.371899	-89.323898	20	America/Toronto	
YQU	Grande Prairie Airport	Grande Prairie	Canada	CA	americas	55.179699	-118.885002	15	America/Edmonton	
YQX	Gander International Airport	Gander	Canada	CA	americas	48.936258	-54.567719	20	America/St_Johns	CFB Gander
YQY	Sydney / J.A. Douglas McCurdy Airport	Sydney	Canada	CA	americas	46.161072	-60.049759	15	America/Glace_Bay	
YQZ	Quesnel Airport	Quesnel	Canada	CA	americas	53.026100	-122.510002	15	America/Vancouver	
YRA	Rae Lakes Airport	Gameti	Canada	CA	americas	64.116096	-117.309998	5	America/Edmonton	Gamètì
YRB	Resolute Bay Airport	Resolute Bay	Canada	CA	americas	74.716904	-94.969398	15	America/Resolute	
YRF	Cartwright Airport	Cartwright	Canada	CA	americas	53.682501	-57.042303	5	America/Goose_Bay	YCA
YRG	Rigolet Airport	Rigolet	Canada	CA	americas	54.179699	-58.457500	5	America/Goose_Bay	CZ2
YRJ	Roberval Airport	Roberval	Canada	CA	americas	48.519665	-72.265735	15	America/Toronto	
YRL	Red Lake Airport	Red Lake	Canada	CA	americas	51.066898	-93.793098	15	America/Winnipeg	
YRO	Ottawa / Rockcliffe Airport	Ottawa	Canada	CA	americas	45.460496	-75.644001	15	America/Toronto	YRO
YRS	Red Sucker Lake Airport	Red Sucker Lake	Canada	CA	americas	54.167198	-93.557198	5	America/Winnipeg	
YRT	Rankin Inlet Airport	Rankin Inlet	Canada	CA	americas	62.811401	-92.115799	15	America/Rankin_Inlet	
YSB	Sudbury Airport	Sudbury	Canada	CA	americas	46.625000	-80.798897	15	America/Toronto	
YSF	Stony Rapids Airport	Stony Rapids	Canada	CA	americas	59.250301	-105.841003	15	America/Regina	
YSG	Lutselk'e Airport	Lutselk'e	Canada	CA	americas	62.417823	-110.682793	5	America/Edmonton	YLK | EL3 | Snowdrift Airport
YSJ	Saint John Airport	Saint John	Canada	CA	americas	45.316101	-65.890297	15	America/Moncton	
YSK	Sanikiluaq Airport	Sanikiluaq	Canada	CA	americas	56.536891	-79.250221	5	America/Iqaluit	
YSM	Fort Smith Airport	Fort Smith	Canada	CA	americas	60.020302	-111.961998	15	America/Edmonton	
YSO	Postville Airport	Postville	Canada	CA	americas	54.910500	-59.785070	5	America/Goose_Bay	CD4
YSQ	Songyuan Chaganhu Airport	Songyuan	China	CN	asia	44.931143	124.552121	15	Asia/Shanghai	Qian Gorlos Mongol Autonomous County
YST	St. Theresa Point Airport	St. Theresa Point	Canada	CA	americas	53.845261	-94.851966	5	America/Winnipeg	
YSY	Sachs Harbour (David Nasogaluak Jr. Saaryuaq) Airport	Sachs Harbour	Canada	CA	americas	71.993896	-125.242996	5	America/Inuvik	
YTE	Cape Dorset Airport	Cape Dorset	Canada	CA	americas	64.230003	-76.526703	5	America/Iqaluit	Kinngait
YTH	Thompson Airport	Thompson	Canada	CA	americas	55.801102	-97.864197	15	America/Winnipeg	
YTL	Big Trout Lake Airport	Big Trout Lake	Canada	CA	americas	53.817799	-89.896896	5	America/Winnipeg	
YTQ	Tasiujaq Airport	Tasiujaq	Canada	CA	americas	58.667801	-69.955803	5	America/Toronto	
YTS	Timmins/Victor M. Power	Timmins	Canada	CA	americas	48.569698	-81.376701	15	America/Toronto	Timmins Victor M. Power Airport
YTW	Yutian Wanfang Airport	Yutian	China	CN	asia	36.808500	81.782700	5	Asia/Shanghai	Hotan
YTY	Yangzhou Taizhou Airport	Yangzhou	China	CN	asia	32.563400	119.719800	15	Asia/Shanghai	Yangtai Airport
YTZ	Billy Bishop Toronto City Airport	Toronto	Canada	CA	americas	43.627852	-79.395530	15	America/Toronto	YTO | Toronto Island Airport
YUD	Umiujaq Airport	Umiujaq	Canada	CA	americas	56.536098	-76.518303	5	America/Iqaluit	YMU
YUL	Montreal / Pierre Elliott Trudeau International Airport	Montreal	Canada	CA	americas	45.467837	-73.742294	35	America/Toronto	YMQ | Dorval Airport | Montréal
YUM	Yuma International Airport / Marine Corps Air Station Yuma	Yuma	United States	US	americas	32.650938	-114.609375	20	America/Phoenix	Yuma MCAS | Yuma Marine Corps Air Station | Formerly KYUM
YUS	Yushu Batang Airport	Yushu	China	CN	asia	32.836389	97.036389	15	Asia/Shanghai	
YUT	Naujaat Airport	Repulse Bay	Canada	CA	americas	66.521024	-86.225166	5	America/Rankin_Inlet	Repulse Bay Airport
YUX	Hall Beach Airport	Hall Beach	Canada	CA	americas	68.776100	-81.242500	15	America/Iqaluit	Sanirajak
YUY	Rouyn Noranda Airport	Rouyn-Noranda	Canada	CA	americas	48.206100	-78.835602	15	America/Toronto	
YVB	Bonaventure Airport	Bonaventure	Canada	CA	americas	48.071098	-65.460297	15	America/Toronto	
YVC	La Ronge Airport	La Ronge	Canada	CA	americas	55.151402	-105.262001	15	America/Regina	
YVM	Qikiqtarjuaq Airport	Qikiqtarjuaq	Canada	CA	americas	67.546560	-64.031410	5	America/Iqaluit	Broughton Island
YVO	Val-d'Or Airport	Val-d'Or	Canada	CA	americas	48.053299	-77.782799	15	America/Toronto	
YVP	Kuujjuaq Airport	Kuujjuaq	Canada	CA	americas	58.096100	-68.426903	15	America/Toronto	
YVQ	Norman Wells Airport	Norman Wells	Canada	CA	americas	65.281601	-126.797997	15	America/Inuvik	
YVR	Vancouver International Airport	Vancouver	Canada	CA	americas	49.193901	-123.183998	68	America/Vancouver	
YVV	Wiarton Airport	Wiarton	Canada	CA	americas	44.745800	-81.107201	15	America/Toronto	
YVZ	Deer Lake Airport	Deer Lake	Canada	CA	americas	52.655613	-94.061208	5	America/Winnipeg	
YWB	Kangiqsujuaq (Wakeham Bay) Airport	Kangiqsujuaq	Canada	CA	americas	61.588600	-71.929398	5	America/Toronto	
YWG	Winnipeg / James Armstrong Richardson International Airport	Winnipeg	Canada	CA	americas	49.910000	-97.239899	35	America/Winnipeg	CFB Winnipeg
YWJ	Déline Airport	Deline	Canada	CA	americas	65.211098	-123.435997	5	America/Inuvik	Fort Franklin | Déline
YWK	Wabush Airport	Wabush	Canada	CA	americas	52.921902	-66.864403	15	America/Goose_Bay	
YWL	Williams Lake Airport	Williams Lake	Canada	CA	americas	52.183102	-122.054001	15	America/Vancouver	
YWM	Williams Harbour Airport	Williams Harbour	Canada	CA	americas	52.567377	-55.784883	5	America/St_Johns	
YWP	Webequie Airport	Webequie	Canada	CA	americas	52.959393	-87.374868	5	America/Toronto	
YXC	Cranbrook/Canadian Rockies International Airport	Cranbrook	Canada	CA	americas	49.610802	-115.781998	20	America/Edmonton	
YXE	Saskatoon John G. Diefenbaker International Airport	Saskatoon	Canada	CA	americas	52.170723	-106.700793	35	America/Regina	
YXH	Medicine Hat Regional Airport	Medicine Hat	Canada	CA	americas	50.018902	-110.721001	15	America/Edmonton	
YXJ	Fort St John / North Peace Regional Airport	Fort St.John	Canada	CA	americas	56.238098	-120.739998	15	America/Dawson_Creek	BZ3 | Fort Saint John
YXL	Sioux Lookout Airport	Sioux Lookout	Canada	CA	americas	50.113899	-91.905296	15	America/Winnipeg	
YXN	Whale Cove Airport	Whale Cove	Canada	CA	americas	62.240002	-92.598099	5	America/Rankin_Inlet	
YXP	Pangnirtung Airport	Pangnirtung	Canada	CA	americas	66.144878	-65.713606	5	America/Iqaluit	
YXS	Prince George (International) Airport	Prince George	Canada	CA	americas	53.884311	-122.666554	20	America/Vancouver	Prince George International
YXT	Northwest Regional Airport Terrace-Kitimat	Terrace	Canada	CA	americas	54.468498	-128.576009	15	America/Vancouver	
YXU	London International Airport	London	Canada	CA	americas	43.032845	-81.149003	20	America/Toronto	
YXX	Abbotsford International Airport	Abbotsford	Canada	CA	americas	49.025299	-122.361000	20	America/Los_Angeles	
YXY	Whitehorse / Erik Nielsen International Airport	Whitehorse	Canada	CA	americas	60.708533	-135.065705	20	America/Whitehorse	
YYA	Yueyang Sanhe Airport	Yueyang	China	CN	asia	29.311699	113.281574	15	Asia/Shanghai	
YYB	North Bay Jack Garland Airport	North Bay	Canada	CA	americas	46.363602	-79.422798	15	America/Toronto	Jack Garland Airport | CFB North Bay
YYC	Calgary International Airport	Calgary	Canada	CA	americas	51.118822	-114.009933	35	America/Edmonton	McCall Field
YYD	Smithers Airport	Smithers	Canada	CA	americas	54.824699	-127.182999	15	America/Vancouver	
YYE	Fort Nelson Airport	Fort Nelson	Canada	CA	americas	58.836399	-122.597000	15	America/Fort_Nelson	
YYF	Penticton Airport	Penticton	Canada	CA	americas	49.463100	-119.601997	15	America/Vancouver	
YYG	Charlottetown Airport	Charlottetown	Canada	CA	americas	46.288911	-63.125174	15	America/Halifax	PEI
YYH	Taloyoak Airport	Taloyoak	Canada	CA	americas	69.546700	-93.576698	5	America/Cambridge_Bay	Spence Bay
YYJ	Victoria International Airport	Victoria	Canada	CA	americas	48.647201	-123.427792	35	America/Vancouver	
YYL	Lynn Lake Airport	Lynn Lake	Canada	CA	americas	56.863899	-101.075996	15	America/Winnipeg	
YYQ	Churchill Airport	Churchill	Canada	CA	americas	58.739201	-94.065002	15	America/Winnipeg	
YYR	Goose Bay Airport	Goose Bay	Canada	CA	americas	53.319199	-60.425800	15	America/Goose_Bay	CFB Goose Bay
YYT	St. John's International Airport	St. John's	Canada	CA	americas	47.618599	-52.751900	35	America/St_Johns	
YYY	Mont Joli Airport	Mont-Joli	Canada	CA	americas	48.608601	-68.208099	15	America/Toronto	
YYZ	Toronto Pearson International Airport	Toronto	Canada	CA	americas	43.675935	-79.629421	81	America/Toronto	YTO | Toronto International Airport | Malton
YZF	Yellowknife International Airport	Yellowknife	Canada	CA	americas	62.462799	-114.440002	20	America/Edmonton	
YZG	Salluit Airport	Salluit	Canada	CA	americas	62.179401	-75.667198	5	America/Toronto	
YZP	Sandspit Airport	Sandspit	Canada	CA	americas	53.254299	-131.813995	15	America/Vancouver	Queen Charlotte Islands | Haida Gwaii
YZS	Coral Harbour Airport	Coral Harbour	Canada	CA	americas	64.193298	-83.359398	15	America/Atikokan	
YZT	Port Hardy Airport	Port Hardy	Canada	CA	americas	50.680599	-127.366997	15	America/Vancouver	
YZU	Whitecourt Airport	Whitecourt	Canada	CA	americas	54.143902	-115.787003	15	America/Edmonton	
YZV	Sept-Îles Airport	Sept-Iles	Canada	CA	americas	50.223301	-66.265602	15	America/Toronto	Sept-Îles
YZY	Zhangye Ganzhou Airport	Mackenzie	China	CN	asia	38.801899	100.675003	15	America/Vancouver	Zhangye Southeast Air Base | Zhangye
YZZ	Trail Regional Airport	Trail	Canada	CA	americas	49.055599	-117.609001	5	America/Vancouver	AD4
ZAD	Zadar Airport	Zadar	Croatia	HR	europe	44.096986	15.353565	30	Europe/Zagreb	
ZAG	Zagreb Franjo Tuđman International Airport	Zagreb	Croatia	HR	europe	45.742901	16.068800	35	Europe/Zagreb	Pleso | Velika Gorica
ZAH	Zahedan International Airport	Zahedan	Iran	IR	middle_east	29.475700	60.906200	35	Asia/Tehran	
ZAL	Pichoy Airport	Valdivia	Chile	CL	americas	-39.650002	-73.086098	15	America/Santiago	
ZAM	Zamboanga International Airport	Zamboanga City	Philippines	PH	asia	6.922420	122.059998	35	Asia/Manila	Zamboanga
ZAT	Zhaotong Zhaoyang Airport	Zhaotong	China	CN	asia	27.205843	103.691511	15	Asia/Shanghai	
ZAZ	Zaragoza Airport	Zaragoza	Spain	ES	europe	41.666199	-1.041550	30	Europe/Madrid	Zaragoza Air Base
ZBF	Bathurst Airport	Bathurst	Canada	CA	americas	47.629700	-65.738899	15	America/Moncton	ZBF | South Tetagouche
ZBR	Chabahar Konarak International Airport	Chabahar	Iran	IR	middle_east	25.443190	60.382167	20	Asia/Tehran	Konarak
ZCL	General Leobardo C. Ruiz International Airport	Zacatecas	Mexico	MX	americas	22.894942	-102.687154	20	America/Mexico_City	Zacatecas International Airport
ZCO	La Araucanía International Airport	Temuco	Chile	CL	americas	-38.925900	-72.651500	35	America/Santiago	
ZDY	Delma Airport	Delma Island	United Arab Emirates	AE	middle_east	24.510000	52.335200	5	Asia/Dubai	Dalma
ZEL	Bella Bella (Campbell Island) Airport	Bella Bella	Canada	CA	americas	52.185001	-128.156994	15	America/Vancouver	BBC
ZEM	Eastmain River Airport	Eastmain River	Canada	CA	americas	52.226398	-78.522499	5	America/Iqaluit	
ZFD	Fond-du-Lac Airport	Fond-Du-Lac	Canada	CA	americas	59.334400	-107.181999	5	America/Swift_Current	
ZFL	Zhaosu Tianma Airport	Zhaosu	China	CN	asia	43.088477	81.223013	5	Asia/Shanghai	
ZFM	Fort Mcpherson Airport	Fort Mcpherson	Canada	CA	americas	67.406993	-134.860182	5	America/Inuvik	
ZFN	Tulita Airport	Tulita	Canada	CA	americas	64.909496	-125.570297	5	America/Inuvik	Fort Norman
ZGI	Gods River Airport	Gods River	Canada	CA	americas	54.839699	-94.078598	5	America/Winnipeg	
ZHA	Zhanjiang Wuchuan International Airport	Zhanjiang	China	CN	asia	21.481667	110.590278	35	Asia/Shanghai	
ZHY	Zhongwei Shapotou Airport	Zhongwei	China	CN	asia	37.573125	105.154454	15	Asia/Shanghai	
ZIA	Zhukovsky International Airport	Zhukovsky	Russia	RU	europe	55.553299	38.150002	35	Europe/Moscow	Zhukovsky Air Base | Gromov Flight Research Institute | Ramenskoye | Ramenskoye Airport | Moscow
ZIG	Ziguinchor Airport	Ziguinchor	Senegal	SN	africa	12.555590	-16.283298	15	Africa/Dakar	Basse Casamance
ZIH	Ixtapa-Zihuatanejo International Airport	Ixtapa	Mexico	MX	americas	17.601771	-101.460629	35	America/Mexico_City	Aeropuerto Internacional de Zihuatanejo
ZIX	Zhigansk Airport	Zhigansk	Russia	RU	europe	66.796501	123.361000	15	Asia/Yakutsk	
ZKE	Kashechewan Airport	Kashechewan	Canada	CA	americas	52.282501	-81.677803	5	America/Toronto	
ZKP	Zyryanka Airport	Zyryanka	Russia	RU	europe	65.748500	150.888900	15	Asia/Srednekolymsk	
ZLO	Playa de Oro International Airport	Manzanillo	Mexico	MX	americas	19.144800	-104.558998	20	America/Mexico_City	Manzanillo Costalegre | Aeropuerto Internacional Playa de Oro
ZLT	La Tabatière Airport	La Tabatiere	Canada	CA	americas	50.830799	-58.975601	5	America/Blanc-Sablon	TU5 | La Tabatière
ZMT	Masset Airport	Masset	Canada	CA	americas	54.027500	-132.125000	15	America/Vancouver	
ZND	Zinder Airport	Zinder	Niger	NE	africa	13.779000	8.983760	15	Africa/Niamey	
ZNE	Newman Airport	Newman	Australia	AU	oceania	-23.417801	119.803001	15	Australia/Perth	
ZNZ	Abeid Amani Karume International Airport	Kiembi Samaki	Tanzania	TZ	africa	-6.222020	39.224899	35	Africa/Dar_es_Salaam	HTAK | Zanzibar Airport | Zanzibar
ZOS	Cañal Bajo Carlos Hott Siebert Airport	Osorno	Chile	CL	americas	-40.611198	-73.060997	15	America/Santiago	
ZPB	Sachigo Lake Airport	Sachigo Lake	Canada	CA	americas	53.890885	-92.195935	5	America/Winnipeg	
ZPC	Pucón Airport	Pucon	Chile	CL	americas	-39.292801	-71.915901	5	America/Santiago	
ZQN	Queenstown Airport	Queenstown	New Zealand	NZ	oceania	-45.019205	168.746379	30	Pacific/Auckland	
ZQZ	Zhangjiakou Ningyuan Airport	Zhangjiakou	China	CN	asia	40.738664	114.933395	15	Asia/Shanghai	Zhangjiakou Air Base | ZZHA
ZRH	Zürich Airport	Zurich	Switzerland	CH	europe	47.458056	8.548056	80	Europe/Zurich	
ZRJ	Round Lake (Weagamow Lake) Airport	Round Lake	Canada	CA	americas	52.943600	-91.312798	5	America/Winnipeg	
ZSA	San Salvador International Airport	San Salvador	Bahamas	BS	americas	24.063041	-74.523233	35	America/Nassau	Cockburn Town Airport
ZSE	Saint-Pierre Pierrefonds Airport	St Pierre	Réunion	RE	africa	-21.319362	55.422506	30	Indian/Reunion	Aéroport de Saint-Pierre - Pierrefonds | Saint-Pierre
ZSJ	Sandy Lake Airport	Sandy Lake	Canada	CA	americas	53.064201	-93.344398	15	America/Winnipeg	
ZTB	Tête-à-la-Baleine Airport	Tete-a-la-Baleine	Canada	CA	americas	50.674400	-59.383598	5	America/Blanc-Sablon	TB6 | Tête-à-la-Baleine
ZTH	Zakynthos International Airport Dionysios Solomos	Zakynthos Island	Greece	GR	europe	37.750900	20.884300	20	Europe/Athens	Zakinthos | Zakynthos
ZTM	Shamattawa Airport	Shamattawa	Canada	CA	americas	55.863560	-92.081137	5	America/Winnipeg	
ZUH	Zhuhai Jinwan Airport	Zhuhai	China	CN	asia	22.006399	113.375999	30	Asia/Shanghai	Sanzao Airport
ZUM	Churchill Falls Airport	Churchill Falls	Canada	CA	americas	53.561901	-64.106400	5	America/Goose_Bay	ZUM
ZWL	Wollaston Lake Airport	Wollaston Lake	Canada	CA	americas	58.106899	-103.171997	5	America/Regina	
ZYI	Zunyi Xinzhou Airport	Zunyi	China	CN	asia	27.810723	107.247189	15	Asia/Shanghai	
ZYL	Osmany International Airport	Sylhet	Bangladesh	BD	asia	24.963993	91.864749	35	Asia/Dhaka	
